0 (108,56,-25) @(96,-32) draws=7
0 (111,152,-24) @(96,-32) draws=79
0 (102,113,-24) @(96,-32) draws=85
0 (104,99,-31) @(96,-32) draws=157
0 (109,52,-28) @(96,-32) draws=229
0 (104,108,-23) @(96,-32) draws=301
0 (108,46,-30) @(96,-32) draws=373
1 (99,186,-19) @(96,-32) draws=445
1 (100,193,-23) @(96,-32) draws=451
1 (101,262,-17) @(96,-32) draws=457
1 (108,30,-32) @(96,-32) draws=463
1 (99,30,-18) @(96,-32) draws=535
1 (109,108,-25) @(96,-32) draws=607
1 (104,85,-28) @(96,-32) draws=679
1 (105,223,-22) @(96,-32) draws=751
1 (100,205,-28) @(96,-32) draws=757
1 (105,-29,-25) @(96,-32) draws=763
1 (104,83,-23) @(96,-32) draws=835
1 (104,253,-19) @(96,-32) draws=907
1 (106,127,-18) @(96,-32) draws=913
1 (99,10,-23) @(96,-32) draws=985
3 (108,2,-24) @(96,-32) draws=1058
3 (110,3,-22) @(96,-32) draws=1192
5 (99,6,-23) @(96,-32) draws=1327
5 (102,5,-28) @(96,-32) draws=1461
7 (103,31,-25) @(96,-32) draws=1596
7 (106,34,-25) @(96,-32) draws=1730
8 (100,-9,-17) @(96,-32) draws=1864
8 (105,-36,-24) @(96,-32) draws=1998
9 (110,292,-27) @(96,-32) draws=2132
9 (103,243,-19) @(96,-32) draws=2138
9 (106,312,-32) @(96,-32) draws=2144
9 (103,302,-28) @(96,-32) draws=2150
9 (108,262,-22) @(96,-32) draws=2156
9 (101,264,-18) @(96,-32) draws=2162
9 (101,199,-25) @(96,-32) draws=2168
9 (110,153,-26) @(96,-32) draws=2174
9 (110,174,-24) @(96,-32) draws=2180
9 (97,234,-22) @(96,-32) draws=2186
9 (103,221,-26) @(96,-32) draws=2192
9 (99,316,-20) @(96,-32) draws=2198
9 (100,236,-19) @(96,-32) draws=2204
9 (96,262,-29) @(96,-32) draws=2210
9 (101,295,-26) @(96,-32) draws=2216
9 (105,199,-24) @(96,-32) draws=2222
9 (108,280,-25) @(96,-32) draws=2228
9 (99,168,-28) @(96,-32) draws=2234
9 (109,157,-27) @(96,-32) draws=2240
9 (97,138,-30) @(96,-32) draws=2246
9 (100,214,-18) @(96,-32) draws=2286
9 (97,194,-31) @(96,-32) draws=2292
9 (107,195,-30) @(96,-32) draws=2298
9 (111,152,-29) @(96,-32) draws=2304
9 (109,175,-22) @(96,-32) draws=2310
9 (109,219,-29) @(96,-32) draws=2316
9 (104,194,-23) @(96,-32) draws=2322
9 (97,273,-20) @(96,-32) draws=2328
9 (96,268,-22) @(96,-32) draws=2334
9 (102,315,-23) @(96,-32) draws=2340
10 (106,85,-31) @(96,-32) draws=2347
10 (105,93,-32) @(96,-32) draws=2399
10 (97,55,-22) @(96,-32) draws=2464
10 (100,73,-24) @(96,-32) draws=2531
10 (111,87,-24) @(96,-32) draws=2593
10 (109,86,-18) @(96,-32) draws=2660
10 (102,33,-20) @(96,-32) draws=2727
10 (106,157,-27) @(96,-32) draws=2792
10 (101,34,-25) @(96,-32) draws=2799
10 (109,91,-19) @(96,-32) draws=2863
10 (109,112,-22) @(96,-32) draws=2927
10 (102,114,-31) @(96,-32) draws=2990
10 (105,114,-26) @(96,-32) draws=3055
10 (101,162,-20) @(96,-32) draws=3114
10 (107,169,-27) @(96,-32) draws=3121
10 (103,45,-17) @(96,-32) draws=3128
10 (111,86,-21) @(96,-32) draws=3191
10 (107,45,-26) @(96,-32) draws=3250
10 (99,93,-29) @(96,-32) draws=3309
10 (99,95,-24) @(96,-32) draws=3374
11 (99,281,-25) @(96,-32) draws=3437
11 (100,276,-27) @(96,-32) draws=3444
11 (100,251,-26) @(96,-32) draws=3451
11 (109,243,-20) @(96,-32) draws=3458
11 (96,101,-32) @(96,-32) draws=3465
11 (103,336,-23) @(96,-32) draws=3490
11 (96,179,-23) @(96,-32) draws=3497
11 (105,249,-28) @(96,-32) draws=3504
11 (97,212,-25) @(96,-32) draws=3511
11 (111,96,-21) @(96,-32) draws=3518
11 (96,158,-26) @(96,-32) draws=3543
11 (104,133,-22) @(96,-32) draws=3550
11 (106,208,-17) @(96,-32) draws=3575
11 (110,236,-17) @(96,-32) draws=3582
11 (102,171,-27) @(96,-32) draws=3589
11 (111,205,-24) @(96,-32) draws=3596
11 (104,117,-17) @(96,-32) draws=3603
11 (105,171,-25) @(96,-32) draws=3628
11 (102,359,-18) @(96,-32) draws=3635
11 (99,296,-21) @(96,-32) draws=3642
11 (107,206,-22) @(96,-32) draws=3649
11 (111,189,-23) @(96,-32) draws=3656
11 (96,269,-32) @(96,-32) draws=3663
11 (99,196,-17) @(96,-32) draws=3670
11 (101,189,-32) @(96,-32) draws=3677
11 (97,169,-19) @(96,-32) draws=3684
11 (105,259,-25) @(96,-32) draws=3691
11 (108,169,-19) @(96,-32) draws=3698
11 (106,301,-25) @(96,-32) draws=3705
11 (98,373,-18) @(96,-32) draws=3712
11 (102,202,-21) @(96,-32) draws=3719
11 (99,285,-31) @(96,-32) draws=3726
11 (107,274,-28) @(96,-32) draws=3733
11 (96,159,-26) @(96,-32) draws=3740
11 (107,113,-24) @(96,-32) draws=3747
11 (104,366,-17) @(96,-32) draws=3772
11 (106,266,-27) @(96,-32) draws=3779
11 (110,295,-19) @(96,-32) draws=3786
11 (101,237,-32) @(96,-32) draws=3793
11 (108,243,-30) @(96,-32) draws=3800
11 (105,303,-17) @(96,-32) draws=3807
11 (110,202,-28) @(96,-32) draws=3814
11 (97,322,-25) @(96,-32) draws=3821
11 (101,279,-25) @(96,-32) draws=3828
11 (107,179,-23) @(96,-32) draws=3835
11 (98,320,-17) @(96,-32) draws=3842
11 (99,206,-26) @(96,-32) draws=3849
11 (105,274,-32) @(96,-32) draws=3856
11 (103,280,-18) @(96,-32) draws=3863
11 (110,215,-27) @(96,-32) draws=3870
11 (97,228,-22) @(96,-32) draws=3877
11 (111,292,-28) @(96,-32) draws=3884
11 (107,165,-32) @(96,-32) draws=3891
11 (97,172,-29) @(96,-32) draws=3898
11 (98,163,-32) @(96,-32) draws=3905
11 (100,222,-28) @(96,-32) draws=3912
11 (98,265,-25) @(96,-32) draws=3919
11 (108,130,-19) @(96,-32) draws=3926
11 (108,230,-20) @(96,-32) draws=3951
11 (110,246,-22) @(96,-32) draws=3958
11 (111,182,-21) @(96,-32) draws=3965
11 (98,208,-27) @(96,-32) draws=3972
11 (97,175,-28) @(96,-32) draws=3979
11 (111,365,-30) @(96,-32) draws=3986
11 (98,184,-24) @(96,-32) draws=3993
11 (101,300,-29) @(96,-32) draws=4000
11 (107,234,-27) @(96,-32) draws=4007
11 (106,191,-26) @(96,-32) draws=4014
11 (107,220,-25) @(96,-32) draws=4021
11 (101,113,-27) @(96,-32) draws=4028
11 (98,297,-32) @(96,-32) draws=4053
11 (102,256,-18) @(96,-32) draws=4060
11 (109,180,-31) @(96,-32) draws=4067
11 (101,221,-25) @(96,-32) draws=4074
11 (105,210,-19) @(96,-32) draws=4081
11 (101,252,-26) @(96,-32) draws=4088
11 (107,190,-20) @(96,-32) draws=4095
11 (99,282,-29) @(96,-32) draws=4102
11 (102,382,-26) @(96,-32) draws=4109
11 (99,301,-29) @(96,-32) draws=4116
11 (109,275,-28) @(96,-32) draws=4123
11 (98,219,-20) @(96,-32) draws=4130
11 (110,85,-29) @(96,-32) draws=4137
11 (109,212,-27) @(96,-32) draws=4162
11 (111,198,-25) @(96,-32) draws=4169
11 (101,346,-25) @(96,-32) draws=4176
11 (110,248,-19) @(96,-32) draws=4183
11 (101,265,-26) @(96,-32) draws=4190
11 (98,360,-28) @(96,-32) draws=4197
11 (97,244,-26) @(96,-32) draws=4204
12 (110,-5,-17) @(96,-32) draws=4211
12 (100,9,-19) @(96,-32) draws=4236
12 (104,9,-31) @(96,-32) draws=4261
12 (106,10,-25) @(96,-32) draws=4286
12 (104,20,-32) @(96,-32) draws=4311
12 (105,2,-20) @(96,-32) draws=4336
12 (107,-1,-26) @(96,-32) draws=4361
12 (105,-5,-27) @(96,-32) draws=4386
12 (100,52,-21) @(96,-32) draws=4411
12 (110,1,-26) @(96,-32) draws=4436
13 (106,30,-32) @(96,-32) draws=4460
13 (96,41,-25) @(96,-32) draws=4474
13 (96,25,-26) @(96,-32) draws=4488
13 (106,-26,-23) @(96,-32) draws=4502
13 (96,-10,-28) @(96,-32) draws=4516
13 (105,-60,-17) @(96,-32) draws=4530
13 (98,25,-18) @(96,-32) draws=4544
13 (111,-39,-17) @(96,-32) draws=4558
13 (104,25,-25) @(96,-32) draws=4572
13 (104,-36,-32) @(96,-32) draws=4586
14 (97,-11,-25) @(96,-32) draws=4601
14 (107,-34,-28) @(96,-32) draws=4630
14 (97,-17,-27) @(96,-32) draws=4655
14 (102,-18,-20) @(96,-32) draws=4687
15 (111,-59,-25) @(96,-32) draws=4718
16 (101,-26,-22) @(96,-32) draws=4748
16 (97,-1,-28) @(96,-32) draws=4770
16 (110,0,-29) @(96,-32) draws=4792
16 (111,-34,-17) @(96,-32) draws=4814
17 (101,-74,-32) @(96,-32) draws=4837
17 (110,-51,-20) @(96,-32) draws=4860
17 (101,-69,-18) @(96,-32) draws=4883
17 (107,-70,-28) @(96,-32) draws=4906
17 (107,-70,-27) @(96,-32) draws=4929
17 (101,-92,-30) @(96,-32) draws=4952
17 (103,-60,-19) @(96,-32) draws=4975
17 (99,-50,-23) @(96,-32) draws=4998
18 (104,-66,-17) @(96,-32) draws=5021
18 (108,-58,-30) @(96,-32) draws=5036
18 (106,-61,-29) @(96,-32) draws=5051
18 (103,-49,-31) @(96,-32) draws=5066
18 (111,-16,-21) @(96,-32) draws=5084
18 (105,-11,-24) @(96,-32) draws=5101
18 (103,-50,-27) @(96,-32) draws=5116
19 (106,-15,-22) @(96,-32) draws=5134
19 (103,-11,-25) @(96,-32) draws=5159
20 (99,-72,-27) @(96,-32) draws=5191
21 (104,-91,-20) @(96,-32) draws=5222
21 (103,-20,-22) @(96,-32) draws=5245
21 (96,-23,-24) @(96,-32) draws=5268
21 (108,-52,-28) @(96,-32) draws=5291
22 (99,19,-30) @(96,-32) draws=5314
22 (108,13,-18) @(96,-32) draws=5335
23 (97,53,-29) @(96,-32) draws=5355
23 (105,-42,-24) @(96,-32) draws=5375
23 (97,53,-30) @(96,-32) draws=5395
23 (108,58,-21) @(96,-32) draws=5415
24 (100,52,-25) @(96,-32) draws=5436
24 (96,55,-17) @(96,-32) draws=5440
24 (98,37,-19) @(96,-32) draws=5444
24 (106,53,-31) @(96,-32) draws=5448
24 (96,39,-25) @(96,-32) draws=5452
24 (100,-12,-21) @(96,-32) draws=5456
24 (102,56,-18) @(96,-32) draws=5460
24 (108,58,-23) @(96,-32) draws=5464
24 (103,45,-21) @(96,-32) draws=5468
24 (99,40,-23) @(96,-32) draws=5472
24 (104,72,-18) @(96,-32) draws=5476
24 (105,46,-21) @(96,-32) draws=5480
24 (106,15,-25) @(96,-32) draws=5484
24 (111,48,-22) @(96,-32) draws=5488
24 (99,66,-27) @(96,-32) draws=5492
24 (96,76,-28) @(96,-32) draws=5496
25 (98,37,-31) @(96,-32) draws=5500
25 (98,63,-30) @(96,-32) draws=5527
25 (96,-7,-20) @(96,-32) draws=5554
25 (99,11,-28) @(96,-32) draws=5581
25 (104,23,-19) @(96,-32) draws=5608
25 (106,18,-32) @(96,-32) draws=5635
25 (104,80,-22) @(96,-32) draws=5662
25 (102,31,-29) @(96,-32) draws=5689
25 (111,10,-23) @(96,-32) draws=5716
25 (110,9,-29) @(96,-32) draws=5743
25 (97,-4,-32) @(96,-32) draws=5770
25 (109,71,-22) @(96,-32) draws=5797
25 (97,26,-29) @(96,-32) draws=5824
25 (97,70,-28) @(96,-32) draws=5851
25 (107,79,-22) @(96,-32) draws=5878
25 (96,53,-23) @(96,-32) draws=5905
26 (104,-1,-25) @(96,-32) draws=5932
26 (106,-56,-23) @(96,-32) draws=5938
26 (111,28,-20) @(96,-32) draws=5941
26 (101,96,-20) @(96,-32) draws=5950
26 (104,-63,-29) @(96,-32) draws=5953
26 (108,114,-29) @(96,-32) draws=5956
26 (109,109,-28) @(96,-32) draws=5959
26 (104,2,-22) @(96,-32) draws=5962
26 (108,36,-18) @(96,-32) draws=5965
26 (103,74,-22) @(96,-32) draws=5968
26 (104,115,-20) @(96,-32) draws=5971
26 (96,0,-22) @(96,-32) draws=5977
26 (98,63,-27) @(96,-32) draws=5980
26 (99,-2,-31) @(96,-32) draws=5986
26 (105,88,-26) @(96,-32) draws=5992
26 (99,9,-23) @(96,-32) draws=5995
26 (97,42,-23) @(96,-32) draws=6007
26 (111,49,-24) @(96,-32) draws=6010
26 (105,103,-29) @(96,-32) draws=6013
26 (109,21,-19) @(96,-32) draws=6016
26 (99,-59,-27) @(96,-32) draws=6022
26 (110,-12,-17) @(96,-32) draws=6025
26 (111,26,-24) @(96,-32) draws=6034
26 (104,-55,-29) @(96,-32) draws=6037
26 (105,89,-25) @(96,-32) draws=6040
26 (105,-49,-18) @(96,-32) draws=6043
26 (110,131,-25) @(96,-32) draws=6046
26 (111,-17,-26) @(96,-32) draws=6049
26 (106,-53,-21) @(96,-32) draws=6052
26 (104,-24,-31) @(96,-32) draws=6055
26 (97,124,-19) @(96,-32) draws=6058
26 (96,74,-28) @(96,-32) draws=6061
26 (107,119,-26) @(96,-32) draws=6064
26 (104,30,-29) @(96,-32) draws=6067
26 (100,-4,-29) @(96,-32) draws=6070
26 (104,-33,-31) @(96,-32) draws=6073
26 (96,39,-18) @(96,-32) draws=6076
26 (102,126,-32) @(96,-32) draws=6079
26 (105,10,-26) @(96,-32) draws=6082
27 (97,162,-26) @(96,-32) draws=6085
27 (103,37,-22) @(96,-32) draws=6088
27 (96,17,-32) @(96,-32) draws=6160
27 (104,15,-28) @(96,-32) draws=6232
27 (111,9,-21) @(96,-32) draws=6235
27 (100,29,-17) @(96,-32) draws=6238
27 (111,73,-32) @(96,-32) draws=6310
27 (97,-64,-28) @(96,-32) draws=6382
27 (108,83,-32) @(96,-32) draws=6385
27 (103,234,-28) @(96,-32) draws=6457
27 (98,243,-28) @(96,-32) draws=6460
27 (104,-37,-21) @(96,-32) draws=6463
27 (100,208,-21) @(96,-32) draws=6466
27 (103,-35,-28) @(96,-32) draws=6469
27 (97,200,-23) @(96,-32) draws=6472
27 (104,168,-26) @(96,-32) draws=6475
27 (105,122,-32) @(96,-32) draws=6478
27 (99,99,-22) @(96,-32) draws=6550
27 (98,137,-17) @(96,-32) draws=6622
27 (106,231,-26) @(96,-32) draws=6625
27 (111,248,-25) @(96,-32) draws=6628
27 (103,215,-26) @(96,-32) draws=6631
27 (110,187,-28) @(96,-32) draws=6634
27 (110,60,-27) @(96,-32) draws=6637
27 (104,-37,-26) @(96,-32) draws=6709
27 (106,197,-18) @(96,-32) draws=6712
27 (108,218,-19) @(96,-32) draws=6715
27 (98,169,-26) @(96,-32) draws=6718
27 (99,206,-26) @(96,-32) draws=6721
27 (102,242,-23) @(96,-32) draws=6724
27 (110,242,-32) @(96,-32) draws=6727
27 (100,157,-30) @(96,-32) draws=6730
27 (107,254,-25) @(96,-32) draws=6733
27 (102,213,-17) @(96,-32) draws=6736
27 (108,168,-18) @(96,-32) draws=6739
27 (105,27,-32) @(96,-32) draws=6742
27 (102,7,-26) @(96,-32) draws=6814
27 (110,-51,-18) @(96,-32) draws=6817
27 (107,-61,-23) @(96,-32) draws=6820
27 (109,209,-29) @(96,-32) draws=6823
27 (97,85,-32) @(96,-32) draws=6826
27 (106,190,-18) @(96,-32) draws=6898
27 (99,-4,-32) @(96,-32) draws=6901
27 (111,-54,-28) @(96,-32) draws=6904
27 (108,-61,-22) @(96,-32) draws=6907
27 (99,132,-32) @(96,-32) draws=6910
28 (101,117,-26) @(96,-32) draws=6913
28 (110,217,-18) @(96,-32) draws=6916
28 (102,81,-32) @(96,-32) draws=6919
28 (106,254,-22) @(96,-32) draws=6922
28 (99,247,-17) @(96,-32) draws=6925
28 (111,94,-21) @(96,-32) draws=6928
28 (109,130,-27) @(96,-32) draws=6931
28 (104,156,-31) @(96,-32) draws=6934
28 (108,62,-24) @(96,-32) draws=6937
28 (105,79,-32) @(96,-32) draws=6940
28 (108,102,-25) @(96,-32) draws=6943
28 (101,188,-31) @(96,-32) draws=6946
28 (97,34,-20) @(96,-32) draws=6949
28 (110,184,-20) @(96,-32) draws=6952
28 (98,176,-26) @(96,-32) draws=6955
28 (104,163,-23) @(96,-32) draws=6958
28 (96,218,-25) @(96,-32) draws=6961
28 (108,115,-31) @(96,-32) draws=6964
28 (98,216,-30) @(96,-32) draws=6967
28 (110,55,-22) @(96,-32) draws=6970
28 (102,207,-25) @(96,-32) draws=6973
28 (105,141,-28) @(96,-32) draws=6976
28 (109,154,-22) @(96,-32) draws=6979
28 (100,115,-27) @(96,-32) draws=6982
28 (104,198,-26) @(96,-32) draws=6985
28 (106,182,-20) @(96,-32) draws=6988
28 (97,248,-27) @(96,-32) draws=6991
28 (105,217,-17) @(96,-32) draws=6994
28 (109,145,-18) @(96,-32) draws=6997
28 (98,115,-17) @(96,-32) draws=7000
28 (103,55,-31) @(96,-32) draws=7003
28 (96,48,-26) @(96,-32) draws=7006
28 (110,234,-17) @(96,-32) draws=7009
28 (98,77,-30) @(96,-32) draws=7012
28 (100,244,-19) @(96,-32) draws=7015
28 (110,140,-18) @(96,-32) draws=7018
28 (104,61,-21) @(96,-32) draws=7021
28 (98,197,-30) @(96,-32) draws=7024
28 (105,147,-32) @(96,-32) draws=7027
28 (96,227,-32) @(96,-32) draws=7030
28 (101,235,-25) @(96,-32) draws=7033
28 (106,48,-32) @(96,-32) draws=7036
28 (110,159,-19) @(96,-32) draws=7039
28 (107,246,-23) @(96,-32) draws=7042
28 (97,203,-18) @(96,-32) draws=7045
28 (102,178,-32) @(96,-32) draws=7048
28 (104,153,-32) @(96,-32) draws=7051
28 (98,240,-22) @(96,-32) draws=7054
28 (103,114,-28) @(96,-32) draws=7057
28 (108,120,-28) @(96,-32) draws=7060
0 (125,35,-29) @(112,-32) draws=7
0 (126,94,-29) @(112,-32) draws=79
0 (119,113,-21) @(112,-32) draws=151
0 (113,26,-17) @(112,-32) draws=223
0 (120,12,-26) @(112,-32) draws=295
0 (124,26,-18) @(112,-32) draws=367
0 (112,122,-30) @(112,-32) draws=439
1 (121,51,-22) @(112,-32) draws=511
1 (114,305,-21) @(112,-32) draws=583
1 (124,-27,-29) @(112,-32) draws=589
1 (124,273,-17) @(112,-32) draws=661
1 (123,151,-27) @(112,-32) draws=667
1 (118,-58,-18) @(112,-32) draws=673
1 (120,107,-25) @(112,-32) draws=745
1 (113,45,-32) @(112,-32) draws=817
1 (122,303,-28) @(112,-32) draws=889
1 (114,304,-24) @(112,-32) draws=895
1 (119,164,-32) @(112,-32) draws=901
1 (116,57,-26) @(112,-32) draws=907
1 (124,192,-24) @(112,-32) draws=979
1 (124,209,-26) @(112,-32) draws=985
3 (127,57,-22) @(112,-32) draws=992
3 (119,28,-31) @(112,-32) draws=1126
5 (115,16,-22) @(112,-32) draws=1261
5 (119,16,-32) @(112,-32) draws=1395
7 (119,41,-22) @(112,-32) draws=1530
7 (113,60,-17) @(112,-32) draws=1664
8 (124,-7,-25) @(112,-32) draws=1798
8 (125,-53,-21) @(112,-32) draws=1932
9 (118,289,-17) @(112,-32) draws=2066
9 (117,240,-26) @(112,-32) draws=2072
9 (126,288,-26) @(112,-32) draws=2078
9 (122,279,-29) @(112,-32) draws=2084
9 (113,192,-28) @(112,-32) draws=2090
9 (119,223,-30) @(112,-32) draws=2096
9 (127,208,-28) @(112,-32) draws=2102
9 (126,306,-26) @(112,-32) draws=2108
9 (121,291,-32) @(112,-32) draws=2114
9 (122,289,-23) @(112,-32) draws=2120
9 (127,279,-18) @(112,-32) draws=2126
9 (114,233,-17) @(112,-32) draws=2132
9 (124,167,-23) @(112,-32) draws=2138
9 (117,230,-24) @(112,-32) draws=2144
9 (125,238,-29) @(112,-32) draws=2150
9 (124,261,-19) @(112,-32) draws=2156
9 (113,214,-19) @(112,-32) draws=2162
9 (118,258,-29) @(112,-32) draws=2168
9 (121,300,-19) @(112,-32) draws=2174
9 (127,254,-18) @(112,-32) draws=2180
9 (123,156,-32) @(112,-32) draws=2186
9 (114,137,-18) @(112,-32) draws=2192
9 (124,198,-30) @(112,-32) draws=2232
9 (124,312,-25) @(112,-32) draws=2238
9 (123,267,-20) @(112,-32) draws=2244
9 (114,165,-28) @(112,-32) draws=2250
9 (126,218,-22) @(112,-32) draws=2256
9 (112,241,-21) @(112,-32) draws=2262
9 (118,217,-20) @(112,-32) draws=2268
9 (116,289,-28) @(112,-32) draws=2274
10 (122,90,-18) @(112,-32) draws=2281
10 (113,119,-30) @(112,-32) draws=2344
10 (117,55,-25) @(112,-32) draws=2410
10 (113,28,-28) @(112,-32) draws=2471
10 (116,135,-29) @(112,-32) draws=2531
10 (127,125,-22) @(112,-32) draws=2586
10 (112,117,-22) @(112,-32) draws=2650
10 (115,141,-25) @(112,-32) draws=2713
10 (119,82,-22) @(112,-32) draws=2754
10 (127,156,-17) @(112,-32) draws=2819
10 (124,93,-29) @(112,-32) draws=2826
10 (118,158,-21) @(112,-32) draws=2873
10 (125,103,-22) @(112,-32) draws=2880
10 (127,44,-28) @(112,-32) draws=2941
10 (123,104,-21) @(112,-32) draws=3000
10 (124,100,-25) @(112,-32) draws=3060
10 (115,149,-32) @(112,-32) draws=3126
10 (117,44,-24) @(112,-32) draws=3133
10 (119,76,-17) @(112,-32) draws=3200
10 (127,74,-26) @(112,-32) draws=3263
11 (119,111,-20) @(112,-32) draws=3328
11 (119,148,-21) @(112,-32) draws=3353
11 (127,358,-17) @(112,-32) draws=3360
11 (117,344,-20) @(112,-32) draws=3367
11 (120,228,-32) @(112,-32) draws=3374
11 (127,201,-32) @(112,-32) draws=3381
11 (114,248,-17) @(112,-32) draws=3388
11 (116,319,-18) @(112,-32) draws=3395
11 (113,291,-20) @(112,-32) draws=3402
11 (116,248,-17) @(112,-32) draws=3409
11 (112,227,-17) @(112,-32) draws=3416
11 (119,166,-29) @(112,-32) draws=3423
11 (116,219,-25) @(112,-32) draws=3430
11 (125,214,-32) @(112,-32) draws=3437
11 (124,163,-22) @(112,-32) draws=3444
11 (112,237,-20) @(112,-32) draws=3451
11 (123,146,-22) @(112,-32) draws=3458
11 (115,301,-28) @(112,-32) draws=3465
11 (119,262,-21) @(112,-32) draws=3472
11 (121,262,-17) @(112,-32) draws=3479
11 (126,234,-29) @(112,-32) draws=3486
11 (125,274,-31) @(112,-32) draws=3493
11 (114,265,-28) @(112,-32) draws=3500
11 (119,268,-24) @(112,-32) draws=3507
11 (115,302,-20) @(112,-32) draws=3514
11 (124,253,-25) @(112,-32) draws=3521
11 (120,216,-31) @(112,-32) draws=3528
11 (120,216,-25) @(112,-32) draws=3535
11 (122,171,-26) @(112,-32) draws=3542
11 (126,368,-31) @(112,-32) draws=3549
11 (112,266,-22) @(112,-32) draws=3556
11 (116,339,-31) @(112,-32) draws=3563
11 (126,163,-21) @(112,-32) draws=3570
11 (114,271,-19) @(112,-32) draws=3577
11 (126,192,-32) @(112,-32) draws=3584
11 (112,111,-30) @(112,-32) draws=3591
11 (116,217,-19) @(112,-32) draws=3616
11 (116,190,-21) @(112,-32) draws=3623
11 (118,186,-28) @(112,-32) draws=3630
11 (112,115,-25) @(112,-32) draws=3637
11 (119,286,-23) @(112,-32) draws=3662
11 (123,268,-31) @(112,-32) draws=3669
11 (119,227,-26) @(112,-32) draws=3676
11 (116,201,-21) @(112,-32) draws=3683
11 (118,311,-19) @(112,-32) draws=3690
11 (120,154,-29) @(112,-32) draws=3697
11 (114,222,-24) @(112,-32) draws=3704
11 (119,305,-28) @(112,-32) draws=3711
11 (123,356,-24) @(112,-32) draws=3718
11 (117,178,-25) @(112,-32) draws=3725
11 (125,166,-26) @(112,-32) draws=3732
11 (124,286,-21) @(112,-32) draws=3739
11 (118,267,-22) @(112,-32) draws=3746
11 (113,321,-28) @(112,-32) draws=3753
11 (120,176,-31) @(112,-32) draws=3760
11 (121,211,-17) @(112,-32) draws=3767
11 (127,215,-32) @(112,-32) draws=3774
11 (122,225,-24) @(112,-32) draws=3781
11 (112,213,-25) @(112,-32) draws=3788
11 (123,201,-27) @(112,-32) draws=3795
11 (121,263,-31) @(112,-32) draws=3802
11 (127,210,-27) @(112,-32) draws=3809
11 (119,290,-24) @(112,-32) draws=3816
11 (112,245,-20) @(112,-32) draws=3823
11 (112,288,-28) @(112,-32) draws=3830
11 (125,233,-26) @(112,-32) draws=3837
11 (117,257,-29) @(112,-32) draws=3844
11 (113,259,-22) @(112,-32) draws=3851
11 (117,265,-26) @(112,-32) draws=3858
11 (127,212,-17) @(112,-32) draws=3865
11 (117,228,-26) @(112,-32) draws=3872
11 (120,239,-19) @(112,-32) draws=3879
11 (122,170,-30) @(112,-32) draws=3886
11 (122,190,-19) @(112,-32) draws=3893
11 (112,278,-23) @(112,-32) draws=3900
11 (122,244,-29) @(112,-32) draws=3907
11 (121,254,-31) @(112,-32) draws=3914
11 (125,164,-23) @(112,-32) draws=3921
11 (126,180,-29) @(112,-32) draws=3928
11 (117,325,-27) @(112,-32) draws=3935
11 (113,137,-29) @(112,-32) draws=3942
11 (123,152,-18) @(112,-32) draws=3967
11 (118,217,-18) @(112,-32) draws=3974
11 (125,121,-31) @(112,-32) draws=3981
11 (122,250,-28) @(112,-32) draws=4006
11 (122,304,-23) @(112,-32) draws=4013
11 (118,150,-29) @(112,-32) draws=4020
11 (112,234,-27) @(112,-32) draws=4027
11 (125,239,-30) @(112,-32) draws=4034
11 (120,217,-27) @(112,-32) draws=4041
12 (117,-1,-27) @(112,-32) draws=4048
12 (125,39,-22) @(112,-32) draws=4073
12 (113,21,-30) @(112,-32) draws=4098
12 (114,11,-29) @(112,-32) draws=4123
12 (124,-5,-32) @(112,-32) draws=4148
12 (115,20,-30) @(112,-32) draws=4173
12 (118,-16,-19) @(112,-32) draws=4198
12 (121,14,-19) @(112,-32) draws=4223
12 (115,43,-25) @(112,-32) draws=4248
12 (126,25,-20) @(112,-32) draws=4273
13 (114,53,-26) @(112,-32) draws=4297
13 (126,53,-24) @(112,-32) draws=4311
13 (120,25,-26) @(112,-32) draws=4325
13 (119,-9,-25) @(112,-32) draws=4339
13 (116,5,-19) @(112,-32) draws=4353
13 (115,-34,-28) @(112,-32) draws=4367
13 (122,70,-18) @(112,-32) draws=4381
13 (121,8,-18) @(112,-32) draws=4395
13 (123,51,-22) @(112,-32) draws=4409
13 (114,-56,-29) @(112,-32) draws=4423
14 (125,-24,-24) @(112,-32) draws=4438
14 (114,-19,-21) @(112,-32) draws=4471
14 (126,-19,-27) @(112,-32) draws=4504
14 (119,-39,-18) @(112,-32) draws=4538
16 (119,2,-17) @(112,-32) draws=4567
16 (119,-61,-30) @(112,-32) draws=4589
16 (124,-17,-26) @(112,-32) draws=4611
16 (117,-8,-25) @(112,-32) draws=4633
17 (121,-49,-28) @(112,-32) draws=4656
17 (117,-54,-31) @(112,-32) draws=4679
17 (118,-78,-20) @(112,-32) draws=4702
17 (118,-92,-32) @(112,-32) draws=4725
17 (126,-89,-23) @(112,-32) draws=4748
17 (119,-80,-17) @(112,-32) draws=4771
17 (123,-59,-25) @(112,-32) draws=4794
17 (115,-64,-24) @(112,-32) draws=4817
18 (120,-65,-32) @(112,-32) draws=4840
18 (125,-17,-28) @(112,-32) draws=4855
18 (116,-36,-25) @(112,-32) draws=4871
18 (118,-79,-31) @(112,-32) draws=4886
18 (120,-77,-29) @(112,-32) draws=4901
18 (125,-114,-24) @(112,-32) draws=4916
18 (127,-29,-18) @(112,-32) draws=4931
19 (125,-51,-29) @(112,-32) draws=4947
19 (113,-30,-32) @(112,-32) draws=4974
21 (112,-75,-24) @(112,-32) draws=5001
21 (116,-56,-32) @(112,-32) draws=5024
21 (123,-66,-28) @(112,-32) draws=5047
21 (112,-74,-29) @(112,-32) draws=5070
22 (121,26,-21) @(112,-32) draws=5093
22 (125,-25,-23) @(112,-32) draws=5114
23 (121,-58,-18) @(112,-32) draws=5134
23 (126,-11,-20) @(112,-32) draws=5154
23 (118,-18,-32) @(112,-32) draws=5174
23 (121,-59,-21) @(112,-32) draws=5194
24 (123,60,-26) @(112,-32) draws=5215
24 (117,5,-29) @(112,-32) draws=5219
24 (121,39,-29) @(112,-32) draws=5223
24 (123,-6,-29) @(112,-32) draws=5227
24 (120,76,-31) @(112,-32) draws=5231
24 (112,57,-23) @(112,-32) draws=5235
24 (127,-3,-27) @(112,-32) draws=5239
24 (117,79,-23) @(112,-32) draws=5243
24 (115,46,-32) @(112,-32) draws=5247
24 (124,81,-31) @(112,-32) draws=5251
24 (115,33,-30) @(112,-32) draws=5255
24 (113,73,-27) @(112,-32) draws=5259
24 (115,42,-27) @(112,-32) draws=5263
24 (115,62,-29) @(112,-32) draws=5267
24 (119,21,-30) @(112,-32) draws=5271
24 (123,83,-20) @(112,-32) draws=5275
25 (121,35,-31) @(112,-32) draws=5279
25 (127,51,-29) @(112,-32) draws=5306
25 (122,75,-17) @(112,-32) draws=5333
25 (115,46,-17) @(112,-32) draws=5360
25 (119,88,-19) @(112,-32) draws=5387
25 (115,17,-31) @(112,-32) draws=5414
25 (127,40,-22) @(112,-32) draws=5441
25 (122,30,-18) @(112,-32) draws=5468
25 (114,59,-27) @(112,-32) draws=5495
25 (116,69,-30) @(112,-32) draws=5522
25 (120,33,-26) @(112,-32) draws=5549
25 (114,30,-18) @(112,-32) draws=5576
25 (117,44,-24) @(112,-32) draws=5603
25 (120,67,-17) @(112,-32) draws=5630
25 (122,-5,-25) @(112,-32) draws=5657
25 (115,61,-26) @(112,-32) draws=5684
26 (123,60,-25) @(112,-32) draws=5714
26 (117,-32,-32) @(112,-32) draws=5723
26 (116,-47,-31) @(112,-32) draws=5726
26 (124,2,-20) @(112,-32) draws=5729
26 (127,65,-31) @(112,-32) draws=5747
26 (125,125,-27) @(112,-32) draws=5750
26 (120,83,-29) @(112,-32) draws=5753
26 (117,-31,-26) @(112,-32) draws=5765
26 (112,108,-21) @(112,-32) draws=5768
26 (117,54,-29) @(112,-32) draws=5771
26 (117,112,-23) @(112,-32) draws=5777
26 (119,-41,-21) @(112,-32) draws=5780
26 (122,-30,-17) @(112,-32) draws=5789
26 (113,30,-19) @(112,-32) draws=5795
26 (112,-44,-29) @(112,-32) draws=5798
26 (120,-45,-21) @(112,-32) draws=5801
26 (127,121,-20) @(112,-32) draws=5804
26 (127,-44,-25) @(112,-32) draws=5819
26 (124,100,-30) @(112,-32) draws=5825
26 (123,56,-23) @(112,-32) draws=5828
26 (121,56,-32) @(112,-32) draws=5831
26 (127,27,-30) @(112,-32) draws=5834
26 (117,62,-21) @(112,-32) draws=5837
26 (112,26,-27) @(112,-32) draws=5840
26 (122,23,-20) @(112,-32) draws=5846
26 (127,-57,-24) @(112,-32) draws=5849
27 (120,256,-23) @(112,-32) draws=5852
27 (119,104,-27) @(112,-32) draws=5855
27 (115,178,-22) @(112,-32) draws=5927
27 (115,139,-29) @(112,-32) draws=5930
27 (126,75,-17) @(112,-32) draws=5933
27 (121,-16,-23) @(112,-32) draws=6005
27 (126,182,-21) @(112,-32) draws=6008
27 (126,222,-21) @(112,-32) draws=6011
27 (117,160,-30) @(112,-32) draws=6014
27 (126,-57,-29) @(112,-32) draws=6017
27 (120,142,-20) @(112,-32) draws=6020
27 (121,220,-23) @(112,-32) draws=6023
27 (118,120,-22) @(112,-32) draws=6026
27 (118,216,-29) @(112,-32) draws=6098
27 (122,-47,-30) @(112,-32) draws=6101
27 (114,-47,-25) @(112,-32) draws=6104
27 (120,199,-17) @(112,-32) draws=6107
27 (113,172,-17) @(112,-32) draws=6110
27 (121,210,-30) @(112,-32) draws=6113
27 (125,91,-29) @(112,-32) draws=6116
27 (122,124,-17) @(112,-32) draws=6188
27 (119,85,-29) @(112,-32) draws=6191
27 (117,62,-18) @(112,-32) draws=6263
27 (121,60,-24) @(112,-32) draws=6335
27 (118,100,-17) @(112,-32) draws=6407
27 (122,239,-29) @(112,-32) draws=6479
27 (117,12,-17) @(112,-32) draws=6482
27 (114,174,-17) @(112,-32) draws=6485
27 (119,117,-17) @(112,-32) draws=6488
27 (124,165,-26) @(112,-32) draws=6560
27 (118,23,-23) @(112,-32) draws=6563
27 (114,134,-26) @(112,-32) draws=6635
27 (112,1,-26) @(112,-32) draws=6638
27 (115,-19,-20) @(112,-32) draws=6641
27 (112,194,-26) @(112,-32) draws=6644
27 (114,207,-23) @(112,-32) draws=6647
27 (119,77,-25) @(112,-32) draws=6650
27 (124,140,-31) @(112,-32) draws=6722
27 (119,224,-29) @(112,-32) draws=6725
27 (125,229,-24) @(112,-32) draws=6728
27 (117,38,-20) @(112,-32) draws=6731
27 (119,209,-27) @(112,-32) draws=6803
27 (122,255,-21) @(112,-32) draws=6806
27 (112,-61,-25) @(112,-32) draws=6809
27 (116,-36,-20) @(112,-32) draws=6812
27 (127,172,-26) @(112,-32) draws=6815
28 (123,68,-22) @(112,-32) draws=6818
28 (121,59,-19) @(112,-32) draws=6821
28 (122,96,-24) @(112,-32) draws=6824
28 (125,40,-22) @(112,-32) draws=6827
28 (124,224,-21) @(112,-32) draws=6830
28 (127,160,-22) @(112,-32) draws=6833
28 (114,124,-23) @(112,-32) draws=6836
28 (127,81,-31) @(112,-32) draws=6839
28 (114,245,-18) @(112,-32) draws=6842
28 (115,188,-31) @(112,-32) draws=6845
28 (127,51,-18) @(112,-32) draws=6848
28 (124,190,-17) @(112,-32) draws=6851
28 (116,227,-22) @(112,-32) draws=6854
28 (124,166,-24) @(112,-32) draws=6857
28 (121,198,-28) @(112,-32) draws=6860
28 (114,256,-24) @(112,-32) draws=6863
28 (123,144,-26) @(112,-32) draws=6866
28 (112,171,-23) @(112,-32) draws=6869
28 (113,100,-29) @(112,-32) draws=6872
28 (121,80,-32) @(112,-32) draws=6875
28 (118,76,-31) @(112,-32) draws=6878
28 (117,39,-31) @(112,-32) draws=6881
28 (126,130,-28) @(112,-32) draws=6884
28 (114,97,-21) @(112,-32) draws=6887
28 (121,34,-17) @(112,-32) draws=6890
28 (118,42,-18) @(112,-32) draws=6893
28 (113,50,-32) @(112,-32) draws=6896
28 (113,136,-29) @(112,-32) draws=6899
28 (120,108,-19) @(112,-32) draws=6902
28 (126,253,-20) @(112,-32) draws=6905
28 (121,113,-32) @(112,-32) draws=6908
28 (127,179,-24) @(112,-32) draws=6911
28 (124,97,-21) @(112,-32) draws=6914
28 (120,135,-23) @(112,-32) draws=6917
28 (113,48,-23) @(112,-32) draws=6920
28 (124,88,-25) @(112,-32) draws=6923
28 (118,33,-19) @(112,-32) draws=6926
28 (123,102,-21) @(112,-32) draws=6929
28 (117,138,-28) @(112,-32) draws=6932
28 (123,139,-21) @(112,-32) draws=6935
28 (113,177,-26) @(112,-32) draws=6938
28 (127,71,-30) @(112,-32) draws=6941
28 (118,243,-31) @(112,-32) draws=6944
28 (120,233,-21) @(112,-32) draws=6947
28 (120,214,-26) @(112,-32) draws=6950
28 (114,83,-31) @(112,-32) draws=6953
28 (123,235,-31) @(112,-32) draws=6956
28 (114,159,-27) @(112,-32) draws=6959
28 (118,53,-22) @(112,-32) draws=6962
28 (120,191,-28) @(112,-32) draws=6965
0 (119,61,-7) @(112,-16) draws=7
0 (116,53,-1) @(112,-16) draws=79
0 (115,121,-13) @(112,-16) draws=151
0 (120,53,-8) @(112,-16) draws=223
0 (118,85,-9) @(112,-16) draws=295
0 (123,109,-11) @(112,-16) draws=367
0 (120,87,-9) @(112,-16) draws=439
1 (117,4,-10) @(112,-16) draws=511
1 (126,154,-15) @(112,-16) draws=583
1 (127,56,-13) @(112,-16) draws=589
1 (116,184,-5) @(112,-16) draws=661
1 (122,18,-15) @(112,-16) draws=667
1 (112,309,-5) @(112,-16) draws=739
1 (119,47,-3) @(112,-16) draws=745
1 (122,268,-9) @(112,-16) draws=817
1 (118,262,-15) @(112,-16) draws=823
1 (121,64,-11) @(112,-16) draws=829
1 (118,99,-3) @(112,-16) draws=901
1 (113,47,-10) @(112,-16) draws=973
1 (117,219,-9) @(112,-16) draws=1045
1 (120,79,-15) @(112,-16) draws=1051
3 (123,24,-10) @(112,-16) draws=1124
3 (122,55,-7) @(112,-16) draws=1258
5 (120,56,-1) @(112,-16) draws=1393
5 (127,23,-6) @(112,-16) draws=1527
7 (126,11,-5) @(112,-16) draws=1662
7 (124,57,-12) @(112,-16) draws=1796
8 (119,-53,-5) @(112,-16) draws=1930
8 (123,-52,-13) @(112,-16) draws=2064
9 (124,261,-4) @(112,-16) draws=2198
9 (123,224,-4) @(112,-16) draws=2204
9 (121,221,-1) @(112,-16) draws=2210
9 (115,307,-6) @(112,-16) draws=2216
9 (122,201,-14) @(112,-16) draws=2222
9 (117,293,-1) @(112,-16) draws=2228
9 (115,197,-9) @(112,-16) draws=2234
9 (113,202,-8) @(112,-16) draws=2240
9 (117,278,-2) @(112,-16) draws=2246
9 (114,212,-8) @(112,-16) draws=2252
9 (124,212,-14) @(112,-16) draws=2258
9 (124,209,-16) @(112,-16) draws=2264
9 (114,247,-12) @(112,-16) draws=2270
9 (120,223,-10) @(112,-16) draws=2276
9 (120,144,-4) @(112,-16) draws=2282
9 (120,239,-15) @(112,-16) draws=2288
9 (122,228,-10) @(112,-16) draws=2294
9 (119,238,-12) @(112,-16) draws=2300
9 (115,141,-12) @(112,-16) draws=2306
9 (119,277,-1) @(112,-16) draws=2312
9 (118,171,-8) @(112,-16) draws=2318
9 (120,281,-9) @(112,-16) draws=2324
9 (122,182,-1) @(112,-16) draws=2330
9 (126,312,-4) @(112,-16) draws=2336
9 (117,278,-16) @(112,-16) draws=2342
9 (114,319,-14) @(112,-16) draws=2348
9 (118,205,-14) @(112,-16) draws=2354
9 (120,211,-4) @(112,-16) draws=2360
9 (119,287,-12) @(112,-16) draws=2366
9 (124,246,-11) @(112,-16) draws=2372
10 (127,112,-2) @(112,-16) draws=2379
10 (121,98,-3) @(112,-16) draws=2440
10 (117,124,-14) @(112,-16) draws=2500
10 (126,61,-2) @(112,-16) draws=2567
10 (113,129,-7) @(112,-16) draws=2626
10 (127,158,-1) @(112,-16) draws=2685
10 (112,26,-7) @(112,-16) draws=2692
10 (114,144,-15) @(112,-16) draws=2751
10 (122,87,-3) @(112,-16) draws=2758
10 (125,55,-16) @(112,-16) draws=2821
10 (120,140,-16) @(112,-16) draws=2880
10 (114,157,-14) @(112,-16) draws=2921
10 (114,156,-6) @(112,-16) draws=2928
10 (116,104,-13) @(112,-16) draws=2935
10 (114,73,-11) @(112,-16) draws=2999
10 (112,128,-14) @(112,-16) draws=3065
10 (124,111,-11) @(112,-16) draws=3122
10 (125,108,-5) @(112,-16) draws=3165
10 (117,91,-14) @(112,-16) draws=3231
10 (123,72,-6) @(112,-16) draws=3295
11 (122,234,-1) @(112,-16) draws=3352
11 (122,251,-6) @(112,-16) draws=3359
11 (122,223,-3) @(112,-16) draws=3366
11 (112,241,-15) @(112,-16) draws=3373
11 (126,147,-10) @(112,-16) draws=3380
11 (123,212,-7) @(112,-16) draws=3387
11 (115,212,-6) @(112,-16) draws=3394
11 (115,227,-5) @(112,-16) draws=3401
11 (117,169,-6) @(112,-16) draws=3408
11 (121,353,-14) @(112,-16) draws=3415
11 (117,193,-5) @(112,-16) draws=3422
11 (124,153,-10) @(112,-16) draws=3429
11 (125,288,-1) @(112,-16) draws=3436
11 (123,302,-1) @(112,-16) draws=3443
11 (113,177,-3) @(112,-16) draws=3450
11 (113,248,-7) @(112,-16) draws=3457
11 (124,236,-14) @(112,-16) draws=3464
11 (112,177,-14) @(112,-16) draws=3471
11 (118,250,-13) @(112,-16) draws=3478
11 (121,247,-12) @(112,-16) draws=3485
11 (119,308,-8) @(112,-16) draws=3492
11 (124,226,-16) @(112,-16) draws=3499
11 (113,367,-5) @(112,-16) draws=3506
11 (121,379,-3) @(112,-16) draws=3513
11 (125,264,-15) @(112,-16) draws=3520
11 (119,178,-10) @(112,-16) draws=3527
11 (127,274,-2) @(112,-16) draws=3534
11 (126,241,-16) @(112,-16) draws=3541
11 (124,336,-11) @(112,-16) draws=3548
11 (121,176,-6) @(112,-16) draws=3555
11 (120,198,-12) @(112,-16) draws=3562
11 (114,94,-16) @(112,-16) draws=3569
11 (118,181,-9) @(112,-16) draws=3594
11 (126,192,-2) @(112,-16) draws=3601
11 (117,202,-4) @(112,-16) draws=3608
11 (114,179,-5) @(112,-16) draws=3615
11 (127,173,-3) @(112,-16) draws=3622
11 (123,199,-8) @(112,-16) draws=3629
11 (115,223,-9) @(112,-16) draws=3636
11 (113,203,-3) @(112,-16) draws=3643
11 (121,180,-13) @(112,-16) draws=3650
11 (118,292,-13) @(112,-16) draws=3657
11 (123,259,-4) @(112,-16) draws=3664
11 (125,90,-14) @(112,-16) draws=3671
11 (122,184,-11) @(112,-16) draws=3696
11 (123,107,-5) @(112,-16) draws=3703
11 (127,326,-1) @(112,-16) draws=3728
11 (119,262,-3) @(112,-16) draws=3735
11 (124,216,-15) @(112,-16) draws=3742
11 (119,212,-1) @(112,-16) draws=3749
11 (121,178,-3) @(112,-16) draws=3756
11 (127,282,-14) @(112,-16) draws=3763
11 (123,251,-1) @(112,-16) draws=3770
11 (119,313,-2) @(112,-16) draws=3777
11 (123,149,-2) @(112,-16) draws=3784
11 (121,216,-7) @(112,-16) draws=3791
11 (124,154,-8) @(112,-16) draws=3798
11 (121,273,-4) @(112,-16) draws=3805
11 (114,381,-9) @(112,-16) draws=3812
11 (122,242,-6) @(112,-16) draws=3819
11 (119,241,-11) @(112,-16) draws=3826
11 (119,213,-12) @(112,-16) draws=3833
11 (120,165,-15) @(112,-16) draws=3840
11 (114,223,-7) @(112,-16) draws=3847
11 (112,251,-4) @(112,-16) draws=3854
11 (113,306,-3) @(112,-16) draws=3861
11 (119,316,-14) @(112,-16) draws=3868
11 (121,320,-4) @(112,-16) draws=3875
11 (127,277,-16) @(112,-16) draws=3882
11 (114,186,-4) @(112,-16) draws=3889
11 (124,346,-15) @(112,-16) draws=3896
11 (116,130,-3) @(112,-16) draws=3903
11 (112,161,-11) @(112,-16) draws=3928
11 (125,156,-9) @(112,-16) draws=3935
11 (124,266,-9) @(112,-16) draws=3942
11 (116,252,-7) @(112,-16) draws=3949
11 (118,239,-4) @(112,-16) draws=3956
11 (122,200,-16) @(112,-16) draws=3963
11 (125,159,-6) @(112,-16) draws=3970
11 (126,161,-14) @(112,-16) draws=3977
11 (115,260,-9) @(112,-16) draws=3984
11 (124,167,-10) @(112,-16) draws=3991
11 (126,224,-3) @(112,-16) draws=3998
11 (118,103,-16) @(112,-16) draws=4005
11 (118,225,-7) @(112,-16) draws=4030
11 (112,242,-4) @(112,-16) draws=4037
11 (119,179,-9) @(112,-16) draws=4044
11 (121,236,-4) @(112,-16) draws=4051
11 (117,189,-12) @(112,-16) draws=4058
11 (121,229,-9) @(112,-16) draws=4065
12 (125,22,-13) @(112,-16) draws=4072
12 (119,-19,-10) @(112,-16) draws=4097
12 (121,-5,-10) @(112,-16) draws=4122
12 (118,-9,-6) @(112,-16) draws=4147
12 (115,16,-15) @(112,-16) draws=4172
12 (124,-3,-16) @(112,-16) draws=4197
12 (123,-11,-2) @(112,-16) draws=4222
12 (122,-2,-3) @(112,-16) draws=4247
12 (121,34,-15) @(112,-16) draws=4272
12 (119,-1,-9) @(112,-16) draws=4297
13 (124,-45,-6) @(112,-16) draws=4321
13 (119,66,-3) @(112,-16) draws=4335
13 (122,-55,-8) @(112,-16) draws=4349
13 (126,-56,-3) @(112,-16) draws=4363
13 (113,39,-11) @(112,-16) draws=4377
13 (124,38,-4) @(112,-16) draws=4391
13 (115,38,-12) @(112,-16) draws=4405
13 (127,-26,-9) @(112,-16) draws=4419
13 (120,-52,-4) @(112,-16) draws=4433
13 (116,6,-14) @(112,-16) draws=4447
14 (120,-22,-11) @(112,-16) draws=4462
14 (113,-27,-8) @(112,-16) draws=4491
14 (114,8,-11) @(112,-16) draws=4521
14 (127,4,-1) @(112,-16) draws=4554
15 (123,-51,-11) @(112,-16) draws=4589
16 (119,13,-11) @(112,-16) draws=4617
16 (126,-38,-10) @(112,-16) draws=4639
16 (123,-18,-9) @(112,-16) draws=4661
16 (118,-59,-6) @(112,-16) draws=4683
17 (120,-71,-12) @(112,-16) draws=4706
17 (120,-72,-6) @(112,-16) draws=4729
17 (120,-66,-15) @(112,-16) draws=4752
17 (123,-71,-16) @(112,-16) draws=4775
17 (124,-64,-10) @(112,-16) draws=4798
17 (120,-65,-15) @(112,-16) draws=4821
17 (115,-55,-9) @(112,-16) draws=4844
17 (123,-59,-11) @(112,-16) draws=4867
18 (123,-28,-2) @(112,-16) draws=4890
18 (113,-34,-10) @(112,-16) draws=4906
18 (125,-48,-3) @(112,-16) draws=4921
18 (114,-45,-10) @(112,-16) draws=4938
18 (116,-56,-14) @(112,-16) draws=4955
18 (119,-72,-12) @(112,-16) draws=4970
18 (126,-53,-3) @(112,-16) draws=4985
19 (115,-34,-7) @(112,-16) draws=5002
19 (126,-4,-14) @(112,-16) draws=5029
21 (127,-66,-9) @(112,-16) draws=5061
21 (122,-61,-13) @(112,-16) draws=5084
21 (115,-61,-14) @(112,-16) draws=5107
21 (118,-112,-2) @(112,-16) draws=5130
22 (119,11,-3) @(112,-16) draws=5153
22 (121,-11,-14) @(112,-16) draws=5174
23 (116,22,-8) @(112,-16) draws=5194
23 (113,39,-2) @(112,-16) draws=5214
23 (120,18,-4) @(112,-16) draws=5234
23 (115,2,-5) @(112,-16) draws=5254
24 (119,41,-16) @(112,-16) draws=5275
24 (113,88,-15) @(112,-16) draws=5279
24 (120,52,-4) @(112,-16) draws=5283
24 (118,22,-10) @(112,-16) draws=5287
24 (113,67,-5) @(112,-16) draws=5291
24 (116,46,-16) @(112,-16) draws=5295
24 (115,19,-13) @(112,-16) draws=5299
24 (124,44,-6) @(112,-16) draws=5303
24 (114,72,-13) @(112,-16) draws=5307
24 (124,48,-16) @(112,-16) draws=5311
24 (118,74,-4) @(112,-16) draws=5315
24 (118,40,-5) @(112,-16) draws=5319
24 (117,45,-1) @(112,-16) draws=5323
24 (113,61,-14) @(112,-16) draws=5327
24 (126,58,-12) @(112,-16) draws=5331
24 (114,54,-2) @(112,-16) draws=5335
25 (122,42,-16) @(112,-16) draws=5339
25 (113,50,-11) @(112,-16) draws=5366
25 (123,59,-9) @(112,-16) draws=5393
25 (119,41,-10) @(112,-16) draws=5420
25 (123,44,-1) @(112,-16) draws=5447
25 (114,44,-8) @(112,-16) draws=5474
25 (116,92,-1) @(112,-16) draws=5501
25 (127,78,-6) @(112,-16) draws=5528
25 (114,47,-3) @(112,-16) draws=5555
25 (120,54,-10) @(112,-16) draws=5582
25 (126,34,-7) @(112,-16) draws=5609
25 (116,90,-2) @(112,-16) draws=5636
25 (116,22,-7) @(112,-16) draws=5663
25 (118,57,-16) @(112,-16) draws=5690
25 (124,28,-5) @(112,-16) draws=5717
25 (125,10,-4) @(112,-16) draws=5744
26 (114,71,-15) @(112,-16) draws=5774
26 (114,-47,-14) @(112,-16) draws=5777
26 (118,33,-7) @(112,-16) draws=5780
26 (123,71,-2) @(112,-16) draws=5783
26 (120,-47,-11) @(112,-16) draws=5789
26 (117,63,-7) @(112,-16) draws=5792
26 (124,38,-8) @(112,-16) draws=5810
26 (127,42,-5) @(112,-16) draws=5816
26 (125,48,-8) @(112,-16) draws=5819
26 (121,97,-2) @(112,-16) draws=5822
26 (118,-51,-10) @(112,-16) draws=5825
26 (113,-32,-13) @(112,-16) draws=5828
26 (124,110,-15) @(112,-16) draws=5852
26 (112,-52,-1) @(112,-16) draws=5855
26 (113,91,-10) @(112,-16) draws=5858
26 (115,113,-5) @(112,-16) draws=5864
26 (119,36,-14) @(112,-16) draws=5867
26 (118,-24,-7) @(112,-16) draws=5870
26 (122,7,-9) @(112,-16) draws=5882
26 (125,0,-3) @(112,-16) draws=5888
26 (115,94,-3) @(112,-16) draws=5897
26 (114,99,-12) @(112,-16) draws=5903
26 (118,-17,-1) @(112,-16) draws=5909
26 (113,-14,-8) @(112,-16) draws=5912
26 (117,-22,-4) @(112,-16) draws=5915
26 (126,9,-4) @(112,-16) draws=5924
27 (121,202,-8) @(112,-16) draws=5927
27 (119,-46,-8) @(112,-16) draws=5930
27 (117,176,-3) @(112,-16) draws=5933
27 (113,29,-11) @(112,-16) draws=5936
27 (123,246,-7) @(112,-16) draws=6008
27 (115,249,-4) @(112,-16) draws=6011
27 (120,215,-16) @(112,-16) draws=6014
27 (125,45,-2) @(112,-16) draws=6017
27 (115,188,-2) @(112,-16) draws=6089
27 (122,250,-7) @(112,-16) draws=6092
27 (117,27,-16) @(112,-16) draws=6095
27 (124,105,-1) @(112,-16) draws=6167
27 (121,82,-16) @(112,-16) draws=6239
27 (122,227,-10) @(112,-16) draws=6311
27 (122,98,-8) @(112,-16) draws=6314
27 (117,165,-12) @(112,-16) draws=6386
27 (117,236,-3) @(112,-16) draws=6389
27 (118,-7,-11) @(112,-16) draws=6392
27 (113,105,-5) @(112,-16) draws=6395
27 (124,-52,-16) @(112,-16) draws=6467
27 (127,-41,-4) @(112,-16) draws=6470
27 (124,43,-16) @(112,-16) draws=6473
27 (114,-14,-3) @(112,-16) draws=6545
27 (114,211,-4) @(112,-16) draws=6548
27 (119,135,-16) @(112,-16) draws=6551
27 (114,90,-5) @(112,-16) draws=6554
27 (114,-50,-6) @(112,-16) draws=6626
27 (123,127,-13) @(112,-16) draws=6629
27 (116,31,-4) @(112,-16) draws=6632
27 (119,-8,-10) @(112,-16) draws=6704
27 (116,13,-8) @(112,-16) draws=6707
27 (120,118,-16) @(112,-16) draws=6710
27 (114,-48,-4) @(112,-16) draws=6782
27 (112,-40,-6) @(112,-16) draws=6785
27 (124,118,-3) @(112,-16) draws=6788
27 (122,164,-13) @(112,-16) draws=6860
27 (126,23,-7) @(112,-16) draws=6863
27 (117,79,-2) @(112,-16) draws=6935
27 (121,106,-16) @(112,-16) draws=7007
27 (112,-41,-3) @(112,-16) draws=7079
27 (116,5,-13) @(112,-16) draws=7082
27 (126,31,-12) @(112,-16) draws=7085
27 (116,16,-13) @(112,-16) draws=7157
27 (127,186,-5) @(112,-16) draws=7160
27 (115,157,-4) @(112,-16) draws=7163
27 (116,-54,-4) @(112,-16) draws=7166
28 (124,255,-13) @(112,-16) draws=7169
28 (116,158,-8) @(112,-16) draws=7172
28 (123,227,-5) @(112,-16) draws=7175
28 (124,205,-7) @(112,-16) draws=7178
28 (116,32,-2) @(112,-16) draws=7181
28 (117,216,-5) @(112,-16) draws=7184
28 (120,250,-14) @(112,-16) draws=7187
28 (113,249,-6) @(112,-16) draws=7190
28 (120,159,-6) @(112,-16) draws=7193
28 (120,116,-4) @(112,-16) draws=7196
28 (114,140,-2) @(112,-16) draws=7199
28 (122,87,-6) @(112,-16) draws=7202
28 (121,41,-2) @(112,-16) draws=7205
28 (113,49,-6) @(112,-16) draws=7208
28 (124,205,-15) @(112,-16) draws=7211
28 (120,34,-2) @(112,-16) draws=7214
28 (112,151,-14) @(112,-16) draws=7217
28 (119,250,-4) @(112,-16) draws=7220
28 (115,136,-2) @(112,-16) draws=7223
28 (123,129,-8) @(112,-16) draws=7226
28 (126,171,-15) @(112,-16) draws=7229
28 (125,65,-13) @(112,-16) draws=7232
28 (125,77,-9) @(112,-16) draws=7235
28 (127,110,-1) @(112,-16) draws=7238
28 (120,34,-13) @(112,-16) draws=7241
28 (119,129,-16) @(112,-16) draws=7244
28 (113,65,-3) @(112,-16) draws=7247
28 (119,91,-12) @(112,-16) draws=7250
28 (113,164,-14) @(112,-16) draws=7253
28 (116,218,-13) @(112,-16) draws=7256
28 (123,128,-16) @(112,-16) draws=7259
28 (119,40,-4) @(112,-16) draws=7262
28 (127,137,-12) @(112,-16) draws=7265
28 (112,91,-1) @(112,-16) draws=7268
28 (124,232,-15) @(112,-16) draws=7271
28 (114,164,-7) @(112,-16) draws=7274
28 (124,77,-6) @(112,-16) draws=7277
28 (126,233,-13) @(112,-16) draws=7280
28 (122,54,-7) @(112,-16) draws=7283
28 (112,148,-3) @(112,-16) draws=7286
28 (116,95,-7) @(112,-16) draws=7289
28 (119,179,-14) @(112,-16) draws=7292
28 (121,137,-3) @(112,-16) draws=7295
28 (116,95,-13) @(112,-16) draws=7298
28 (118,58,-14) @(112,-16) draws=7301
28 (126,145,-9) @(112,-16) draws=7304
28 (112,148,-4) @(112,-16) draws=7307
28 (115,101,-11) @(112,-16) draws=7310
28 (113,64,-1) @(112,-16) draws=7313
28 (112,161,-16) @(112,-16) draws=7316
0 (110,74,-6) @(96,-16) draws=7
0 (103,24,-12) @(96,-16) draws=79
0 (109,83,-15) @(96,-16) draws=151
0 (102,80,-2) @(96,-16) draws=223
0 (102,52,-14) @(96,-16) draws=295
0 (107,159,-13) @(96,-16) draws=367
0 (96,89,-16) @(96,-16) draws=373
1 (108,266,-11) @(96,-16) draws=445
1 (107,19,-9) @(96,-16) draws=451
1 (106,81,-8) @(96,-16) draws=523
1 (101,88,-6) @(96,-16) draws=595
1 (98,192,-1) @(96,-16) draws=667
1 (104,26,-11) @(96,-16) draws=673
1 (103,123,-6) @(96,-16) draws=745
1 (98,171,-9) @(96,-16) draws=817
1 (111,13,-8) @(96,-16) draws=823
1 (109,-38,-15) @(96,-16) draws=895
1 (102,45,-2) @(96,-16) draws=967
1 (105,32,-1) @(96,-16) draws=1039
1 (105,272,-5) @(96,-16) draws=1111
1 (103,224,-16) @(96,-16) draws=1117
3 (106,7,-2) @(96,-16) draws=1124
3 (99,47,-14) @(96,-16) draws=1258
5 (99,59,-2) @(96,-16) draws=1393
5 (97,32,-16) @(96,-16) draws=1527
6 (100,106,-5) @(96,-16) draws=1662
7 (111,29,-6) @(96,-16) draws=1796
7 (105,12,-1) @(96,-16) draws=1930
8 (97,-32,-6) @(96,-16) draws=2064
8 (100,-3,-1) @(96,-16) draws=2198
9 (107,176,-12) @(96,-16) draws=2332
9 (98,194,-9) @(96,-16) draws=2338
9 (100,303,-7) @(96,-16) draws=2344
9 (100,140,-16) @(96,-16) draws=2350
9 (100,235,-5) @(96,-16) draws=2390
9 (98,216,-10) @(96,-16) draws=2396
9 (110,165,-11) @(96,-16) draws=2402
9 (104,161,-15) @(96,-16) draws=2408
9 (103,137,-9) @(96,-16) draws=2414
9 (109,296,-2) @(96,-16) draws=2454
9 (109,309,-16) @(96,-16) draws=2460
9 (98,153,-15) @(96,-16) draws=2466
9 (103,202,-7) @(96,-16) draws=2472
9 (102,187,-13) @(96,-16) draws=2478
9 (101,189,-6) @(96,-16) draws=2484
9 (106,266,-5) @(96,-16) draws=2490
9 (102,246,-7) @(96,-16) draws=2496
9 (109,282,-7) @(96,-16) draws=2502
9 (107,227,-10) @(96,-16) draws=2508
9 (108,256,-16) @(96,-16) draws=2514
9 (99,267,-11) @(96,-16) draws=2520
9 (102,264,-13) @(96,-16) draws=2526
9 (103,230,-1) @(96,-16) draws=2532
9 (99,229,-6) @(96,-16) draws=2538
9 (102,207,-7) @(96,-16) draws=2544
9 (98,289,-10) @(96,-16) draws=2550
9 (102,196,-11) @(96,-16) draws=2556
9 (109,314,-3) @(96,-16) draws=2562
9 (103,309,-6) @(96,-16) draws=2568
9 (105,242,-1) @(96,-16) draws=2574
10 (110,89,-5) @(96,-16) draws=2581
10 (110,125,-3) @(96,-16) draws=2641
10 (102,115,-5) @(96,-16) draws=2698
10 (102,95,-1) @(96,-16) draws=2742
10 (104,46,-1) @(96,-16) draws=2783
10 (102,86,-13) @(96,-16) draws=2841
10 (102,145,-3) @(96,-16) draws=2905
10 (109,74,-6) @(96,-16) draws=2912
10 (96,41,-3) @(96,-16) draws=2957
10 (106,97,-3) @(96,-16) draws=3020
10 (105,38,-10) @(96,-16) draws=3076
10 (104,84,-1) @(96,-16) draws=3135
10 (108,128,-11) @(96,-16) draws=3179
10 (97,144,-12) @(96,-16) draws=3246
10 (105,76,-9) @(96,-16) draws=3253
10 (103,74,-12) @(96,-16) draws=3314
10 (105,128,-10) @(96,-16) draws=3377
10 (102,124,-10) @(96,-16) draws=3434
10 (98,137,-9) @(96,-16) draws=3493
10 (99,79,-13) @(96,-16) draws=3534
11 (104,284,-7) @(96,-16) draws=3595
11 (105,240,-10) @(96,-16) draws=3602
11 (108,282,-11) @(96,-16) draws=3609
11 (108,208,-3) @(96,-16) draws=3616
11 (105,247,-7) @(96,-16) draws=3623
11 (111,245,-13) @(96,-16) draws=3630
11 (111,307,-5) @(96,-16) draws=3637
11 (99,278,-15) @(96,-16) draws=3644
11 (109,131,-10) @(96,-16) draws=3651
11 (106,208,-10) @(96,-16) draws=3676
11 (105,248,-9) @(96,-16) draws=3683
11 (109,154,-16) @(96,-16) draws=3690
11 (109,216,-11) @(96,-16) draws=3697
11 (107,313,-11) @(96,-16) draws=3704
11 (106,139,-5) @(96,-16) draws=3711
11 (96,170,-16) @(96,-16) draws=3736
11 (105,207,-10) @(96,-16) draws=3743
11 (102,211,-13) @(96,-16) draws=3750
11 (100,289,-13) @(96,-16) draws=3757
11 (97,242,-13) @(96,-16) draws=3764
11 (106,289,-3) @(96,-16) draws=3771
11 (110,259,-13) @(96,-16) draws=3778
11 (102,309,-16) @(96,-16) draws=3785
11 (103,345,-14) @(96,-16) draws=3792
11 (108,240,-16) @(96,-16) draws=3799
11 (107,259,-11) @(96,-16) draws=3806
11 (103,193,-11) @(96,-16) draws=3813
11 (106,348,-10) @(96,-16) draws=3820
11 (99,260,-7) @(96,-16) draws=3827
11 (103,258,-6) @(96,-16) draws=3834
11 (102,267,-11) @(96,-16) draws=3841
11 (104,247,-15) @(96,-16) draws=3848
11 (104,233,-5) @(96,-16) draws=3855
11 (103,140,-9) @(96,-16) draws=3862
11 (104,227,-9) @(96,-16) draws=3869
11 (104,145,-6) @(96,-16) draws=3876
11 (96,278,-2) @(96,-16) draws=3883
11 (96,354,-11) @(96,-16) draws=3890
11 (96,257,-11) @(96,-16) draws=3897
11 (97,101,-10) @(96,-16) draws=3904
11 (98,164,-12) @(96,-16) draws=3929
11 (97,174,-4) @(96,-16) draws=3936
11 (108,238,-10) @(96,-16) draws=3943
11 (107,255,-16) @(96,-16) draws=3950
11 (111,151,-16) @(96,-16) draws=3957
11 (111,227,-13) @(96,-16) draws=3964
11 (103,354,-2) @(96,-16) draws=3971
11 (103,318,-3) @(96,-16) draws=3978
11 (99,287,-7) @(96,-16) draws=3985
11 (111,203,-4) @(96,-16) draws=3992
11 (111,271,-12) @(96,-16) draws=3999
11 (109,211,-14) @(96,-16) draws=4006
11 (99,254,-9) @(96,-16) draws=4013
11 (105,155,-2) @(96,-16) draws=4020
11 (105,247,-12) @(96,-16) draws=4027
11 (108,217,-13) @(96,-16) draws=4034
11 (110,206,-16) @(96,-16) draws=4041
11 (101,292,-4) @(96,-16) draws=4048
11 (99,229,-12) @(96,-16) draws=4055
11 (106,162,-2) @(96,-16) draws=4062
11 (105,313,-10) @(96,-16) draws=4069
11 (111,292,-10) @(96,-16) draws=4076
11 (101,287,-8) @(96,-16) draws=4083
11 (110,98,-3) @(96,-16) draws=4090
11 (105,318,-14) @(96,-16) draws=4115
11 (102,251,-5) @(96,-16) draws=4122
11 (101,298,-11) @(96,-16) draws=4129
11 (97,172,-5) @(96,-16) draws=4136
11 (103,236,-12) @(96,-16) draws=4143
11 (109,94,-10) @(96,-16) draws=4150
11 (109,261,-13) @(96,-16) draws=4175
11 (109,180,-4) @(96,-16) draws=4182
11 (97,338,-9) @(96,-16) draws=4189
11 (101,269,-9) @(96,-16) draws=4196
11 (107,285,-3) @(96,-16) draws=4203
11 (105,263,-6) @(96,-16) draws=4210
11 (101,277,-4) @(96,-16) draws=4217
11 (98,269,-7) @(96,-16) draws=4224
11 (102,253,-12) @(96,-16) draws=4231
11 (110,132,-12) @(96,-16) draws=4238
11 (97,134,-11) @(96,-16) draws=4263
11 (99,357,-13) @(96,-16) draws=4288
11 (111,247,-15) @(96,-16) draws=4295
11 (109,201,-16) @(96,-16) draws=4302
11 (109,217,-16) @(96,-16) draws=4309
11 (97,159,-2) @(96,-16) draws=4316
11 (108,379,-11) @(96,-16) draws=4323
11 (102,228,-10) @(96,-16) draws=4330
11 (104,216,-8) @(96,-16) draws=4337
11 (96,265,-16) @(96,-16) draws=4344
12 (103,13,-1) @(96,-16) draws=4351
12 (102,18,-1) @(96,-16) draws=4376
12 (96,3,-16) @(96,-16) draws=4401
12 (111,42,-10) @(96,-16) draws=4426
12 (100,22,-14) @(96,-16) draws=4451
12 (101,-21,-9) @(96,-16) draws=4476
12 (99,12,-9) @(96,-16) draws=4501
12 (104,5,-1) @(96,-16) draws=4526
12 (99,15,-13) @(96,-16) draws=4551
12 (103,3,-5) @(96,-16) draws=4576
13 (109,-11,-10) @(96,-16) draws=4600
13 (105,47,-10) @(96,-16) draws=4614
13 (106,-49,-2) @(96,-16) draws=4628
13 (105,63,-8) @(96,-16) draws=4642
13 (101,69,-14) @(96,-16) draws=4656
13 (98,22,-2) @(96,-16) draws=4670
13 (109,-42,-6) @(96,-16) draws=4684
13 (96,55,-3) @(96,-16) draws=4698
13 (103,-27,-9) @(96,-16) draws=4712
13 (106,-13,-6) @(96,-16) draws=4726
14 (108,-31,-7) @(96,-16) draws=4741
14 (108,-4,-5) @(96,-16) draws=4771
14 (111,-56,-4) @(96,-16) draws=4803
14 (97,-37,-9) @(96,-16) draws=4833
15 (104,-60,-8) @(96,-16) draws=4863
16 (101,4,-7) @(96,-16) draws=4888
16 (98,-1,-14) @(96,-16) draws=4910
16 (97,5,-2) @(96,-16) draws=4932
16 (106,-18,-5) @(96,-16) draws=4954
17 (97,-76,-10) @(96,-16) draws=4977
17 (99,-89,-2) @(96,-16) draws=5000
17 (102,-82,-12) @(96,-16) draws=5023
17 (98,-51,-5) @(96,-16) draws=5046
17 (105,-69,-8) @(96,-16) draws=5069
17 (105,-58,-15) @(96,-16) draws=5092
17 (96,-55,-4) @(96,-16) draws=5115
17 (103,-91,-1) @(96,-16) draws=5138
18 (104,-38,-9) @(96,-16) draws=5161
18 (99,-96,-14) @(96,-16) draws=5179
18 (104,-74,-12) @(96,-16) draws=5194
18 (109,-123,-13) @(96,-16) draws=5209
18 (109,-49,-3) @(96,-16) draws=5224
18 (106,-60,-12) @(96,-16) draws=5239
18 (110,-40,-8) @(96,-16) draws=5254
19 (106,-64,-5) @(96,-16) draws=5268
19 (98,-19,-14) @(96,-16) draws=5290
21 (99,-14,-10) @(96,-16) draws=5323
21 (99,-124,-7) @(96,-16) draws=5346
21 (96,-70,-14) @(96,-16) draws=5369
21 (110,-44,-6) @(96,-16) draws=5392
22 (103,16,-4) @(96,-16) draws=5415
22 (99,6,-5) @(96,-16) draws=5436
23 (96,47,-4) @(96,-16) draws=5456
23 (106,-41,-12) @(96,-16) draws=5476
23 (105,-22,-11) @(96,-16) draws=5496
23 (102,-45,-9) @(96,-16) draws=5516
24 (97,15,-5) @(96,-16) draws=5537
24 (108,88,-2) @(96,-16) draws=5541
24 (96,92,-15) @(96,-16) draws=5545
24 (106,71,-4) @(96,-16) draws=5549
24 (110,77,-7) @(96,-16) draws=5553
24 (106,14,-16) @(96,-16) draws=5557
24 (98,19,-12) @(96,-16) draws=5561
24 (106,38,-2) @(96,-16) draws=5565
24 (111,8,-2) @(96,-16) draws=5569
24 (96,53,-5) @(96,-16) draws=5573
24 (96,18,-16) @(96,-16) draws=5577
24 (101,39,-6) @(96,-16) draws=5581
24 (96,46,-10) @(96,-16) draws=5585
24 (103,41,-1) @(96,-16) draws=5589
24 (110,5,-9) @(96,-16) draws=5593
24 (111,8,-5) @(96,-16) draws=5597
25 (96,47,-4) @(96,-16) draws=5601
25 (101,61,-10) @(96,-16) draws=5628
25 (105,94,-9) @(96,-16) draws=5655
25 (105,38,-4) @(96,-16) draws=5682
25 (96,68,-9) @(96,-16) draws=5709
25 (99,93,-2) @(96,-16) draws=5736
25 (100,17,-8) @(96,-16) draws=5763
25 (109,66,-7) @(96,-16) draws=5790
25 (100,28,-6) @(96,-16) draws=5817
25 (96,83,-7) @(96,-16) draws=5844
25 (97,1,-14) @(96,-16) draws=5871
25 (99,38,-1) @(96,-16) draws=5898
25 (107,69,-6) @(96,-16) draws=5925
25 (111,56,-11) @(96,-16) draws=5952
25 (107,89,-6) @(96,-16) draws=5979
25 (96,47,-1) @(96,-16) draws=6006
26 (104,79,-13) @(96,-16) draws=6036
26 (99,93,-8) @(96,-16) draws=6042
26 (98,0,-12) @(96,-16) draws=6045
26 (107,122,-8) @(96,-16) draws=6048
26 (106,101,-4) @(96,-16) draws=6051
26 (103,126,-11) @(96,-16) draws=6054
26 (101,-26,-10) @(96,-16) draws=6057
26 (101,-50,-7) @(96,-16) draws=6069
26 (97,103,-8) @(96,-16) draws=6072
26 (110,120,-16) @(96,-16) draws=6087
26 (111,88,-8) @(96,-16) draws=6090
26 (97,113,-14) @(96,-16) draws=6093
26 (96,57,-6) @(96,-16) draws=6099
26 (111,-21,-10) @(96,-16) draws=6105
26 (97,-33,-8) @(96,-16) draws=6108
26 (109,90,-8) @(96,-16) draws=6111
26 (104,3,-7) @(96,-16) draws=6120
26 (98,15,-8) @(96,-16) draws=6123
26 (107,92,-15) @(96,-16) draws=6132
26 (101,12,-13) @(96,-16) draws=6135
26 (97,2,-12) @(96,-16) draws=6144
26 (109,-54,-3) @(96,-16) draws=6150
26 (105,121,-12) @(96,-16) draws=6153
26 (111,59,-7) @(96,-16) draws=6156
26 (109,61,-2) @(96,-16) draws=6168
26 (106,107,-13) @(96,-16) draws=6174
27 (97,232,-7) @(96,-16) draws=6177
27 (103,5,-3) @(96,-16) draws=6180
27 (98,106,-15) @(96,-16) draws=6183
27 (98,246,-1) @(96,-16) draws=6255
27 (96,152,-15) @(96,-16) draws=6258
27 (108,-44,-2) @(96,-16) draws=6261
27 (103,111,-10) @(96,-16) draws=6264
27 (102,-6,-1) @(96,-16) draws=6336
27 (111,9,-16) @(96,-16) draws=6408
27 (108,52,-12) @(96,-16) draws=6411
27 (102,23,-8) @(96,-16) draws=6483
27 (108,217,-12) @(96,-16) draws=6555
27 (97,29,-2) @(96,-16) draws=6558
27 (96,59,-12) @(96,-16) draws=6630
27 (99,165,-7) @(96,-16) draws=6702
27 (104,151,-3) @(96,-16) draws=6705
27 (101,188,-12) @(96,-16) draws=6708
27 (105,34,-8) @(96,-16) draws=6711
27 (106,-50,-13) @(96,-16) draws=6783
27 (104,5,-6) @(96,-16) draws=6786
27 (111,-46,-1) @(96,-16) draws=6789
27 (96,-19,-8) @(96,-16) draws=6792
27 (111,72,-2) @(96,-16) draws=6864
27 (111,244,-11) @(96,-16) draws=6936
27 (106,202,-9) @(96,-16) draws=6939
27 (101,26,-10) @(96,-16) draws=6942
27 (106,53,-8) @(96,-16) draws=7014
27 (110,186,-9) @(96,-16) draws=7086
27 (108,249,-7) @(96,-16) draws=7089
27 (107,189,-5) @(96,-16) draws=7092
27 (106,47,-6) @(96,-16) draws=7095
27 (100,202,-4) @(96,-16) draws=7167
27 (103,195,-9) @(96,-16) draws=7170
27 (96,125,-2) @(96,-16) draws=7173
27 (109,207,-9) @(96,-16) draws=7176
27 (104,194,-4) @(96,-16) draws=7179
27 (110,115,-13) @(96,-16) draws=7182
27 (104,50,-8) @(96,-16) draws=7254
27 (109,237,-16) @(96,-16) draws=7326
27 (101,194,-11) @(96,-16) draws=7329
27 (108,158,-7) @(96,-16) draws=7332
27 (101,66,-4) @(96,-16) draws=7335
27 (108,14,-15) @(96,-16) draws=7407
27 (109,166,-6) @(96,-16) draws=7410
27 (108,204,-1) @(96,-16) draws=7413
27 (97,115,-15) @(96,-16) draws=7416
28 (102,131,-6) @(96,-16) draws=7419
28 (106,250,-6) @(96,-16) draws=7422
28 (110,90,-10) @(96,-16) draws=7425
28 (104,224,-9) @(96,-16) draws=7428
28 (108,186,-6) @(96,-16) draws=7431
28 (100,158,-8) @(96,-16) draws=7434
28 (109,249,-5) @(96,-16) draws=7437
28 (100,106,-15) @(96,-16) draws=7440
28 (107,231,-4) @(96,-16) draws=7443
28 (106,78,-6) @(96,-16) draws=7446
28 (105,81,-10) @(96,-16) draws=7449
28 (108,182,-8) @(96,-16) draws=7452
28 (100,203,-2) @(96,-16) draws=7455
28 (96,211,-3) @(96,-16) draws=7458
28 (104,198,-4) @(96,-16) draws=7461
28 (111,98,-12) @(96,-16) draws=7464
28 (111,47,-16) @(96,-16) draws=7467
28 (103,171,-13) @(96,-16) draws=7470
28 (99,214,-1) @(96,-16) draws=7473
28 (111,204,-14) @(96,-16) draws=7476
28 (102,125,-16) @(96,-16) draws=7479
28 (104,35,-16) @(96,-16) draws=7482
28 (98,234,-6) @(96,-16) draws=7485
28 (102,253,-7) @(96,-16) draws=7488
28 (107,107,-1) @(96,-16) draws=7491
28 (100,92,-14) @(96,-16) draws=7494
28 (103,130,-2) @(96,-16) draws=7497
28 (108,91,-15) @(96,-16) draws=7500
28 (107,165,-6) @(96,-16) draws=7503
28 (105,198,-5) @(96,-16) draws=7506
28 (96,119,-4) @(96,-16) draws=7509
28 (106,160,-12) @(96,-16) draws=7512
28 (108,131,-14) @(96,-16) draws=7515
28 (106,82,-12) @(96,-16) draws=7518
28 (101,48,-8) @(96,-16) draws=7521
28 (109,102,-11) @(96,-16) draws=7524
28 (103,207,-13) @(96,-16) draws=7527
28 (111,141,-12) @(96,-16) draws=7530
28 (98,122,-9) @(96,-16) draws=7533
28 (100,34,-10) @(96,-16) draws=7536
28 (111,169,-16) @(96,-16) draws=7539
28 (109,36,-7) @(96,-16) draws=7542
28 (106,82,-13) @(96,-16) draws=7545
28 (109,84,-13) @(96,-16) draws=7548
28 (103,48,-8) @(96,-16) draws=7551
28 (106,82,-9) @(96,-16) draws=7554
28 (111,252,-14) @(96,-16) draws=7557
28 (97,188,-10) @(96,-16) draws=7560
28 (103,102,-3) @(96,-16) draws=7563
28 (107,36,-16) @(96,-16) draws=7566
0 (85,151,-5) @(80,-16) draws=7
0 (91,3,-11) @(80,-16) draws=13
0 (93,152,-11) @(80,-16) draws=85
0 (87,58,-11) @(80,-16) draws=91
0 (80,87,-6) @(80,-16) draws=163
0 (89,105,-4) @(80,-16) draws=169
0 (84,63,-2) @(80,-16) draws=241
1 (89,246,-11) @(80,-16) draws=313
1 (89,69,-12) @(80,-16) draws=319
1 (83,-16,-9) @(80,-16) draws=391
1 (82,222,-3) @(80,-16) draws=463
1 (85,157,-1) @(80,-16) draws=469
1 (82,163,-6) @(80,-16) draws=475
1 (91,-5,-4) @(80,-16) draws=481
1 (82,-9,-3) @(80,-16) draws=553
1 (92,75,-15) @(80,-16) draws=625
1 (94,138,-5) @(80,-16) draws=697
1 (91,140,-9) @(80,-16) draws=769
1 (86,222,-10) @(80,-16) draws=775
1 (86,271,-2) @(80,-16) draws=781
1 (92,224,-7) @(80,-16) draws=787
3 (85,19,-7) @(80,-16) draws=794
3 (88,56,-3) @(80,-16) draws=928
5 (90,55,-11) @(80,-16) draws=1063
5 (94,14,-3) @(80,-16) draws=1197
7 (87,14,-3) @(80,-16) draws=1332
7 (94,3,-6) @(80,-16) draws=1466
8 (93,-48,-16) @(80,-16) draws=1600
8 (92,-58,-13) @(80,-16) draws=1734
9 (84,147,-14) @(80,-16) draws=1868
9 (85,200,-16) @(80,-16) draws=1874
9 (80,189,-6) @(80,-16) draws=1880
9 (81,155,-7) @(80,-16) draws=1886
9 (86,275,-4) @(80,-16) draws=1892
9 (94,213,-15) @(80,-16) draws=1898
9 (94,151,-4) @(80,-16) draws=1904
9 (90,155,-16) @(80,-16) draws=1910
9 (88,295,-16) @(80,-16) draws=1916
9 (80,243,-13) @(80,-16) draws=1922
9 (86,221,-3) @(80,-16) draws=1928
9 (85,160,-12) @(80,-16) draws=1934
9 (91,147,-3) @(80,-16) draws=1940
9 (94,224,-13) @(80,-16) draws=1946
9 (94,294,-6) @(80,-16) draws=1952
9 (89,200,-12) @(80,-16) draws=1958
9 (82,231,-8) @(80,-16) draws=1964
9 (80,214,-13) @(80,-16) draws=1970
9 (82,254,-2) @(80,-16) draws=1976
9 (95,266,-3) @(80,-16) draws=1982
9 (88,249,-15) @(80,-16) draws=1988
9 (86,195,-4) @(80,-16) draws=1994
9 (92,276,-8) @(80,-16) draws=2000
9 (88,223,-13) @(80,-16) draws=2006
9 (90,166,-7) @(80,-16) draws=2012
9 (83,196,-9) @(80,-16) draws=2018
9 (84,247,-3) @(80,-16) draws=2024
9 (90,153,-16) @(80,-16) draws=2030
9 (89,179,-6) @(80,-16) draws=2036
9 (80,208,-13) @(80,-16) draws=2042
10 (82,139,-15) @(80,-16) draws=2049
10 (91,103,-8) @(80,-16) draws=2056
10 (93,94,-2) @(80,-16) draws=2097
10 (92,53,-5) @(80,-16) draws=2138
10 (80,62,-13) @(80,-16) draws=2197
10 (86,86,-15) @(80,-16) draws=2204
10 (90,143,-14) @(80,-16) draws=2245
10 (91,56,-15) @(80,-16) draws=2252
10 (88,88,-14) @(80,-16) draws=2317
10 (84,19,-15) @(80,-16) draws=2358
10 (94,101,-13) @(80,-16) draws=2422
10 (80,22,-10) @(80,-16) draws=2480
10 (85,145,-1) @(80,-16) draws=2541
10 (89,83,-8) @(80,-16) draws=2548
10 (81,117,-9) @(80,-16) draws=2589
10 (95,114,-4) @(80,-16) draws=2596
10 (87,41,-11) @(80,-16) draws=2637
10 (90,155,-16) @(80,-16) draws=2707
10 (93,97,-16) @(80,-16) draws=2714
10 (91,34,-3) @(80,-16) draws=2766
11 (85,316,-1) @(80,-16) draws=2832
11 (95,224,-4) @(80,-16) draws=2839
11 (95,156,-13) @(80,-16) draws=2846
11 (80,249,-4) @(80,-16) draws=2853
11 (89,149,-15) @(80,-16) draws=2860
11 (82,195,-13) @(80,-16) draws=2867
11 (85,330,-16) @(80,-16) draws=2874
11 (92,180,-16) @(80,-16) draws=2881
11 (80,260,-9) @(80,-16) draws=2888
11 (83,202,-11) @(80,-16) draws=2895
11 (84,163,-3) @(80,-16) draws=2902
11 (95,308,-7) @(80,-16) draws=2909
11 (94,192,-9) @(80,-16) draws=2916
11 (90,230,-14) @(80,-16) draws=2923
11 (82,228,-4) @(80,-16) draws=2930
11 (85,262,-7) @(80,-16) draws=2937
11 (92,188,-2) @(80,-16) draws=2944
11 (86,258,-9) @(80,-16) draws=2951
11 (93,209,-12) @(80,-16) draws=2958
11 (85,262,-7) @(80,-16) draws=2965
11 (95,209,-8) @(80,-16) draws=2972
11 (89,205,-10) @(80,-16) draws=2979
11 (84,251,-16) @(80,-16) draws=2986
11 (81,176,-16) @(80,-16) draws=2993
11 (92,236,-16) @(80,-16) draws=3000
11 (92,260,-9) @(80,-16) draws=3007
11 (92,198,-7) @(80,-16) draws=3014
11 (90,266,-14) @(80,-16) draws=3021
11 (80,134,-7) @(80,-16) draws=3028
11 (93,246,-14) @(80,-16) draws=3035
11 (80,129,-7) @(80,-16) draws=3042
11 (83,201,-1) @(80,-16) draws=3049
11 (84,211,-10) @(80,-16) draws=3056
11 (89,319,-2) @(80,-16) draws=3063
11 (90,201,-14) @(80,-16) draws=3070
11 (84,300,-12) @(80,-16) draws=3077
11 (80,331,-9) @(80,-16) draws=3084
11 (85,234,-4) @(80,-16) draws=3091
11 (95,328,-10) @(80,-16) draws=3098
11 (95,93,-12) @(80,-16) draws=3105
11 (90,243,-13) @(80,-16) draws=3130
11 (89,253,-12) @(80,-16) draws=3137
11 (82,247,-1) @(80,-16) draws=3144
11 (93,249,-5) @(80,-16) draws=3151
11 (83,240,-6) @(80,-16) draws=3158
11 (92,282,-4) @(80,-16) draws=3165
11 (80,265,-2) @(80,-16) draws=3172
11 (81,177,-6) @(80,-16) draws=3179
11 (86,352,-13) @(80,-16) draws=3186
11 (85,126,-16) @(80,-16) draws=3193
11 (92,290,-6) @(80,-16) draws=3200
11 (88,259,-7) @(80,-16) draws=3207
11 (80,202,-14) @(80,-16) draws=3214
11 (88,91,-1) @(80,-16) draws=3221
11 (92,223,-14) @(80,-16) draws=3228
11 (94,238,-1) @(80,-16) draws=3235
11 (92,170,-12) @(80,-16) draws=3242
11 (83,141,-3) @(80,-16) draws=3249
11 (86,278,-14) @(80,-16) draws=3256
11 (92,284,-13) @(80,-16) draws=3263
11 (80,302,-1) @(80,-16) draws=3270
11 (83,243,-6) @(80,-16) draws=3277
11 (81,129,-14) @(80,-16) draws=3284
11 (84,213,-1) @(80,-16) draws=3291
11 (89,229,-13) @(80,-16) draws=3298
11 (80,139,-9) @(80,-16) draws=3305
11 (91,207,-6) @(80,-16) draws=3312
11 (80,233,-8) @(80,-16) draws=3319
11 (83,255,-15) @(80,-16) draws=3326
11 (82,162,-8) @(80,-16) draws=3333
11 (82,256,-4) @(80,-16) draws=3340
11 (91,144,-8) @(80,-16) draws=3347
11 (88,214,-8) @(80,-16) draws=3354
11 (93,141,-9) @(80,-16) draws=3361
11 (81,314,-16) @(80,-16) draws=3368
11 (80,224,-6) @(80,-16) draws=3375
11 (91,236,-11) @(80,-16) draws=3382
11 (84,222,-4) @(80,-16) draws=3389
11 (93,331,-5) @(80,-16) draws=3396
11 (86,270,-3) @(80,-16) draws=3403
11 (93,183,-4) @(80,-16) draws=3410
11 (89,288,-2) @(80,-16) draws=3417
11 (82,169,-7) @(80,-16) draws=3424
11 (82,235,-1) @(80,-16) draws=3431
11 (85,296,-11) @(80,-16) draws=3438
11 (85,152,-16) @(80,-16) draws=3445
11 (81,284,-4) @(80,-16) draws=3452
11 (87,219,-6) @(80,-16) draws=3459
11 (80,165,-10) @(80,-16) draws=3466
11 (88,334,-1) @(80,-16) draws=3473
12 (92,43,-1) @(80,-16) draws=3480
12 (92,35,-14) @(80,-16) draws=3505
12 (85,25,-2) @(80,-16) draws=3530
12 (85,-16,-4) @(80,-16) draws=3555
12 (84,-23,-5) @(80,-16) draws=3580
12 (90,22,-15) @(80,-16) draws=3605
12 (87,14,-9) @(80,-16) draws=3630
12 (82,6,-15) @(80,-16) draws=3655
12 (92,44,-15) @(80,-16) draws=3680
12 (86,9,-15) @(80,-16) draws=3705
13 (95,32,-8) @(80,-16) draws=3729
13 (91,6,-14) @(80,-16) draws=3743
13 (87,39,-8) @(80,-16) draws=3757
13 (82,-26,-11) @(80,-16) draws=3771
13 (92,-34,-5) @(80,-16) draws=3785
13 (86,2,-15) @(80,-16) draws=3799
13 (86,17,-3) @(80,-16) draws=3813
13 (85,-30,-15) @(80,-16) draws=3827
13 (92,-7,-13) @(80,-16) draws=3841
13 (91,-16,-1) @(80,-16) draws=3855
14 (86,-56,-8) @(80,-16) draws=3870
14 (89,-10,-11) @(80,-16) draws=3902
14 (83,9,-11) @(80,-16) draws=3935
14 (91,-10,-12) @(80,-16) draws=3968
15 (81,-61,-2) @(80,-16) draws=3999
16 (90,-42,-8) @(80,-16) draws=4025
16 (91,1,-1) @(80,-16) draws=4047
16 (82,-26,-9) @(80,-16) draws=4069
16 (93,-55,-15) @(80,-16) draws=4091
17 (90,-76,-8) @(80,-16) draws=4114
17 (80,-62,-13) @(80,-16) draws=4137
17 (81,-60,-6) @(80,-16) draws=4160
17 (82,-48,-10) @(80,-16) draws=4183
17 (84,-65,-10) @(80,-16) draws=4206
17 (81,-71,-13) @(80,-16) draws=4229
17 (89,-68,-2) @(80,-16) draws=4252
17 (88,-63,-6) @(80,-16) draws=4275
18 (88,-99,-4) @(80,-16) draws=4298
18 (94,-91,-1) @(80,-16) draws=4313
18 (88,-51,-1) @(80,-16) draws=4328
18 (92,-75,-6) @(80,-16) draws=4343
18 (86,-104,-2) @(80,-16) draws=4358
18 (81,-80,-13) @(80,-16) draws=4373
18 (90,-84,-1) @(80,-16) draws=4388
19 (83,-45,-14) @(80,-16) draws=4402
19 (95,-51,-3) @(80,-16) draws=4428
21 (87,-12,-6) @(80,-16) draws=4457
21 (89,-116,-1) @(80,-16) draws=4480
21 (86,-8,-6) @(80,-16) draws=4503
21 (88,-70,-10) @(80,-16) draws=4526
22 (88,-12,-9) @(80,-16) draws=4549
22 (92,29,-11) @(80,-16) draws=4570
23 (92,-45,-15) @(80,-16) draws=4590
23 (87,-24,-16) @(80,-16) draws=4610
23 (86,32,-13) @(80,-16) draws=4630
23 (81,63,-15) @(80,-16) draws=4650
24 (94,13,-3) @(80,-16) draws=4657
24 (86,-5,-3) @(80,-16) draws=4661
24 (84,47,-10) @(80,-16) draws=4665
24 (84,64,-12) @(80,-16) draws=4669
24 (91,52,-1) @(80,-16) draws=4673
24 (81,53,-14) @(80,-16) draws=4677
24 (87,26,-15) @(80,-16) draws=4681
24 (91,61,-7) @(80,-16) draws=4685
24 (86,3,-7) @(80,-16) draws=4689
24 (85,65,-15) @(80,-16) draws=4693
24 (86,26,-4) @(80,-16) draws=4697
24 (83,29,-9) @(80,-16) draws=4701
24 (93,63,-5) @(80,-16) draws=4705
24 (92,37,-14) @(80,-16) draws=4709
24 (95,38,-6) @(80,-16) draws=4713
24 (89,38,-2) @(80,-16) draws=4717
25 (94,6,-8) @(80,-16) draws=4721
25 (92,69,-4) @(80,-16) draws=4748
25 (81,20,-13) @(80,-16) draws=4775
25 (91,60,-5) @(80,-16) draws=4802
25 (84,44,-11) @(80,-16) draws=4829
25 (84,46,-3) @(80,-16) draws=4856
25 (93,12,-16) @(80,-16) draws=4883
25 (92,43,-16) @(80,-16) draws=4910
25 (82,47,-12) @(80,-16) draws=4937
25 (82,62,-7) @(80,-16) draws=4964
25 (80,37,-1) @(80,-16) draws=4971
25 (84,1,-2) @(80,-16) draws=4998
25 (81,35,-7) @(80,-16) draws=5025
25 (83,19,-5) @(80,-16) draws=5052
25 (80,73,-15) @(80,-16) draws=5079
25 (81,64,-3) @(80,-16) draws=5086
26 (88,39,-1) @(80,-16) draws=5093
26 (82,24,-10) @(80,-16) draws=5099
26 (89,-28,-12) @(80,-16) draws=5105
26 (81,-39,-8) @(80,-16) draws=5108
26 (84,5,-10) @(80,-16) draws=5111
26 (93,-15,-8) @(80,-16) draws=5129
26 (92,6,-8) @(80,-16) draws=5147
26 (92,-26,-13) @(80,-16) draws=5150
26 (85,18,-4) @(80,-16) draws=5153
26 (91,11,-3) @(80,-16) draws=5159
26 (88,43,-13) @(80,-16) draws=5168
26 (94,79,-12) @(80,-16) draws=5171
26 (89,-30,-1) @(80,-16) draws=5174
26 (83,26,-10) @(80,-16) draws=5195
26 (95,24,-5) @(80,-16) draws=5198
26 (88,-15,-11) @(80,-16) draws=5204
26 (82,-61,-3) @(80,-16) draws=5210
26 (91,18,-3) @(80,-16) draws=5216
26 (90,-9,-12) @(80,-16) draws=5228
26 (88,10,-4) @(80,-16) draws=5231
26 (93,-23,-4) @(80,-16) draws=5234
26 (80,-55,-8) @(80,-16) draws=5240
26 (86,50,-14) @(80,-16) draws=5243
26 (94,-28,-1) @(80,-16) draws=5246
27 (90,13,-7) @(80,-16) draws=5249
27 (89,138,-10) @(80,-16) draws=5321
27 (93,49,-3) @(80,-16) draws=5324
27 (83,25,-5) @(80,-16) draws=5327
27 (94,236,-7) @(80,-16) draws=5399
27 (91,254,-13) @(80,-16) draws=5402
27 (91,-24,-2) @(80,-16) draws=5405
27 (94,78,-10) @(80,-16) draws=5477
27 (83,5,-14) @(80,-16) draws=5549
27 (92,-45,-10) @(80,-16) draws=5621
27 (88,215,-10) @(80,-16) draws=5693
27 (87,6,-7) @(80,-16) draws=5696
27 (89,160,-1) @(80,-16) draws=5768
27 (87,-33,-16) @(80,-16) draws=5771
27 (91,245,-1) @(80,-16) draws=5843
27 (87,160,-13) @(80,-16) draws=5846
27 (88,161,-12) @(80,-16) draws=5849
27 (88,65,-14) @(80,-16) draws=5852
27 (86,136,-11) @(80,-16) draws=5855
27 (93,130,-6) @(80,-16) draws=5858
27 (91,48,-1) @(80,-16) draws=5861
27 (91,169,-16) @(80,-16) draws=5864
27 (87,3,-13) @(80,-16) draws=5867
27 (86,256,-15) @(80,-16) draws=5939
27 (86,-51,-4) @(80,-16) draws=5942
27 (82,-20,-5) @(80,-16) draws=6014
27 (91,184,-2) @(80,-16) draws=6086
27 (87,28,-10) @(80,-16) draws=6089
27 (87,28,-3) @(80,-16) draws=6161
27 (89,194,-6) @(80,-16) draws=6233
27 (86,37,-9) @(80,-16) draws=6236
27 (82,158,-12) @(80,-16) draws=6239
27 (82,66,-15) @(80,-16) draws=6242
27 (82,194,-4) @(80,-16) draws=6245
27 (94,86,-15) @(80,-16) draws=6248
27 (87,4,-13) @(80,-16) draws=6251
27 (86,169,-1) @(80,-16) draws=6323
27 (83,14,-2) @(80,-16) draws=6326
27 (83,67,-9) @(80,-16) draws=6398
27 (80,207,-15) @(80,-16) draws=6401
27 (92,169,-13) @(80,-16) draws=6404
27 (86,-29,-13) @(80,-16) draws=6407
27 (91,100,-9) @(80,-16) draws=6479
27 (85,54,-9) @(80,-16) draws=6482
27 (95,163,-5) @(80,-16) draws=6485
27 (87,86,-10) @(80,-16) draws=6488
28 (88,196,-7) @(80,-16) draws=6491
28 (95,103,-1) @(80,-16) draws=6494
28 (80,195,-10) @(80,-16) draws=6497
28 (95,141,-6) @(80,-16) draws=6500
28 (86,171,-2) @(80,-16) draws=6503
28 (82,162,-15) @(80,-16) draws=6506
28 (94,96,-14) @(80,-16) draws=6509
28 (80,178,-6) @(80,-16) draws=6512
28 (81,211,-5) @(80,-16) draws=6515
28 (95,36,-13) @(80,-16) draws=6518
28 (93,147,-2) @(80,-16) draws=6521
28 (87,207,-16) @(80,-16) draws=6524
28 (92,83,-2) @(80,-16) draws=6527
28 (90,200,-9) @(80,-16) draws=6530
28 (86,55,-6) @(80,-16) draws=6533
28 (94,126,-7) @(80,-16) draws=6536
28 (94,111,-13) @(80,-16) draws=6539
28 (91,120,-11) @(80,-16) draws=6542
28 (90,246,-11) @(80,-16) draws=6545
28 (87,72,-7) @(80,-16) draws=6548
28 (86,254,-10) @(80,-16) draws=6551
28 (84,239,-10) @(80,-16) draws=6554
28 (85,123,-5) @(80,-16) draws=6557
28 (89,243,-14) @(80,-16) draws=6560
28 (90,155,-2) @(80,-16) draws=6563
28 (87,220,-15) @(80,-16) draws=6566
28 (91,223,-5) @(80,-16) draws=6569
28 (91,179,-14) @(80,-16) draws=6572
28 (83,151,-9) @(80,-16) draws=6575
28 (83,85,-9) @(80,-16) draws=6578
28 (85,111,-3) @(80,-16) draws=6581
28 (95,221,-7) @(80,-16) draws=6584
28 (94,204,-15) @(80,-16) draws=6587
28 (94,167,-13) @(80,-16) draws=6590
28 (83,53,-15) @(80,-16) draws=6593
28 (88,215,-8) @(80,-16) draws=6596
28 (89,157,-9) @(80,-16) draws=6599
28 (90,95,-12) @(80,-16) draws=6602
28 (91,130,-16) @(80,-16) draws=6605
28 (95,59,-4) @(80,-16) draws=6608
28 (84,64,-13) @(80,-16) draws=6611
28 (95,53,-3) @(80,-16) draws=6614
28 (92,70,-1) @(80,-16) draws=6617
28 (84,79,-6) @(80,-16) draws=6620
28 (86,139,-15) @(80,-16) draws=6623
28 (82,255,-10) @(80,-16) draws=6626
28 (84,252,-16) @(80,-16) draws=6629
28 (88,151,-8) @(80,-16) draws=6632
28 (89,146,-8) @(80,-16) draws=6635
28 (91,78,-6) @(80,-16) draws=6638
30 (84,51,-15) @(80,-16) draws=6642
30 (88,48,-8) @(80,-16) draws=6645
31 (86,48,-3) @(80,-16) draws=6650
0 (91,24,-29) @(80,-32) draws=7
0 (91,147,-25) @(80,-32) draws=79
0 (84,135,-25) @(80,-32) draws=85
0 (83,28,-22) @(80,-32) draws=157
0 (84,57,-19) @(80,-32) draws=229
0 (89,98,-19) @(80,-32) draws=301
0 (93,15,-19) @(80,-32) draws=373
1 (89,78,-21) @(80,-32) draws=445
1 (85,114,-21) @(80,-32) draws=517
1 (82,124,-23) @(80,-32) draws=589
1 (85,185,-32) @(80,-32) draws=661
1 (89,252,-17) @(80,-32) draws=667
1 (92,-61,-31) @(80,-32) draws=673
1 (90,235,-21) @(80,-32) draws=745
1 (92,109,-19) @(80,-32) draws=751
1 (92,104,-22) @(80,-32) draws=823
1 (81,191,-23) @(80,-32) draws=895
1 (86,21,-24) @(80,-32) draws=901
1 (85,141,-31) @(80,-32) draws=973
1 (81,74,-32) @(80,-32) draws=1045
1 (92,235,-31) @(80,-32) draws=1117
3 (84,59,-19) @(80,-32) draws=1124
3 (84,49,-23) @(80,-32) draws=1258
5 (85,35,-28) @(80,-32) draws=1393
5 (87,11,-31) @(80,-32) draws=1527
6 (84,86,-24) @(80,-32) draws=1662
7 (88,56,-26) @(80,-32) draws=1796
7 (95,51,-22) @(80,-32) draws=1930
8 (85,-61,-30) @(80,-32) draws=2064
8 (80,-47,-17) @(80,-32) draws=2198
9 (89,226,-23) @(80,-32) draws=2332
9 (82,279,-27) @(80,-32) draws=2338
9 (95,172,-17) @(80,-32) draws=2344
9 (83,164,-21) @(80,-32) draws=2350
9 (94,199,-30) @(80,-32) draws=2356
9 (82,145,-29) @(80,-32) draws=2362
9 (87,257,-20) @(80,-32) draws=2368
9 (85,189,-22) @(80,-32) draws=2374
9 (81,205,-31) @(80,-32) draws=2380
9 (95,252,-32) @(80,-32) draws=2386
9 (92,187,-30) @(80,-32) draws=2392
9 (80,207,-23) @(80,-32) draws=2398
9 (95,188,-18) @(80,-32) draws=2404
9 (87,151,-23) @(80,-32) draws=2410
9 (88,173,-20) @(80,-32) draws=2416
9 (88,215,-26) @(80,-32) draws=2422
9 (91,273,-31) @(80,-32) draws=2428
9 (84,144,-30) @(80,-32) draws=2434
9 (88,272,-21) @(80,-32) draws=2440
9 (84,317,-27) @(80,-32) draws=2446
9 (93,160,-32) @(80,-32) draws=2452
9 (82,204,-22) @(80,-32) draws=2458
9 (93,271,-24) @(80,-32) draws=2464
9 (90,264,-18) @(80,-32) draws=2470
9 (91,296,-29) @(80,-32) draws=2476
9 (91,208,-17) @(80,-32) draws=2482
9 (94,181,-30) @(80,-32) draws=2488
9 (92,201,-27) @(80,-32) draws=2494
9 (86,148,-20) @(80,-32) draws=2500
9 (92,284,-20) @(80,-32) draws=2506
10 (80,120,-30) @(80,-32) draws=2513
10 (82,74,-25) @(80,-32) draws=2570
10 (91,132,-32) @(80,-32) draws=2616
10 (85,73,-28) @(80,-32) draws=2659
10 (91,120,-23) @(80,-32) draws=2725
10 (87,117,-20) @(80,-32) draws=2774
10 (85,91,-29) @(80,-32) draws=2815
10 (85,36,-23) @(80,-32) draws=2884
10 (94,108,-22) @(80,-32) draws=2949
10 (92,84,-26) @(80,-32) draws=3001
10 (95,29,-22) @(80,-32) draws=3066
10 (86,11,-30) @(80,-32) draws=3123
10 (90,49,-31) @(80,-32) draws=3182
10 (80,108,-25) @(80,-32) draws=3249
10 (93,114,-18) @(80,-32) draws=3290
10 (86,138,-18) @(80,-32) draws=3333
10 (86,54,-24) @(80,-32) draws=3340
10 (86,42,-26) @(80,-32) draws=3396
10 (91,174,-27) @(80,-32) draws=3463
10 (89,36,-31) @(80,-32) draws=3470
11 (92,281,-30) @(80,-32) draws=3535
11 (80,195,-30) @(80,-32) draws=3542
11 (85,148,-22) @(80,-32) draws=3549
11 (82,203,-18) @(80,-32) draws=3556
11 (85,261,-28) @(80,-32) draws=3563
11 (90,341,-28) @(80,-32) draws=3570
11 (89,238,-24) @(80,-32) draws=3577
11 (94,295,-26) @(80,-32) draws=3584
11 (93,249,-26) @(80,-32) draws=3591
11 (93,231,-20) @(80,-32) draws=3598
11 (89,289,-26) @(80,-32) draws=3605
11 (95,253,-31) @(80,-32) draws=3612
11 (95,271,-30) @(80,-32) draws=3619
11 (83,134,-20) @(80,-32) draws=3626
11 (94,261,-21) @(80,-32) draws=3633
11 (82,184,-25) @(80,-32) draws=3640
11 (95,266,-18) @(80,-32) draws=3647
11 (95,326,-28) @(80,-32) draws=3654
11 (82,126,-17) @(80,-32) draws=3661
11 (87,230,-25) @(80,-32) draws=3668
11 (83,291,-20) @(80,-32) draws=3675
11 (87,306,-29) @(80,-32) draws=3682
11 (88,236,-31) @(80,-32) draws=3689
11 (86,183,-30) @(80,-32) draws=3696
11 (89,173,-30) @(80,-32) draws=3703
11 (93,235,-27) @(80,-32) draws=3710
11 (94,209,-31) @(80,-32) draws=3717
11 (88,284,-32) @(80,-32) draws=3724
11 (92,229,-30) @(80,-32) draws=3731
11 (90,97,-20) @(80,-32) draws=3738
11 (85,106,-25) @(80,-32) draws=3763
11 (88,349,-18) @(80,-32) draws=3788
11 (82,322,-21) @(80,-32) draws=3795
11 (83,247,-23) @(80,-32) draws=3802
11 (93,213,-24) @(80,-32) draws=3809
11 (81,231,-25) @(80,-32) draws=3816
11 (86,210,-28) @(80,-32) draws=3823
11 (81,281,-24) @(80,-32) draws=3830
11 (95,142,-19) @(80,-32) draws=3837
11 (82,282,-32) @(80,-32) draws=3844
11 (94,202,-22) @(80,-32) draws=3851
11 (81,213,-18) @(80,-32) draws=3858
11 (94,229,-20) @(80,-32) draws=3865
11 (92,211,-27) @(80,-32) draws=3872
11 (93,269,-29) @(80,-32) draws=3879
11 (84,372,-29) @(80,-32) draws=3886
11 (86,164,-32) @(80,-32) draws=3893
11 (86,228,-26) @(80,-32) draws=3900
11 (87,183,-28) @(80,-32) draws=3907
11 (82,185,-29) @(80,-32) draws=3914
11 (93,164,-27) @(80,-32) draws=3921
11 (85,120,-32) @(80,-32) draws=3928
11 (85,139,-28) @(80,-32) draws=3953
11 (94,342,-31) @(80,-32) draws=3960
11 (92,312,-17) @(80,-32) draws=3967
11 (87,241,-29) @(80,-32) draws=3974
11 (87,155,-26) @(80,-32) draws=3981
11 (91,267,-21) @(80,-32) draws=3988
11 (90,310,-19) @(80,-32) draws=3995
11 (83,254,-27) @(80,-32) draws=4002
11 (90,184,-24) @(80,-32) draws=4009
11 (92,238,-29) @(80,-32) draws=4016
11 (86,155,-19) @(80,-32) draws=4023
11 (80,148,-24) @(80,-32) draws=4030
11 (89,103,-22) @(80,-32) draws=4037
11 (88,278,-25) @(80,-32) draws=4062
11 (83,180,-19) @(80,-32) draws=4069
11 (85,225,-30) @(80,-32) draws=4076
11 (84,153,-25) @(80,-32) draws=4083
11 (83,296,-26) @(80,-32) draws=4090
11 (85,209,-31) @(80,-32) draws=4097
11 (83,314,-29) @(80,-32) draws=4104
11 (95,216,-20) @(80,-32) draws=4111
11 (85,228,-22) @(80,-32) draws=4118
11 (81,193,-19) @(80,-32) draws=4125
11 (89,346,-26) @(80,-32) draws=4132
11 (90,244,-31) @(80,-32) draws=4139
11 (82,233,-18) @(80,-32) draws=4146
11 (81,136,-18) @(80,-32) draws=4153
11 (82,232,-17) @(80,-32) draws=4160
11 (92,205,-22) @(80,-32) draws=4167
11 (88,283,-30) @(80,-32) draws=4174
11 (88,230,-27) @(80,-32) draws=4181
11 (87,232,-30) @(80,-32) draws=4188
11 (85,158,-28) @(80,-32) draws=4195
11 (87,265,-27) @(80,-32) draws=4202
11 (91,213,-25) @(80,-32) draws=4209
11 (82,203,-19) @(80,-32) draws=4216
11 (94,156,-26) @(80,-32) draws=4223
11 (91,223,-30) @(80,-32) draws=4230
12 (84,6,-30) @(80,-32) draws=4237
12 (82,13,-31) @(80,-32) draws=4262
12 (95,6,-20) @(80,-32) draws=4287
12 (84,8,-21) @(80,-32) draws=4312
12 (90,-7,-18) @(80,-32) draws=4337
12 (85,46,-24) @(80,-32) draws=4362
12 (89,45,-23) @(80,-32) draws=4387
12 (91,26,-18) @(80,-32) draws=4412
12 (92,8,-30) @(80,-32) draws=4437
12 (87,39,-21) @(80,-32) draws=4462
13 (92,57,-25) @(80,-32) draws=4486
13 (91,-50,-28) @(80,-32) draws=4500
13 (80,44,-27) @(80,-32) draws=4514
13 (82,67,-30) @(80,-32) draws=4528
13 (83,33,-21) @(80,-32) draws=4542
13 (85,-14,-29) @(80,-32) draws=4556
13 (80,-47,-24) @(80,-32) draws=4570
13 (90,-17,-25) @(80,-32) draws=4584
13 (80,25,-22) @(80,-32) draws=4598
13 (88,60,-28) @(80,-32) draws=4612
14 (94,-52,-21) @(80,-32) draws=4627
14 (87,-30,-21) @(80,-32) draws=4658
14 (89,-23,-25) @(80,-32) draws=4683
14 (89,2,-32) @(80,-32) draws=4714
15 (88,-58,-19) @(80,-32) draws=4747
16 (92,-56,-18) @(80,-32) draws=4781
16 (80,1,-19) @(80,-32) draws=4803
16 (86,-22,-20) @(80,-32) draws=4825
16 (84,-3,-32) @(80,-32) draws=4847
17 (80,-55,-21) @(80,-32) draws=4870
17 (92,-62,-21) @(80,-32) draws=4893
17 (82,-81,-21) @(80,-32) draws=4916
17 (95,-53,-20) @(80,-32) draws=4939
17 (93,-55,-25) @(80,-32) draws=4962
17 (92,-64,-28) @(80,-32) draws=4985
17 (80,-45,-24) @(80,-32) draws=5008
17 (83,-69,-25) @(80,-32) draws=5031
18 (81,-39,-20) @(80,-32) draws=5054
18 (83,-122,-31) @(80,-32) draws=5070
18 (85,-87,-26) @(80,-32) draws=5085
18 (87,-70,-21) @(80,-32) draws=5100
18 (91,-114,-30) @(80,-32) draws=5115
18 (85,-75,-27) @(80,-32) draws=5130
18 (90,-94,-24) @(80,-32) draws=5145
19 (88,-29,-29) @(80,-32) draws=5159
19 (89,-46,-18) @(80,-32) draws=5184
21 (85,-130,-24) @(80,-32) draws=5214
21 (92,-52,-25) @(80,-32) draws=5237
21 (84,-39,-24) @(80,-32) draws=5260
21 (92,-51,-30) @(80,-32) draws=5283
22 (92,-23,-31) @(80,-32) draws=5306
22 (81,-20,-21) @(80,-32) draws=5327
23 (80,-18,-28) @(80,-32) draws=5347
23 (85,-61,-20) @(80,-32) draws=5367
23 (89,6,-31) @(80,-32) draws=5387
23 (83,-42,-32) @(80,-32) draws=5407
24 (81,79,-17) @(80,-32) draws=5428
24 (94,24,-17) @(80,-32) draws=5432
24 (93,46,-27) @(80,-32) draws=5436
24 (92,80,-27) @(80,-32) draws=5440
24 (93,32,-21) @(80,-32) draws=5444
24 (86,3,-28) @(80,-32) draws=5448
24 (81,45,-23) @(80,-32) draws=5452
24 (83,78,-19) @(80,-32) draws=5456
24 (86,85,-25) @(80,-32) draws=5460
24 (80,44,-32) @(80,-32) draws=5464
24 (81,23,-17) @(80,-32) draws=5468
24 (92,51,-30) @(80,-32) draws=5472
24 (90,19,-24) @(80,-32) draws=5476
24 (84,50,-19) @(80,-32) draws=5480
24 (84,89,-23) @(80,-32) draws=5484
24 (84,28,-19) @(80,-32) draws=5488
25 (92,46,-19) @(80,-32) draws=5492
25 (92,31,-23) @(80,-32) draws=5519
25 (90,88,-21) @(80,-32) draws=5546
25 (92,14,-31) @(80,-32) draws=5573
25 (94,80,-31) @(80,-32) draws=5600
25 (84,54,-28) @(80,-32) draws=5627
25 (88,85,-32) @(80,-32) draws=5654
25 (83,73,-19) @(80,-32) draws=5681
25 (83,85,-25) @(80,-32) draws=5708
25 (88,71,-22) @(80,-32) draws=5735
25 (82,34,-29) @(80,-32) draws=5762
25 (94,34,-27) @(80,-32) draws=5789
25 (85,25,-27) @(80,-32) draws=5816
25 (80,16,-30) @(80,-32) draws=5843
25 (94,69,-25) @(80,-32) draws=5870
25 (84,80,-30) @(80,-32) draws=5897
26 (87,17,-17) @(80,-32) draws=5933
26 (87,103,-29) @(80,-32) draws=5939
26 (91,35,-29) @(80,-32) draws=5942
26 (87,-55,-18) @(80,-32) draws=5951
26 (93,24,-17) @(80,-32) draws=5954
26 (85,45,-28) @(80,-32) draws=5957
26 (94,-35,-21) @(80,-32) draws=5960
26 (92,-21,-31) @(80,-32) draws=5963
26 (86,4,-30) @(80,-32) draws=5972
26 (91,39,-20) @(80,-32) draws=5990
26 (86,-8,-26) @(80,-32) draws=5993
26 (85,35,-19) @(80,-32) draws=5999
26 (90,-18,-19) @(80,-32) draws=6005
26 (89,-51,-30) @(80,-32) draws=6008
26 (88,-56,-25) @(80,-32) draws=6011
26 (95,-23,-18) @(80,-32) draws=6020
26 (84,-30,-30) @(80,-32) draws=6026
26 (94,118,-29) @(80,-32) draws=6032
26 (88,-24,-32) @(80,-32) draws=6047
26 (92,-8,-23) @(80,-32) draws=6059
26 (90,41,-17) @(80,-32) draws=6062
27 (84,53,-28) @(80,-32) draws=6065
27 (85,-40,-23) @(80,-32) draws=6137
27 (81,-22,-24) @(80,-32) draws=6209
27 (93,212,-25) @(80,-32) draws=6212
27 (93,141,-24) @(80,-32) draws=6215
27 (92,75,-17) @(80,-32) draws=6218
27 (86,-51,-27) @(80,-32) draws=6290
27 (86,-36,-17) @(80,-32) draws=6293
27 (89,107,-17) @(80,-32) draws=6365
27 (83,14,-23) @(80,-32) draws=6368
27 (92,-25,-17) @(80,-32) draws=6440
27 (89,78,-20) @(80,-32) draws=6443
27 (89,165,-25) @(80,-32) draws=6446
27 (92,234,-30) @(80,-32) draws=6449
27 (82,244,-24) @(80,-32) draws=6452
27 (89,219,-26) @(80,-32) draws=6455
27 (93,11,-23) @(80,-32) draws=6458
27 (95,151,-25) @(80,-32) draws=6530
27 (84,249,-17) @(80,-32) draws=6533
27 (84,149,-22) @(80,-32) draws=6536
27 (94,110,-26) @(80,-32) draws=6539
27 (92,109,-25) @(80,-32) draws=6611
27 (88,95,-20) @(80,-32) draws=6683
27 (85,137,-27) @(80,-32) draws=6686
27 (86,247,-27) @(80,-32) draws=6689
27 (85,115,-26) @(80,-32) draws=6692
27 (95,124,-24) @(80,-32) draws=6695
27 (94,107,-25) @(80,-32) draws=6698
27 (89,95,-24) @(80,-32) draws=6770
27 (86,160,-20) @(80,-32) draws=6842
27 (84,156,-31) @(80,-32) draws=6845
27 (80,-25,-19) @(80,-32) draws=6848
27 (87,121,-29) @(80,-32) draws=6920
27 (88,238,-17) @(80,-32) draws=6923
27 (94,3,-32) @(80,-32) draws=6926
27 (81,213,-24) @(80,-32) draws=6929
27 (93,137,-27) @(80,-32) draws=6932
27 (90,173,-19) @(80,-32) draws=6935
27 (82,22,-26) @(80,-32) draws=6938
27 (91,106,-25) @(80,-32) draws=7010
27 (93,103,-26) @(80,-32) draws=7082
27 (80,188,-28) @(80,-32) draws=7154
27 (90,36,-32) @(80,-32) draws=7157
27 (92,44,-28) @(80,-32) draws=7229
27 (95,112,-28) @(80,-32) draws=7301
27 (90,211,-28) @(80,-32) draws=7373
28 (85,75,-31) @(80,-32) draws=7376
28 (84,145,-21) @(80,-32) draws=7379
28 (81,182,-28) @(80,-32) draws=7382
28 (90,167,-29) @(80,-32) draws=7385
28 (88,43,-31) @(80,-32) draws=7388
28 (81,148,-29) @(80,-32) draws=7391
28 (94,145,-26) @(80,-32) draws=7394
28 (89,33,-32) @(80,-32) draws=7397
28 (92,157,-23) @(80,-32) draws=7400
28 (90,72,-19) @(80,-32) draws=7403
28 (95,253,-32) @(80,-32) draws=7406
28 (83,255,-21) @(80,-32) draws=7409
28 (89,77,-19) @(80,-32) draws=7412
28 (86,250,-26) @(80,-32) draws=7415
28 (82,36,-20) @(80,-32) draws=7418
28 (80,150,-23) @(80,-32) draws=7421
28 (94,154,-30) @(80,-32) draws=7424
28 (88,178,-25) @(80,-32) draws=7427
28 (84,119,-18) @(80,-32) draws=7430
28 (80,133,-22) @(80,-32) draws=7433
28 (84,107,-32) @(80,-32) draws=7436
28 (91,194,-27) @(80,-32) draws=7439
28 (82,135,-20) @(80,-32) draws=7442
28 (90,68,-28) @(80,-32) draws=7445
28 (88,51,-17) @(80,-32) draws=7448
28 (94,50,-29) @(80,-32) draws=7451
28 (94,123,-22) @(80,-32) draws=7454
28 (92,93,-20) @(80,-32) draws=7457
28 (81,115,-31) @(80,-32) draws=7460
28 (82,49,-19) @(80,-32) draws=7463
28 (85,61,-24) @(80,-32) draws=7466
28 (93,136,-17) @(80,-32) draws=7469
28 (85,91,-25) @(80,-32) draws=7472
28 (95,158,-23) @(80,-32) draws=7475
28 (88,251,-17) @(80,-32) draws=7478
28 (89,50,-19) @(80,-32) draws=7481
28 (87,160,-19) @(80,-32) draws=7484
28 (94,113,-17) @(80,-32) draws=7487
28 (82,237,-24) @(80,-32) draws=7490
28 (85,116,-26) @(80,-32) draws=7493
28 (94,69,-20) @(80,-32) draws=7496
28 (91,46,-27) @(80,-32) draws=7499
28 (82,151,-19) @(80,-32) draws=7502
28 (86,247,-20) @(80,-32) draws=7505
28 (95,226,-17) @(80,-32) draws=7508
28 (87,121,-20) @(80,-32) draws=7511
28 (80,222,-31) @(80,-32) draws=7514
28 (84,120,-22) @(80,-32) draws=7517
28 (80,56,-25) @(80,-32) draws=7520
28 (92,227,-25) @(80,-32) draws=7523
30 (81,55,-25) @(80,-32) draws=7531
0 (93,96,-44) @(80,-48) draws=7
0 (82,18,-34) @(80,-48) draws=79
0 (84,87,-34) @(80,-48) draws=151
0 (90,87,-38) @(80,-48) draws=223
0 (84,70,-45) @(80,-48) draws=295
0 (95,80,-41) @(80,-48) draws=367
0 (90,77,-48) @(80,-48) draws=439
1 (92,259,-48) @(80,-48) draws=511
1 (81,39,-48) @(80,-48) draws=517
1 (94,259,-44) @(80,-48) draws=589
1 (85,248,-43) @(80,-48) draws=595
1 (94,138,-33) @(80,-48) draws=601
1 (84,249,-42) @(80,-48) draws=673
1 (86,12,-37) @(80,-48) draws=679
1 (84,22,-45) @(80,-48) draws=751
1 (94,278,-40) @(80,-48) draws=823
1 (89,42,-43) @(80,-48) draws=829
1 (90,297,-36) @(80,-48) draws=901
1 (80,239,-35) @(80,-48) draws=907
1 (92,221,-40) @(80,-48) draws=913
1 (87,114,-34) @(80,-48) draws=919
3 (87,24,-38) @(80,-48) draws=992
3 (81,30,-43) @(80,-48) draws=1126
5 (84,21,-43) @(80,-48) draws=1261
5 (95,32,-43) @(80,-48) draws=1395
6 (85,107,-39) @(80,-48) draws=1530
7 (88,23,-48) @(80,-48) draws=1664
7 (85,9,-35) @(80,-48) draws=1798
8 (85,-50,-37) @(80,-48) draws=1932
8 (88,-22,-40) @(80,-48) draws=2066
9 (85,139,-48) @(80,-48) draws=2200
9 (90,186,-34) @(80,-48) draws=2206
9 (92,263,-47) @(80,-48) draws=2212
9 (83,301,-47) @(80,-48) draws=2218
9 (94,207,-36) @(80,-48) draws=2224
9 (92,293,-37) @(80,-48) draws=2230
9 (93,269,-39) @(80,-48) draws=2236
9 (81,262,-42) @(80,-48) draws=2242
9 (94,190,-34) @(80,-48) draws=2248
9 (82,165,-46) @(80,-48) draws=2254
9 (88,266,-47) @(80,-48) draws=2260
9 (89,175,-38) @(80,-48) draws=2266
9 (81,215,-42) @(80,-48) draws=2272
9 (91,143,-47) @(80,-48) draws=2278
9 (84,294,-45) @(80,-48) draws=2284
9 (92,182,-38) @(80,-48) draws=2290
9 (91,293,-47) @(80,-48) draws=2296
9 (81,270,-33) @(80,-48) draws=2302
9 (93,230,-36) @(80,-48) draws=2308
9 (89,208,-43) @(80,-48) draws=2314
9 (85,261,-42) @(80,-48) draws=2320
9 (88,312,-38) @(80,-48) draws=2326
9 (93,259,-34) @(80,-48) draws=2332
9 (80,310,-43) @(80,-48) draws=2338
9 (83,292,-35) @(80,-48) draws=2344
9 (85,311,-42) @(80,-48) draws=2350
9 (90,229,-44) @(80,-48) draws=2356
9 (85,200,-38) @(80,-48) draws=2362
9 (94,270,-37) @(80,-48) draws=2368
9 (92,193,-42) @(80,-48) draws=2374
10 (86,114,-38) @(80,-48) draws=2381
10 (86,64,-36) @(80,-48) draws=2448
10 (80,77,-34) @(80,-48) draws=2514
10 (92,45,-35) @(80,-48) draws=2575
10 (81,64,-42) @(80,-48) draws=2641
10 (94,61,-38) @(80,-48) draws=2705
10 (94,133,-34) @(80,-48) draws=2764
10 (85,115,-48) @(80,-48) draws=2820
10 (85,150,-38) @(80,-48) draws=2884
10 (89,152,-33) @(80,-48) draws=2891
10 (89,142,-37) @(80,-48) draws=2898
10 (90,76,-33) @(80,-48) draws=2905
10 (88,34,-44) @(80,-48) draws=2966
10 (85,39,-42) @(80,-48) draws=3025
10 (80,145,-40) @(80,-48) draws=3086
10 (93,94,-34) @(80,-48) draws=3093
10 (93,93,-39) @(80,-48) draws=3156
10 (81,86,-47) @(80,-48) draws=3221
10 (84,80,-41) @(80,-48) draws=3285
10 (81,149,-46) @(80,-48) draws=3348
11 (93,94,-40) @(80,-48) draws=3355
11 (83,235,-40) @(80,-48) draws=3380
11 (80,219,-38) @(80,-48) draws=3387
11 (88,187,-40) @(80,-48) draws=3394
11 (94,242,-44) @(80,-48) draws=3401
11 (92,177,-40) @(80,-48) draws=3408
11 (90,164,-33) @(80,-48) draws=3415
11 (80,219,-35) @(80,-48) draws=3422
11 (82,152,-44) @(80,-48) draws=3429
11 (83,115,-42) @(80,-48) draws=3436
11 (86,196,-48) @(80,-48) draws=3461
11 (83,300,-45) @(80,-48) draws=3468
11 (84,266,-46) @(80,-48) draws=3475
11 (90,276,-37) @(80,-48) draws=3482
11 (88,160,-40) @(80,-48) draws=3489
11 (95,231,-47) @(80,-48) draws=3496
11 (94,245,-48) @(80,-48) draws=3503
11 (86,215,-35) @(80,-48) draws=3510
11 (83,101,-36) @(80,-48) draws=3517
11 (92,169,-45) @(80,-48) draws=3542
11 (82,249,-36) @(80,-48) draws=3549
11 (80,232,-42) @(80,-48) draws=3556
11 (90,164,-41) @(80,-48) draws=3563
11 (86,199,-34) @(80,-48) draws=3570
11 (92,222,-33) @(80,-48) draws=3577
11 (85,239,-35) @(80,-48) draws=3584
11 (82,207,-46) @(80,-48) draws=3591
11 (86,313,-47) @(80,-48) draws=3598
11 (84,324,-36) @(80,-48) draws=3605
11 (81,265,-42) @(80,-48) draws=3612
11 (83,346,-38) @(80,-48) draws=3619
11 (82,207,-39) @(80,-48) draws=3626
11 (89,294,-41) @(80,-48) draws=3633
11 (80,174,-40) @(80,-48) draws=3640
11 (92,181,-35) @(80,-48) draws=3647
11 (88,203,-38) @(80,-48) draws=3654
11 (88,224,-39) @(80,-48) draws=3661
11 (85,270,-42) @(80,-48) draws=3668
11 (85,307,-45) @(80,-48) draws=3675
11 (89,190,-34) @(80,-48) draws=3682
11 (93,199,-34) @(80,-48) draws=3689
11 (87,323,-38) @(80,-48) draws=3696
11 (84,282,-46) @(80,-48) draws=3703
11 (80,173,-46) @(80,-48) draws=3710
11 (91,113,-34) @(80,-48) draws=3717
11 (87,231,-45) @(80,-48) draws=3742
11 (80,310,-42) @(80,-48) draws=3749
11 (91,218,-39) @(80,-48) draws=3756
11 (82,262,-41) @(80,-48) draws=3763
11 (84,267,-33) @(80,-48) draws=3770
11 (85,229,-33) @(80,-48) draws=3777
11 (89,184,-47) @(80,-48) draws=3784
11 (81,223,-37) @(80,-48) draws=3791
11 (95,255,-34) @(80,-48) draws=3798
11 (93,212,-43) @(80,-48) draws=3805
11 (80,203,-35) @(80,-48) draws=3812
11 (90,232,-39) @(80,-48) draws=3819
11 (94,323,-45) @(80,-48) draws=3826
11 (90,159,-36) @(80,-48) draws=3833
11 (94,208,-40) @(80,-48) draws=3840
11 (81,304,-35) @(80,-48) draws=3847
11 (89,273,-47) @(80,-48) draws=3854
11 (90,225,-35) @(80,-48) draws=3861
11 (86,301,-43) @(80,-48) draws=3868
11 (88,264,-46) @(80,-48) draws=3875
11 (92,247,-43) @(80,-48) draws=3882
11 (86,265,-44) @(80,-48) draws=3889
11 (87,248,-47) @(80,-48) draws=3896
11 (94,244,-46) @(80,-48) draws=3903
11 (89,314,-46) @(80,-48) draws=3910
11 (81,201,-40) @(80,-48) draws=3917
11 (95,336,-35) @(80,-48) draws=3924
11 (92,272,-38) @(80,-48) draws=3931
11 (84,199,-33) @(80,-48) draws=3938
11 (84,246,-41) @(80,-48) draws=3945
11 (91,265,-40) @(80,-48) draws=3952
11 (94,146,-34) @(80,-48) draws=3959
11 (95,277,-42) @(80,-48) draws=3966
11 (93,148,-36) @(80,-48) draws=3973
11 (89,304,-40) @(80,-48) draws=3980
11 (81,229,-34) @(80,-48) draws=3987
11 (95,268,-43) @(80,-48) draws=3994
11 (90,203,-47) @(80,-48) draws=4001
11 (94,235,-44) @(80,-48) draws=4008
11 (94,208,-43) @(80,-48) draws=4015
11 (85,182,-43) @(80,-48) draws=4022
11 (87,336,-41) @(80,-48) draws=4029
11 (83,190,-48) @(80,-48) draws=4036
11 (95,181,-37) @(80,-48) draws=4043
11 (92,91,-38) @(80,-48) draws=4050
12 (88,13,-47) @(80,-48) draws=4075
12 (84,20,-34) @(80,-48) draws=4100
12 (82,36,-42) @(80,-48) draws=4125
12 (84,-1,-43) @(80,-48) draws=4150
12 (81,11,-35) @(80,-48) draws=4175
12 (92,-3,-48) @(80,-48) draws=4200
12 (89,-6,-47) @(80,-48) draws=4225
12 (88,13,-46) @(80,-48) draws=4250
12 (87,26,-44) @(80,-48) draws=4275
12 (93,-3,-43) @(80,-48) draws=4300
13 (90,-42,-39) @(80,-48) draws=4324
13 (92,-53,-38) @(80,-48) draws=4338
13 (90,-17,-47) @(80,-48) draws=4352
13 (95,-25,-38) @(80,-48) draws=4366
13 (95,-56,-45) @(80,-48) draws=4380
13 (80,-54,-36) @(80,-48) draws=4394
13 (92,-39,-48) @(80,-48) draws=4408
13 (90,44,-44) @(80,-48) draws=4422
13 (82,5,-38) @(80,-48) draws=4436
13 (83,53,-39) @(80,-48) draws=4450
14 (89,3,-40) @(80,-48) draws=4465
14 (85,-1,-44) @(80,-48) draws=4498
14 (85,0,-41) @(80,-48) draws=4529
14 (88,-4,-48) @(80,-48) draws=4558
15 (86,-52,-46) @(80,-48) draws=4589
16 (88,12,-39) @(80,-48) draws=4623
16 (88,-3,-34) @(80,-48) draws=4645
16 (91,-36,-39) @(80,-48) draws=4667
16 (80,-5,-40) @(80,-48) draws=4689
17 (91,-57,-43) @(80,-48) draws=4712
17 (90,-71,-35) @(80,-48) draws=4735
17 (93,-62,-42) @(80,-48) draws=4758
17 (89,-54,-39) @(80,-48) draws=4781
17 (81,-59,-44) @(80,-48) draws=4804
17 (89,-42,-46) @(80,-48) draws=4827
17 (95,-50,-47) @(80,-48) draws=4850
17 (84,-60,-41) @(80,-48) draws=4873
18 (82,-102,-45) @(80,-48) draws=4896
18 (84,-78,-38) @(80,-48) draws=4911
18 (89,-72,-44) @(80,-48) draws=4926
18 (84,-78,-33) @(80,-48) draws=4941
18 (84,-57,-46) @(80,-48) draws=4956
18 (94,-62,-46) @(80,-48) draws=4971
18 (81,-24,-37) @(80,-48) draws=4986
19 (90,-46,-40) @(80,-48) draws=5000
19 (87,-19,-34) @(80,-48) draws=5024
21 (85,-109,-43) @(80,-48) draws=5056
21 (92,-91,-48) @(80,-48) draws=5079
21 (88,-16,-37) @(80,-48) draws=5102
21 (95,-52,-35) @(80,-48) draws=5125
22 (87,-4,-37) @(80,-48) draws=5148
22 (94,-10,-36) @(80,-48) draws=5169
23 (82,-54,-41) @(80,-48) draws=5189
23 (87,15,-44) @(80,-48) draws=5209
23 (86,-48,-33) @(80,-48) draws=5229
23 (95,-61,-38) @(80,-48) draws=5249
24 (81,41,-40) @(80,-48) draws=5270
24 (88,38,-42) @(80,-48) draws=5274
24 (88,78,-40) @(80,-48) draws=5278
24 (91,47,-33) @(80,-48) draws=5282
24 (91,-14,-40) @(80,-48) draws=5286
24 (92,19,-41) @(80,-48) draws=5290
24 (94,98,-35) @(80,-48) draws=5294
24 (90,48,-36) @(80,-48) draws=5298
24 (87,8,-35) @(80,-48) draws=5302
24 (83,69,-45) @(80,-48) draws=5306
24 (81,-4,-35) @(80,-48) draws=5310
24 (92,39,-35) @(80,-48) draws=5314
24 (95,6,-36) @(80,-48) draws=5318
24 (91,5,-45) @(80,-48) draws=5322
24 (91,101,-44) @(80,-48) draws=5326
24 (86,60,-48) @(80,-48) draws=5330
25 (94,71,-36) @(80,-48) draws=5334
25 (93,67,-45) @(80,-48) draws=5361
25 (94,42,-48) @(80,-48) draws=5388
25 (82,36,-45) @(80,-48) draws=5415
25 (82,81,-45) @(80,-48) draws=5442
25 (87,52,-37) @(80,-48) draws=5469
25 (83,68,-47) @(80,-48) draws=5496
25 (87,97,-48) @(80,-48) draws=5523
25 (85,102,-41) @(80,-48) draws=5550
25 (86,19,-40) @(80,-48) draws=5577
25 (95,75,-41) @(80,-48) draws=5604
25 (83,23,-38) @(80,-48) draws=5631
25 (89,65,-35) @(80,-48) draws=5658
25 (87,56,-42) @(80,-48) draws=5685
25 (93,56,-44) @(80,-48) draws=5712
25 (85,51,-36) @(80,-48) draws=5739
26 (80,-52,-41) @(80,-48) draws=5766
26 (81,-25,-40) @(80,-48) draws=5769
26 (86,-53,-43) @(80,-48) draws=5772
26 (94,-54,-44) @(80,-48) draws=5775
26 (87,61,-43) @(80,-48) draws=5781
26 (80,-5,-38) @(80,-48) draws=5784
26 (94,108,-38) @(80,-48) draws=5787
26 (82,94,-48) @(80,-48) draws=5790
26 (91,39,-33) @(80,-48) draws=5793
26 (82,5,-47) @(80,-48) draws=5796
26 (82,75,-39) @(80,-48) draws=5799
26 (92,26,-37) @(80,-48) draws=5802
26 (94,77,-36) @(80,-48) draws=5805
26 (91,101,-41) @(80,-48) draws=5808
26 (89,-44,-38) @(80,-48) draws=5811
26 (91,39,-43) @(80,-48) draws=5814
26 (84,74,-48) @(80,-48) draws=5853
26 (83,77,-33) @(80,-48) draws=5856
26 (83,16,-43) @(80,-48) draws=5859
26 (93,-5,-43) @(80,-48) draws=5862
26 (85,14,-40) @(80,-48) draws=5868
26 (94,71,-46) @(80,-48) draws=5871
26 (95,32,-45) @(80,-48) draws=5874
26 (94,-31,-34) @(80,-48) draws=5880
26 (89,-31,-38) @(80,-48) draws=5883
26 (85,59,-44) @(80,-48) draws=5886
26 (93,132,-41) @(80,-48) draws=5898
26 (95,18,-41) @(80,-48) draws=5901
26 (90,59,-44) @(80,-48) draws=5904
26 (89,25,-40) @(80,-48) draws=5910
26 (89,-32,-37) @(80,-48) draws=5919
27 (90,121,-41) @(80,-48) draws=5925
27 (82,252,-48) @(80,-48) draws=5997
27 (89,198,-37) @(80,-48) draws=6000
27 (80,33,-36) @(80,-48) draws=6003
27 (93,-49,-35) @(80,-48) draws=6075
27 (91,227,-45) @(80,-48) draws=6078
27 (90,248,-48) @(80,-48) draws=6081
27 (85,207,-48) @(80,-48) draws=6084
27 (84,42,-36) @(80,-48) draws=6087
27 (85,144,-46) @(80,-48) draws=6159
27 (85,160,-35) @(80,-48) draws=6162
27 (89,8,-33) @(80,-48) draws=6165
27 (82,151,-39) @(80,-48) draws=6168
27 (88,135,-38) @(80,-48) draws=6171
27 (83,74,-41) @(80,-48) draws=6174
27 (86,114,-36) @(80,-48) draws=6246
27 (92,149,-37) @(80,-48) draws=6318
27 (91,86,-35) @(80,-48) draws=6321
27 (81,0,-35) @(80,-48) draws=6393
27 (95,207,-45) @(80,-48) draws=6396
27 (89,232,-36) @(80,-48) draws=6399
27 (88,176,-46) @(80,-48) draws=6402
27 (94,214,-36) @(80,-48) draws=6405
27 (95,156,-33) @(80,-48) draws=6408
27 (87,-59,-36) @(80,-48) draws=6411
27 (95,143,-43) @(80,-48) draws=6414
27 (85,-10,-40) @(80,-48) draws=6417
27 (91,28,-48) @(80,-48) draws=6420
27 (89,231,-36) @(80,-48) draws=6492
27 (81,16,-38) @(80,-48) draws=6495
27 (87,162,-34) @(80,-48) draws=6567
27 (91,67,-33) @(80,-48) draws=6570
27 (87,4,-44) @(80,-48) draws=6642
27 (81,30,-39) @(80,-48) draws=6645
27 (81,44,-37) @(80,-48) draws=6717
27 (84,13,-44) @(80,-48) draws=6789
27 (80,131,-46) @(80,-48) draws=6861
27 (91,-18,-47) @(80,-48) draws=6864
27 (86,33,-38) @(80,-48) draws=6867
27 (84,89,-34) @(80,-48) draws=6939
27 (88,95,-48) @(80,-48) draws=7011
27 (94,185,-45) @(80,-48) draws=7083
27 (81,-32,-44) @(80,-48) draws=7086
27 (93,-3,-33) @(80,-48) draws=7089
27 (95,67,-36) @(80,-48) draws=7092
27 (84,228,-44) @(80,-48) draws=7164
28 (86,176,-38) @(80,-48) draws=7167
28 (93,66,-33) @(80,-48) draws=7170
28 (83,79,-41) @(80,-48) draws=7173
28 (90,73,-34) @(80,-48) draws=7176
28 (89,157,-44) @(80,-48) draws=7179
28 (95,142,-38) @(80,-48) draws=7182
28 (80,218,-44) @(80,-48) draws=7185
28 (80,56,-43) @(80,-48) draws=7188
28 (91,78,-36) @(80,-48) draws=7191
28 (86,58,-34) @(80,-48) draws=7194
28 (87,197,-47) @(80,-48) draws=7197
28 (95,138,-46) @(80,-48) draws=7200
28 (86,140,-39) @(80,-48) draws=7203
28 (91,255,-38) @(80,-48) draws=7206
28 (81,202,-38) @(80,-48) draws=7209
28 (95,154,-44) @(80,-48) draws=7212
28 (87,79,-37) @(80,-48) draws=7215
28 (89,155,-36) @(80,-48) draws=7218
28 (80,240,-37) @(80,-48) draws=7221
28 (89,111,-45) @(80,-48) draws=7224
28 (89,241,-33) @(80,-48) draws=7227
28 (94,236,-45) @(80,-48) draws=7230
28 (80,193,-48) @(80,-48) draws=7233
28 (89,91,-34) @(80,-48) draws=7236
28 (89,189,-45) @(80,-48) draws=7239
28 (87,256,-45) @(80,-48) draws=7242
28 (84,191,-46) @(80,-48) draws=7245
28 (93,181,-47) @(80,-48) draws=7248
28 (86,91,-35) @(80,-48) draws=7251
28 (87,142,-37) @(80,-48) draws=7254
28 (87,52,-41) @(80,-48) draws=7257
28 (89,204,-42) @(80,-48) draws=7260
28 (81,50,-45) @(80,-48) draws=7263
28 (95,134,-43) @(80,-48) draws=7266
28 (93,122,-41) @(80,-48) draws=7269
28 (88,205,-38) @(80,-48) draws=7272
28 (88,55,-33) @(80,-48) draws=7275
28 (95,169,-41) @(80,-48) draws=7278
28 (82,254,-44) @(80,-48) draws=7281
28 (93,76,-47) @(80,-48) draws=7284
28 (82,153,-37) @(80,-48) draws=7287
28 (86,146,-42) @(80,-48) draws=7290
28 (93,132,-46) @(80,-48) draws=7293
28 (91,114,-36) @(80,-48) draws=7296
28 (93,63,-37) @(80,-48) draws=7299
28 (89,77,-38) @(80,-48) draws=7302
28 (91,65,-46) @(80,-48) draws=7305
28 (92,243,-43) @(80,-48) draws=7308
28 (84,147,-47) @(80,-48) draws=7311
28 (82,182,-47) @(80,-48) draws=7314
0 (102,67,-33) @(96,-48) draws=7
0 (101,122,-39) @(96,-48) draws=79
0 (98,111,-45) @(96,-48) draws=151
0 (103,75,-38) @(96,-48) draws=223
0 (99,135,-33) @(96,-48) draws=295
0 (106,5,-35) @(96,-48) draws=367
0 (107,156,-33) @(96,-48) draws=439
1 (97,232,-37) @(96,-48) draws=445
1 (105,26,-34) @(96,-48) draws=451
1 (102,125,-37) @(96,-48) draws=523
1 (108,311,-36) @(96,-48) draws=595
1 (99,-8,-33) @(96,-48) draws=601
1 (109,287,-36) @(96,-48) draws=673
1 (110,262,-39) @(96,-48) draws=679
1 (107,228,-34) @(96,-48) draws=685
1 (96,317,-37) @(96,-48) draws=691
1 (104,19,-40) @(96,-48) draws=697
1 (111,135,-38) @(96,-48) draws=769
1 (103,254,-48) @(96,-48) draws=841
1 (98,194,-47) @(96,-48) draws=847
1 (97,-20,-36) @(96,-48) draws=853
3 (102,31,-36) @(96,-48) draws=926
3 (107,2,-40) @(96,-48) draws=1060
4 (105,70,-40) @(96,-48) draws=1195
5 (110,38,-48) @(96,-48) draws=1329
5 (98,28,-48) @(96,-48) draws=1463
7 (105,53,-33) @(96,-48) draws=1598
7 (111,53,-46) @(96,-48) draws=1732
8 (108,-52,-36) @(96,-48) draws=1866
8 (107,-49,-33) @(96,-48) draws=2000
9 (101,276,-36) @(96,-48) draws=2134
9 (107,235,-44) @(96,-48) draws=2140
9 (106,299,-36) @(96,-48) draws=2146
9 (101,256,-35) @(96,-48) draws=2152
9 (108,180,-33) @(96,-48) draws=2158
9 (110,313,-46) @(96,-48) draws=2164
9 (97,161,-35) @(96,-48) draws=2170
9 (106,224,-48) @(96,-48) draws=2176
9 (107,221,-46) @(96,-48) draws=2182
9 (108,147,-44) @(96,-48) draws=2188
9 (103,184,-34) @(96,-48) draws=2194
9 (107,182,-42) @(96,-48) draws=2200
9 (102,259,-43) @(96,-48) draws=2206
9 (103,177,-36) @(96,-48) draws=2212
9 (101,160,-47) @(96,-48) draws=2218
9 (102,271,-35) @(96,-48) draws=2224
9 (110,275,-47) @(96,-48) draws=2230
9 (100,235,-37) @(96,-48) draws=2236
9 (96,310,-39) @(96,-48) draws=2242
9 (96,207,-47) @(96,-48) draws=2248
9 (98,249,-40) @(96,-48) draws=2254
9 (106,173,-44) @(96,-48) draws=2260
9 (109,299,-43) @(96,-48) draws=2266
9 (96,146,-33) @(96,-48) draws=2272
9 (101,165,-42) @(96,-48) draws=2278
9 (96,231,-39) @(96,-48) draws=2284
9 (101,266,-38) @(96,-48) draws=2290
9 (110,174,-47) @(96,-48) draws=2296
9 (103,165,-46) @(96,-48) draws=2302
9 (111,186,-48) @(96,-48) draws=2308
10 (105,58,-38) @(96,-48) draws=2315
10 (97,80,-35) @(96,-48) draws=2374
10 (98,155,-35) @(96,-48) draws=2433
10 (106,146,-48) @(96,-48) draws=2440
10 (104,49,-46) @(96,-48) draws=2447
10 (105,80,-36) @(96,-48) draws=2513
10 (101,86,-36) @(96,-48) draws=2575
10 (108,112,-43) @(96,-48) draws=2642
10 (97,108,-48) @(96,-48) draws=2705
10 (108,133,-36) @(96,-48) draws=2771
10 (99,139,-43) @(96,-48) draws=2836
10 (107,39,-34) @(96,-48) draws=2877
10 (99,158,-42) @(96,-48) draws=2933
10 (100,91,-43) @(96,-48) draws=2940
10 (98,27,-41) @(96,-48) draws=3005
10 (107,15,-48) @(96,-48) draws=3064
10 (104,102,-34) @(96,-48) draws=3121
10 (107,38,-42) @(96,-48) draws=3186
10 (97,104,-47) @(96,-48) draws=3243
10 (98,112,-34) @(96,-48) draws=3304
11 (98,159,-43) @(96,-48) draws=3369
11 (103,269,-38) @(96,-48) draws=3376
11 (96,312,-44) @(96,-48) draws=3383
11 (104,217,-43) @(96,-48) draws=3390
11 (105,223,-45) @(96,-48) draws=3397
11 (107,276,-48) @(96,-48) draws=3404
11 (106,205,-48) @(96,-48) draws=3411
11 (98,200,-34) @(96,-48) draws=3418
11 (103,110,-36) @(96,-48) draws=3425
11 (103,240,-43) @(96,-48) draws=3450
11 (106,137,-41) @(96,-48) draws=3457
11 (98,287,-36) @(96,-48) draws=3482
11 (107,221,-35) @(96,-48) draws=3489
11 (104,230,-48) @(96,-48) draws=3496
11 (111,213,-38) @(96,-48) draws=3503
11 (101,133,-41) @(96,-48) draws=3510
11 (107,259,-48) @(96,-48) draws=3535
11 (103,199,-46) @(96,-48) draws=3542
11 (110,250,-33) @(96,-48) draws=3549
11 (107,233,-44) @(96,-48) draws=3556
11 (102,137,-34) @(96,-48) draws=3563
11 (100,278,-42) @(96,-48) draws=3588
11 (100,205,-43) @(96,-48) draws=3595
11 (98,208,-45) @(96,-48) draws=3602
11 (104,226,-41) @(96,-48) draws=3609
11 (103,243,-47) @(96,-48) draws=3616
11 (98,232,-45) @(96,-48) draws=3623
11 (101,228,-40) @(96,-48) draws=3630
11 (96,152,-45) @(96,-48) draws=3637
11 (107,287,-39) @(96,-48) draws=3644
11 (108,260,-40) @(96,-48) draws=3651
11 (105,234,-37) @(96,-48) draws=3658
11 (97,101,-46) @(96,-48) draws=3665
11 (100,251,-35) @(96,-48) draws=3690
11 (98,171,-46) @(96,-48) draws=3697
11 (104,361,-34) @(96,-48) draws=3704
11 (99,285,-46) @(96,-48) draws=3711
11 (111,142,-36) @(96,-48) draws=3718
11 (100,206,-43) @(96,-48) draws=3743
11 (104,250,-45) @(96,-48) draws=3750
11 (110,91,-48) @(96,-48) draws=3757
11 (101,254,-48) @(96,-48) draws=3782
11 (98,247,-34) @(96,-48) draws=3789
11 (104,259,-42) @(96,-48) draws=3796
11 (96,236,-36) @(96,-48) draws=3803
11 (100,135,-37) @(96,-48) draws=3810
11 (108,134,-47) @(96,-48) draws=3835
11 (110,296,-46) @(96,-48) draws=3860
11 (110,198,-45) @(96,-48) draws=3867
11 (110,247,-33) @(96,-48) draws=3874
11 (100,240,-38) @(96,-48) draws=3881
11 (110,206,-45) @(96,-48) draws=3888
11 (103,189,-37) @(96,-48) draws=3895
11 (102,195,-35) @(96,-48) draws=3902
11 (99,251,-44) @(96,-48) draws=3909
11 (97,319,-39) @(96,-48) draws=3916
11 (97,365,-43) @(96,-48) draws=3923
11 (103,223,-47) @(96,-48) draws=3930
11 (105,295,-38) @(96,-48) draws=3937
11 (109,117,-46) @(96,-48) draws=3944
11 (98,242,-33) @(96,-48) draws=3969
11 (101,213,-38) @(96,-48) draws=3976
11 (97,279,-39) @(96,-48) draws=3983
11 (101,168,-37) @(96,-48) draws=3990
11 (111,291,-38) @(96,-48) draws=3997
11 (103,258,-41) @(96,-48) draws=4004
11 (98,341,-38) @(96,-48) draws=4011
11 (106,246,-40) @(96,-48) draws=4018
11 (104,216,-37) @(96,-48) draws=4025
11 (109,248,-33) @(96,-48) draws=4032
11 (98,301,-44) @(96,-48) draws=4039
11 (100,191,-46) @(96,-48) draws=4046
11 (105,150,-38) @(96,-48) draws=4053
11 (102,179,-45) @(96,-48) draws=4060
11 (100,318,-45) @(96,-48) draws=4067
11 (96,298,-43) @(96,-48) draws=4074
11 (109,231,-37) @(96,-48) draws=4081
11 (102,332,-47) @(96,-48) draws=4088
11 (99,233,-41) @(96,-48) draws=4095
11 (98,200,-46) @(96,-48) draws=4102
11 (109,155,-45) @(96,-48) draws=4109
11 (105,283,-45) @(96,-48) draws=4116
11 (108,131,-40) @(96,-48) draws=4123
11 (104,276,-47) @(96,-48) draws=4148
11 (108,180,-33) @(96,-48) draws=4155
11 (108,210,-38) @(96,-48) draws=4162
11 (96,200,-46) @(96,-48) draws=4169
11 (96,184,-38) @(96,-48) draws=4176
11 (105,256,-45) @(96,-48) draws=4183
11 (109,277,-36) @(96,-48) draws=4190
12 (97,38,-46) @(96,-48) draws=4197
12 (109,4,-35) @(96,-48) draws=4222
12 (105,-9,-48) @(96,-48) draws=4247
12 (103,9,-42) @(96,-48) draws=4272
12 (107,18,-44) @(96,-48) draws=4297
12 (105,19,-48) @(96,-48) draws=4322
12 (102,37,-48) @(96,-48) draws=4347
12 (104,0,-36) @(96,-48) draws=4372
12 (102,1,-36) @(96,-48) draws=4397
12 (96,28,-35) @(96,-48) draws=4422
13 (96,10,-33) @(96,-48) draws=4446
13 (96,-39,-42) @(96,-48) draws=4460
13 (107,23,-38) @(96,-48) draws=4474
13 (101,39,-37) @(96,-48) draws=4488
13 (98,63,-44) @(96,-48) draws=4502
13 (111,-38,-36) @(96,-48) draws=4516
13 (102,-40,-42) @(96,-48) draws=4530
13 (101,25,-38) @(96,-48) draws=4544
13 (97,36,-40) @(96,-48) draws=4558
13 (100,-51,-38) @(96,-48) draws=4572
14 (98,17,-42) @(96,-48) draws=4587
14 (97,-39,-36) @(96,-48) draws=4618
14 (101,-19,-35) @(96,-48) draws=4649
14 (111,-41,-34) @(96,-48) draws=4682
15 (98,-48,-41) @(96,-48) draws=4717
16 (108,3,-36) @(96,-48) draws=4749
16 (111,-59,-35) @(96,-48) draws=4771
16 (101,-17,-37) @(96,-48) draws=4793
16 (97,-37,-48) @(96,-48) draws=4815
17 (109,-70,-36) @(96,-48) draws=4838
17 (111,-83,-46) @(96,-48) draws=4861
17 (98,-59,-45) @(96,-48) draws=4884
17 (109,-57,-48) @(96,-48) draws=4907
17 (108,-71,-41) @(96,-48) draws=4930
17 (107,-62,-47) @(96,-48) draws=4953
17 (99,-61,-38) @(96,-48) draws=4976
17 (105,-34,-45) @(96,-48) draws=4999
18 (105,-93,-39) @(96,-48) draws=5022
18 (104,-39,-41) @(96,-48) draws=5037
18 (101,-92,-36) @(96,-48) draws=5052
18 (110,-40,-36) @(96,-48) draws=5067
18 (104,-76,-37) @(96,-48) draws=5085
18 (97,-56,-39) @(96,-48) draws=5100
18 (108,-89,-43) @(96,-48) draws=5117
19 (96,-21,-45) @(96,-48) draws=5131
19 (108,-32,-47) @(96,-48) draws=5157
21 (111,-87,-42) @(96,-48) draws=5189
21 (96,-13,-39) @(96,-48) draws=5212
21 (105,-102,-35) @(96,-48) draws=5235
21 (107,-84,-48) @(96,-48) draws=5258
22 (108,8,-36) @(96,-48) draws=5281
22 (101,10,-44) @(96,-48) draws=5302
23 (98,28,-37) @(96,-48) draws=5322
23 (110,6,-42) @(96,-48) draws=5342
23 (99,-57,-47) @(96,-48) draws=5362
23 (102,-48,-39) @(96,-48) draws=5382
24 (100,44,-45) @(96,-48) draws=5403
24 (109,18,-37) @(96,-48) draws=5407
24 (110,98,-34) @(96,-48) draws=5411
24 (102,52,-39) @(96,-48) draws=5415
24 (111,72,-34) @(96,-48) draws=5419
24 (100,54,-33) @(96,-48) draws=5423
24 (110,29,-33) @(96,-48) draws=5427
24 (109,45,-42) @(96,-48) draws=5431
24 (107,65,-48) @(96,-48) draws=5435
24 (104,82,-43) @(96,-48) draws=5439
24 (103,42,-42) @(96,-48) draws=5443
24 (105,-12,-37) @(96,-48) draws=5447
24 (96,48,-44) @(96,-48) draws=5451
24 (107,40,-43) @(96,-48) draws=5455
24 (106,108,-37) @(96,-48) draws=5459
24 (100,70,-40) @(96,-48) draws=5463
25 (110,5,-36) @(96,-48) draws=5467
25 (97,58,-38) @(96,-48) draws=5494
25 (101,86,-39) @(96,-48) draws=5521
25 (106,27,-43) @(96,-48) draws=5548
25 (101,97,-36) @(96,-48) draws=5575
25 (109,67,-43) @(96,-48) draws=5602
25 (109,90,-45) @(96,-48) draws=5629
25 (103,56,-40) @(96,-48) draws=5656
25 (106,-11,-37) @(96,-48) draws=5683
25 (106,64,-35) @(96,-48) draws=5710
25 (100,14,-47) @(96,-48) draws=5737
25 (108,19,-44) @(96,-48) draws=5764
25 (97,11,-47) @(96,-48) draws=5791
25 (103,59,-34) @(96,-48) draws=5818
25 (107,36,-41) @(96,-48) draws=5845
25 (97,4,-35) @(96,-48) draws=5872
26 (99,86,-43) @(96,-48) draws=5899
26 (109,-41,-45) @(96,-48) draws=5902
26 (100,27,-46) @(96,-48) draws=5917
26 (96,80,-34) @(96,-48) draws=5926
26 (101,10,-35) @(96,-48) draws=5929
26 (110,117,-40) @(96,-48) draws=5932
26 (111,85,-47) @(96,-48) draws=5941
26 (100,127,-39) @(96,-48) draws=5944
26 (106,-8,-42) @(96,-48) draws=5947
26 (97,-58,-48) @(96,-48) draws=5950
26 (109,-52,-36) @(96,-48) draws=5959
26 (98,99,-40) @(96,-48) draws=5974
26 (107,68,-33) @(96,-48) draws=5980
26 (108,-22,-38) @(96,-48) draws=5983
26 (100,-51,-41) @(96,-48) draws=5986
26 (106,-13,-37) @(96,-48) draws=5992
26 (98,32,-46) @(96,-48) draws=5995
26 (107,50,-36) @(96,-48) draws=6007
26 (108,8,-33) @(96,-48) draws=6010
26 (103,120,-41) @(96,-48) draws=6016
26 (109,-47,-33) @(96,-48) draws=6019
26 (97,-46,-48) @(96,-48) draws=6022
26 (101,22,-37) @(96,-48) draws=6025
26 (110,3,-37) @(96,-48) draws=6028
27 (105,98,-37) @(96,-48) draws=6034
27 (110,59,-39) @(96,-48) draws=6106
27 (100,114,-45) @(96,-48) draws=6178
27 (105,190,-47) @(96,-48) draws=6250
27 (105,-45,-40) @(96,-48) draws=6253
27 (101,118,-45) @(96,-48) draws=6256
27 (96,-39,-39) @(96,-48) draws=6328
27 (98,70,-37) @(96,-48) draws=6331
27 (99,4,-38) @(96,-48) draws=6403
27 (109,-36,-38) @(96,-48) draws=6406
27 (101,209,-43) @(96,-48) draws=6409
27 (98,-42,-45) @(96,-48) draws=6412
27 (97,200,-33) @(96,-48) draws=6415
27 (103,156,-41) @(96,-48) draws=6418
27 (104,61,-40) @(96,-48) draws=6421
27 (101,-34,-41) @(96,-48) draws=6493
27 (109,254,-39) @(96,-48) draws=6496
27 (98,-26,-44) @(96,-48) draws=6499
27 (104,64,-40) @(96,-48) draws=6502
27 (110,-46,-38) @(96,-48) draws=6574
27 (107,246,-34) @(96,-48) draws=6577
27 (103,144,-35) @(96,-48) draws=6580
27 (98,65,-48) @(96,-48) draws=6583
27 (101,165,-44) @(96,-48) draws=6655
27 (103,200,-36) @(96,-48) draws=6658
27 (106,223,-46) @(96,-48) draws=6661
27 (100,104,-48) @(96,-48) draws=6664
27 (100,15,-37) @(96,-48) draws=6736
27 (104,85,-48) @(96,-48) draws=6739
27 (103,125,-40) @(96,-48) draws=6811
27 (108,241,-35) @(96,-48) draws=6814
27 (108,118,-39) @(96,-48) draws=6817
27 (98,86,-42) @(96,-48) draws=6889
27 (97,-40,-41) @(96,-48) draws=6961
27 (98,137,-38) @(96,-48) draws=6964
27 (102,-6,-45) @(96,-48) draws=6967
27 (97,-38,-33) @(96,-48) draws=6970
27 (99,-20,-40) @(96,-48) draws=6973
27 (96,12,-45) @(96,-48) draws=6976
27 (103,94,-47) @(96,-48) draws=6979
27 (102,2,-33) @(96,-48) draws=7051
27 (98,-7,-37) @(96,-48) draws=7054
27 (100,179,-38) @(96,-48) draws=7057
27 (97,-13,-34) @(96,-48) draws=7060
27 (110,47,-33) @(96,-48) draws=7063
27 (104,29,-43) @(96,-48) draws=7135
28 (102,141,-45) @(96,-48) draws=7207
28 (104,101,-41) @(96,-48) draws=7210
28 (99,208,-35) @(96,-48) draws=7213
28 (110,151,-48) @(96,-48) draws=7216
28 (107,173,-36) @(96,-48) draws=7219
28 (98,127,-38) @(96,-48) draws=7222
28 (107,246,-35) @(96,-48) draws=7225
28 (103,149,-45) @(96,-48) draws=7228
28 (105,250,-36) @(96,-48) draws=7231
28 (109,41,-39) @(96,-48) draws=7234
28 (103,78,-40) @(96,-48) draws=7237
28 (110,43,-41) @(96,-48) draws=7240
28 (103,166,-48) @(96,-48) draws=7243
28 (111,243,-44) @(96,-48) draws=7246
28 (97,37,-45) @(96,-48) draws=7249
28 (99,124,-38) @(96,-48) draws=7252
28 (109,168,-46) @(96,-48) draws=7255
28 (108,164,-42) @(96,-48) draws=7258
28 (106,136,-38) @(96,-48) draws=7261
28 (105,111,-41) @(96,-48) draws=7264
28 (96,186,-48) @(96,-48) draws=7267
28 (108,89,-47) @(96,-48) draws=7270
28 (101,165,-43) @(96,-48) draws=7273
28 (100,47,-44) @(96,-48) draws=7276
28 (103,97,-45) @(96,-48) draws=7279
28 (102,179,-37) @(96,-48) draws=7282
28 (104,69,-48) @(96,-48) draws=7285
28 (96,141,-41) @(96,-48) draws=7288
28 (105,177,-36) @(96,-48) draws=7291
28 (109,172,-41) @(96,-48) draws=7294
28 (104,54,-34) @(96,-48) draws=7297
28 (108,246,-36) @(96,-48) draws=7300
28 (108,224,-38) @(96,-48) draws=7303
28 (100,251,-35) @(96,-48) draws=7306
28 (98,250,-34) @(96,-48) draws=7309
28 (98,54,-36) @(96,-48) draws=7312
28 (104,76,-45) @(96,-48) draws=7315
28 (97,67,-33) @(96,-48) draws=7318
28 (109,207,-37) @(96,-48) draws=7321
28 (104,249,-34) @(96,-48) draws=7324
28 (96,233,-48) @(96,-48) draws=7327
28 (111,202,-36) @(96,-48) draws=7330
28 (106,33,-40) @(96,-48) draws=7333
28 (104,72,-45) @(96,-48) draws=7336
28 (102,215,-45) @(96,-48) draws=7339
28 (102,172,-43) @(96,-48) draws=7342
28 (108,206,-48) @(96,-48) draws=7345
28 (107,34,-37) @(96,-48) draws=7348
28 (101,89,-44) @(96,-48) draws=7351
28 (111,151,-36) @(96,-48) draws=7354
0 (122,121,-43) @(112,-48) draws=7
0 (118,41,-35) @(112,-48) draws=79
0 (124,53,-37) @(112,-48) draws=151
0 (122,70,-37) @(112,-48) draws=223
0 (122,100,-47) @(112,-48) draws=295
0 (113,85,-41) @(112,-48) draws=367
0 (115,28,-39) @(112,-48) draws=439
1 (127,180,-41) @(112,-48) draws=511
1 (115,9,-34) @(112,-48) draws=517
1 (119,53,-36) @(112,-48) draws=589
1 (127,237,-42) @(112,-48) draws=661
1 (113,134,-33) @(112,-48) draws=667
1 (126,280,-44) @(112,-48) draws=739
1 (116,191,-40) @(112,-48) draws=745
1 (117,-5,-44) @(112,-48) draws=751
1 (123,114,-46) @(112,-48) draws=823
1 (113,-18,-37) @(112,-48) draws=895
1 (121,127,-41) @(112,-48) draws=967
1 (127,296,-42) @(112,-48) draws=1039
1 (126,194,-48) @(112,-48) draws=1045
1 (127,298,-46) @(112,-48) draws=1051
3 (124,45,-45) @(112,-48) draws=1058
3 (119,48,-47) @(112,-48) draws=1192
4 (122,100,-33) @(112,-48) draws=1327
5 (122,59,-47) @(112,-48) draws=1461
5 (112,10,-41) @(112,-48) draws=1595
7 (127,0,-42) @(112,-48) draws=1730
7 (115,20,-46) @(112,-48) draws=1864
8 (123,-22,-36) @(112,-48) draws=1998
8 (123,-33,-42) @(112,-48) draws=2132
9 (121,319,-47) @(112,-48) draws=2266
9 (115,191,-44) @(112,-48) draws=2272
9 (120,282,-42) @(112,-48) draws=2278
9 (112,168,-36) @(112,-48) draws=2284
9 (124,194,-38) @(112,-48) draws=2290
9 (122,169,-35) @(112,-48) draws=2296
9 (121,236,-48) @(112,-48) draws=2302
9 (125,242,-36) @(112,-48) draws=2308
9 (125,310,-38) @(112,-48) draws=2314
9 (127,153,-46) @(112,-48) draws=2320
9 (119,319,-48) @(112,-48) draws=2326
9 (117,228,-44) @(112,-48) draws=2332
9 (116,261,-38) @(112,-48) draws=2338
9 (118,273,-35) @(112,-48) draws=2344
9 (118,194,-47) @(112,-48) draws=2350
9 (127,157,-40) @(112,-48) draws=2356
9 (119,288,-43) @(112,-48) draws=2362
9 (124,319,-41) @(112,-48) draws=2368
9 (127,259,-48) @(112,-48) draws=2374
9 (116,242,-41) @(112,-48) draws=2380
9 (124,229,-43) @(112,-48) draws=2386
9 (114,257,-41) @(112,-48) draws=2392
9 (120,233,-38) @(112,-48) draws=2398
9 (112,156,-42) @(112,-48) draws=2404
9 (112,287,-44) @(112,-48) draws=2410
9 (122,225,-42) @(112,-48) draws=2416
9 (121,249,-41) @(112,-48) draws=2422
9 (114,287,-42) @(112,-48) draws=2428
9 (115,172,-38) @(112,-48) draws=2434
9 (117,297,-46) @(112,-48) draws=2440
10 (119,76,-42) @(112,-48) draws=2447
10 (117,137,-44) @(112,-48) draws=2511
10 (118,164,-42) @(112,-48) draws=2557
10 (113,84,-47) @(112,-48) draws=2564
10 (121,83,-38) @(112,-48) draws=2625
10 (121,90,-41) @(112,-48) draws=2688
10 (119,59,-37) @(112,-48) draws=2753
10 (120,48,-35) @(112,-48) draws=2819
10 (119,81,-44) @(112,-48) draws=2878
10 (122,76,-44) @(112,-48) draws=2941
10 (121,104,-40) @(112,-48) draws=3006
10 (125,42,-36) @(112,-48) draws=3071
10 (116,38,-46) @(112,-48) draws=3130
10 (116,47,-38) @(112,-48) draws=3195
10 (123,119,-35) @(112,-48) draws=3259
10 (124,71,-36) @(112,-48) draws=3318
10 (119,72,-43) @(112,-48) draws=3368
10 (119,138,-35) @(112,-48) draws=3429
10 (122,11,-35) @(112,-48) draws=3484
10 (121,81,-46) @(112,-48) draws=3543
11 (126,300,-37) @(112,-48) draws=3604
11 (124,170,-44) @(112,-48) draws=3611
11 (116,286,-40) @(112,-48) draws=3618
11 (119,126,-38) @(112,-48) draws=3625
11 (116,170,-39) @(112,-48) draws=3650
11 (125,333,-33) @(112,-48) draws=3657
11 (113,201,-43) @(112,-48) draws=3664
11 (126,217,-39) @(112,-48) draws=3671
11 (114,214,-38) @(112,-48) draws=3678
11 (121,224,-43) @(112,-48) draws=3685
11 (121,139,-34) @(112,-48) draws=3692
11 (119,264,-41) @(112,-48) draws=3717
11 (117,250,-41) @(112,-48) draws=3724
11 (121,332,-42) @(112,-48) draws=3731
11 (115,200,-46) @(112,-48) draws=3738
11 (125,148,-43) @(112,-48) draws=3745
11 (121,210,-40) @(112,-48) draws=3770
11 (126,310,-48) @(112,-48) draws=3777
11 (115,308,-36) @(112,-48) draws=3784
11 (112,251,-33) @(112,-48) draws=3791
11 (112,271,-37) @(112,-48) draws=3798
11 (126,203,-34) @(112,-48) draws=3805
11 (120,208,-41) @(112,-48) draws=3812
11 (115,199,-38) @(112,-48) draws=3819
11 (113,92,-48) @(112,-48) draws=3826
11 (125,260,-43) @(112,-48) draws=3851
11 (120,267,-46) @(112,-48) draws=3858
11 (114,304,-43) @(112,-48) draws=3865
11 (125,281,-48) @(112,-48) draws=3872
11 (113,184,-47) @(112,-48) draws=3879
11 (117,324,-38) @(112,-48) draws=3886
11 (126,121,-48) @(112,-48) draws=3893
11 (125,204,-48) @(112,-48) draws=3918
11 (122,280,-44) @(112,-48) draws=3925
11 (114,256,-48) @(112,-48) draws=3932
11 (124,258,-34) @(112,-48) draws=3939
11 (117,306,-42) @(112,-48) draws=3946
11 (112,224,-48) @(112,-48) draws=3953
11 (122,153,-42) @(112,-48) draws=3960
11 (125,213,-48) @(112,-48) draws=3967
11 (119,233,-38) @(112,-48) draws=3974
11 (119,207,-47) @(112,-48) draws=3981
11 (123,145,-44) @(112,-48) draws=3988
11 (121,259,-34) @(112,-48) draws=4013
11 (117,301,-42) @(112,-48) draws=4020
11 (118,235,-34) @(112,-48) draws=4027
11 (117,276,-38) @(112,-48) draws=4034
11 (118,248,-47) @(112,-48) draws=4041
11 (118,315,-46) @(112,-48) draws=4048
11 (127,257,-39) @(112,-48) draws=4055
11 (127,138,-37) @(112,-48) draws=4062
11 (121,241,-37) @(112,-48) draws=4087
11 (121,171,-37) @(112,-48) draws=4094
11 (114,214,-44) @(112,-48) draws=4101
11 (114,332,-39) @(112,-48) draws=4108
11 (113,296,-39) @(112,-48) draws=4115
11 (119,214,-39) @(112,-48) draws=4122
11 (113,336,-43) @(112,-48) draws=4129
11 (115,120,-34) @(112,-48) draws=4136
11 (117,161,-33) @(112,-48) draws=4161
11 (123,201,-48) @(112,-48) draws=4168
11 (119,234,-48) @(112,-48) draws=4175
11 (126,157,-46) @(112,-48) draws=4182
11 (118,172,-48) @(112,-48) draws=4189
11 (121,198,-34) @(112,-48) draws=4196
11 (122,257,-38) @(112,-48) draws=4203
11 (121,188,-35) @(112,-48) draws=4210
11 (124,171,-35) @(112,-48) draws=4217
11 (115,153,-48) @(112,-48) draws=4224
11 (121,143,-33) @(112,-48) draws=4231
11 (119,289,-39) @(112,-48) draws=4256
11 (114,339,-41) @(112,-48) draws=4263
11 (127,271,-48) @(112,-48) draws=4270
11 (117,259,-33) @(112,-48) draws=4277
11 (112,261,-41) @(112,-48) draws=4284
11 (123,202,-39) @(112,-48) draws=4291
11 (121,233,-44) @(112,-48) draws=4298
11 (116,222,-33) @(112,-48) draws=4305
11 (124,194,-42) @(112,-48) draws=4312
11 (124,241,-40) @(112,-48) draws=4319
11 (112,177,-38) @(112,-48) draws=4326
11 (112,237,-40) @(112,-48) draws=4333
11 (121,249,-47) @(112,-48) draws=4340
11 (115,265,-35) @(112,-48) draws=4347
11 (127,265,-35) @(112,-48) draws=4354
11 (124,305,-34) @(112,-48) draws=4361
11 (120,134,-39) @(112,-48) draws=4368
11 (116,257,-46) @(112,-48) draws=4393
11 (121,281,-39) @(112,-48) draws=4400
11 (117,305,-34) @(112,-48) draws=4407
12 (125,9,-35) @(112,-48) draws=4414
12 (121,7,-39) @(112,-48) draws=4439
12 (118,-14,-44) @(112,-48) draws=4464
12 (121,8,-39) @(112,-48) draws=4489
12 (112,17,-39) @(112,-48) draws=4514
12 (123,5,-46) @(112,-48) draws=4539
12 (118,15,-37) @(112,-48) draws=4564
12 (117,38,-37) @(112,-48) draws=4589
12 (112,9,-48) @(112,-48) draws=4614
12 (122,5,-44) @(112,-48) draws=4639
13 (116,62,-41) @(112,-48) draws=4663
13 (112,-56,-48) @(112,-48) draws=4677
13 (123,-60,-47) @(112,-48) draws=4691
13 (114,50,-41) @(112,-48) draws=4705
13 (121,-58,-35) @(112,-48) draws=4719
13 (120,-43,-44) @(112,-48) draws=4733
13 (118,42,-38) @(112,-48) draws=4747
13 (126,71,-44) @(112,-48) draws=4761
13 (126,7,-44) @(112,-48) draws=4775
13 (124,55,-40) @(112,-48) draws=4789
14 (114,21,-47) @(112,-48) draws=4804
14 (116,-38,-39) @(112,-48) draws=4839
14 (112,-25,-47) @(112,-48) draws=4870
14 (126,-35,-42) @(112,-48) draws=4900
15 (122,-59,-44) @(112,-48) draws=4933
16 (118,-62,-46) @(112,-48) draws=4958
16 (113,-57,-48) @(112,-48) draws=4980
16 (114,9,-35) @(112,-48) draws=5002
16 (119,-32,-33) @(112,-48) draws=5024
17 (126,-57,-35) @(112,-48) draws=5047
17 (112,-67,-39) @(112,-48) draws=5070
17 (118,-74,-42) @(112,-48) draws=5093
17 (125,-82,-46) @(112,-48) draws=5116
17 (116,-86,-38) @(112,-48) draws=5139
17 (113,-52,-46) @(112,-48) draws=5162
17 (113,-70,-40) @(112,-48) draws=5185
17 (123,-73,-43) @(112,-48) draws=5208
18 (119,-42,-48) @(112,-48) draws=5231
18 (118,-114,-34) @(112,-48) draws=5248
18 (127,-128,-33) @(112,-48) draws=5263
18 (125,-70,-45) @(112,-48) draws=5278
18 (114,-66,-40) @(112,-48) draws=5293
18 (119,-101,-37) @(112,-48) draws=5308
18 (115,-84,-42) @(112,-48) draws=5323
19 (119,-58,-47) @(112,-48) draws=5337
19 (121,-35,-33) @(112,-48) draws=5365
21 (122,-31,-43) @(112,-48) draws=5394
21 (113,-74,-48) @(112,-48) draws=5417
21 (124,-15,-37) @(112,-48) draws=5440
21 (123,1,-40) @(112,-48) draws=5463
22 (116,-4,-34) @(112,-48) draws=5486
22 (120,-11,-42) @(112,-48) draws=5507
23 (122,4,-46) @(112,-48) draws=5527
23 (118,20,-36) @(112,-48) draws=5547
23 (119,-31,-46) @(112,-48) draws=5567
23 (123,23,-35) @(112,-48) draws=5587
24 (118,28,-41) @(112,-48) draws=5608
24 (125,32,-34) @(112,-48) draws=5612
24 (125,48,-39) @(112,-48) draws=5616
24 (117,19,-33) @(112,-48) draws=5620
24 (115,64,-35) @(112,-48) draws=5624
24 (120,29,-46) @(112,-48) draws=5628
24 (112,98,-35) @(112,-48) draws=5632
24 (121,40,-42) @(112,-48) draws=5636
24 (116,27,-38) @(112,-48) draws=5640
24 (123,5,-39) @(112,-48) draws=5644
24 (125,64,-37) @(112,-48) draws=5648
24 (117,34,-35) @(112,-48) draws=5652
24 (113,34,-43) @(112,-48) draws=5656
24 (116,71,-41) @(112,-48) draws=5660
24 (123,69,-38) @(112,-48) draws=5664
24 (123,76,-46) @(112,-48) draws=5668
25 (118,68,-39) @(112,-48) draws=5672
25 (112,59,-34) @(112,-48) draws=5699
25 (120,74,-38) @(112,-48) draws=5726
25 (125,36,-33) @(112,-48) draws=5753
25 (119,68,-34) @(112,-48) draws=5780
25 (126,-8,-39) @(112,-48) draws=5807
25 (119,24,-36) @(112,-48) draws=5834
25 (115,82,-39) @(112,-48) draws=5861
25 (112,59,-42) @(112,-48) draws=5888
25 (116,38,-44) @(112,-48) draws=5915
25 (117,30,-37) @(112,-48) draws=5942
25 (122,77,-40) @(112,-48) draws=5969
25 (122,60,-36) @(112,-48) draws=5996
25 (119,12,-41) @(112,-48) draws=6023
25 (114,39,-47) @(112,-48) draws=6050
25 (115,52,-42) @(112,-48) draws=6077
26 (123,81,-35) @(112,-48) draws=6110
26 (122,34,-38) @(112,-48) draws=6116
26 (113,52,-45) @(112,-48) draws=6122
26 (115,64,-34) @(112,-48) draws=6125
26 (118,134,-35) @(112,-48) draws=6128
26 (121,7,-45) @(112,-48) draws=6131
26 (117,39,-48) @(112,-48) draws=6134
26 (114,68,-37) @(112,-48) draws=6137
26 (126,100,-39) @(112,-48) draws=6143
26 (116,-60,-46) @(112,-48) draws=6149
26 (114,93,-37) @(112,-48) draws=6155
26 (115,-43,-36) @(112,-48) draws=6158
26 (116,1,-46) @(112,-48) draws=6161
26 (127,51,-42) @(112,-48) draws=6164
26 (122,109,-33) @(112,-48) draws=6167
26 (117,-36,-40) @(112,-48) draws=6170
26 (119,-59,-39) @(112,-48) draws=6173
26 (113,89,-37) @(112,-48) draws=6176
26 (124,81,-38) @(112,-48) draws=6179
26 (116,-48,-38) @(112,-48) draws=6182
26 (116,28,-45) @(112,-48) draws=6185
26 (119,-6,-42) @(112,-48) draws=6191
26 (118,26,-45) @(112,-48) draws=6197
26 (115,-32,-35) @(112,-48) draws=6209
26 (122,18,-45) @(112,-48) draws=6212
26 (113,-26,-46) @(112,-48) draws=6215
26 (122,59,-47) @(112,-48) draws=6224
26 (126,114,-42) @(112,-48) draws=6227
26 (112,67,-46) @(112,-48) draws=6233
26 (119,-43,-47) @(112,-48) draws=6236
26 (118,97,-38) @(112,-48) draws=6239
26 (123,-52,-46) @(112,-48) draws=6242
27 (122,136,-39) @(112,-48) draws=6251
27 (125,56,-37) @(112,-48) draws=6254
27 (113,-60,-44) @(112,-48) draws=6326
27 (123,242,-38) @(112,-48) draws=6329
27 (119,126,-45) @(112,-48) draws=6332
27 (112,116,-39) @(112,-48) draws=6404
27 (126,252,-41) @(112,-48) draws=6476
27 (113,242,-37) @(112,-48) draws=6479
27 (115,68,-43) @(112,-48) draws=6482
27 (116,-25,-39) @(112,-48) draws=6554
27 (123,73,-47) @(112,-48) draws=6557
27 (117,185,-41) @(112,-48) draws=6629
27 (122,165,-44) @(112,-48) draws=6632
27 (127,52,-36) @(112,-48) draws=6635
27 (114,64,-45) @(112,-48) draws=6707
27 (122,-53,-42) @(112,-48) draws=6779
27 (115,191,-33) @(112,-48) draws=6782
27 (119,149,-38) @(112,-48) draws=6785
27 (112,20,-44) @(112,-48) draws=6788
27 (120,-45,-45) @(112,-48) draws=6860
27 (127,199,-37) @(112,-48) draws=6863
27 (120,-27,-47) @(112,-48) draws=6866
27 (123,238,-36) @(112,-48) draws=6869
27 (118,126,-33) @(112,-48) draws=6872
27 (114,83,-35) @(112,-48) draws=6944
27 (123,88,-36) @(112,-48) draws=7016
27 (126,122,-41) @(112,-48) draws=7088
27 (114,46,-45) @(112,-48) draws=7160
27 (117,208,-39) @(112,-48) draws=7232
27 (120,121,-41) @(112,-48) draws=7235
27 (120,110,-41) @(112,-48) draws=7307
27 (119,126,-35) @(112,-48) draws=7379
27 (124,238,-37) @(112,-48) draws=7382
27 (115,88,-41) @(112,-48) draws=7385
27 (119,139,-33) @(112,-48) draws=7457
27 (121,-24,-48) @(112,-48) draws=7460
27 (115,-57,-45) @(112,-48) draws=7463
27 (114,86,-47) @(112,-48) draws=7466
27 (115,-1,-39) @(112,-48) draws=7538
27 (127,166,-37) @(112,-48) draws=7541
27 (124,171,-47) @(112,-48) draws=7544
27 (113,-30,-38) @(112,-48) draws=7547
27 (125,187,-35) @(112,-48) draws=7550
27 (126,165,-34) @(112,-48) draws=7553
27 (115,223,-33) @(112,-48) draws=7556
27 (118,109,-38) @(112,-48) draws=7559
28 (113,211,-43) @(112,-48) draws=7631
28 (116,231,-36) @(112,-48) draws=7634
28 (124,53,-37) @(112,-48) draws=7637
28 (116,120,-48) @(112,-48) draws=7640
28 (127,204,-46) @(112,-48) draws=7643
28 (115,88,-34) @(112,-48) draws=7646
28 (116,68,-33) @(112,-48) draws=7649
28 (114,134,-46) @(112,-48) draws=7652
28 (118,62,-39) @(112,-48) draws=7655
28 (122,109,-47) @(112,-48) draws=7658
28 (118,199,-37) @(112,-48) draws=7661
28 (124,125,-37) @(112,-48) draws=7664
28 (119,114,-37) @(112,-48) draws=7667
28 (125,190,-45) @(112,-48) draws=7670
28 (117,103,-36) @(112,-48) draws=7673
28 (119,191,-42) @(112,-48) draws=7676
28 (115,187,-37) @(112,-48) draws=7679
28 (125,83,-41) @(112,-48) draws=7682
28 (122,246,-45) @(112,-48) draws=7685
28 (123,60,-36) @(112,-48) draws=7688
28 (114,232,-46) @(112,-48) draws=7691
28 (112,145,-40) @(112,-48) draws=7694
28 (120,137,-34) @(112,-48) draws=7697
28 (127,183,-47) @(112,-48) draws=7700
28 (126,47,-43) @(112,-48) draws=7703
28 (112,75,-35) @(112,-48) draws=7706
28 (123,68,-47) @(112,-48) draws=7709
28 (118,220,-42) @(112,-48) draws=7712
28 (123,166,-37) @(112,-48) draws=7715
28 (112,40,-34) @(112,-48) draws=7718
28 (112,84,-41) @(112,-48) draws=7721
28 (118,217,-43) @(112,-48) draws=7724
28 (125,150,-47) @(112,-48) draws=7727
28 (112,147,-38) @(112,-48) draws=7730
28 (121,155,-41) @(112,-48) draws=7733
28 (117,35,-37) @(112,-48) draws=7736
28 (122,62,-36) @(112,-48) draws=7739
28 (127,204,-42) @(112,-48) draws=7742
28 (124,194,-37) @(112,-48) draws=7745
28 (126,248,-34) @(112,-48) draws=7748
28 (121,79,-41) @(112,-48) draws=7751
28 (112,253,-33) @(112,-48) draws=7754
28 (125,44,-33) @(112,-48) draws=7757
28 (126,216,-38) @(112,-48) draws=7760
28 (124,160,-35) @(112,-48) draws=7763
28 (118,113,-36) @(112,-48) draws=7766
28 (119,251,-41) @(112,-48) draws=7769
28 (113,173,-44) @(112,-48) draws=7772
28 (119,248,-38) @(112,-48) draws=7775
28 (123,34,-44) @(112,-48) draws=7778
