[01:35:50] [main/DEBUG]: Using SLF4J as the default logging framework
[01:35:50] [main/DEBUG]: -Dio.netty.leakDetection.level: simple
[01:35:50] [main/DEBUG]: -Dio.netty.leakDetection.targetRecords: 4
WARNING: A restricted method in java.lang.System has been called
WARNING: java.lang.System::load has been called by com.sun.jna.Native in an unnamed module (file:/home/dev/dev/neutron/tools/nbt-ref/vanilla-fresh-424242/libraries/net/java/dev/jna/jna/5.17.0/jna-5.17.0.jar)
WARNING: Use --enable-native-access=ALL-UNNAMED to avoid a warning for callers in this module
WARNING: Restricted methods will be blocked in a future release unless native access is enabled

[01:35:51] [main/DEBUG]: Reading file /proc/self/auxv
[01:35:51] [main/DEBUG]: Reading file /proc/self/auxv
[01:35:51] [main/DEBUG]: Reading file /proc/stat
[01:35:51] [main/DEBUG]: Reading file /sys/devices/system/cpu/cpu0/topology/core_id
[01:35:51] [main/DEBUG]: Reading file /sys/devices/system/cpu/cpu0/topology/core_id
[01:35:51] [main/DEBUG]: Reading file /sys/devices/system/cpu/cpu0/topology/physical_package_id
[01:35:51] [main/DEBUG]: Reading file /sys/devices/system/cpu/cpu0/topology/physical_package_id
[01:35:51] [main/DEBUG]: Reading file /sys/devices/system/cpu/cpu0/cpu_capacity
[01:35:51] [main/DEBUG]: Reading file /sys/devices/system/cpu/cpu0/cache/index2/level
[01:35:51] [main/DEBUG]: Reading file /sys/devices/system/cpu/cpu0/cache/index2/level
[01:35:51] [main/DEBUG]: Reading file /sys/devices/system/cpu/cpu0/cache/index2/type
[01:35:51] [main/DEBUG]: Reading file /sys/devices/system/cpu/cpu0/cache/index2/type
[01:35:51] [main/DEBUG]: Reading file /sys/devices/system/cpu/cpu0/cache/index2/ways_of_associativity
[01:35:51] [main/DEBUG]: Reading file /sys/devices/system/cpu/cpu0/cache/index2/ways_of_associativity
[01:35:51] [main/DEBUG]: Reading file /sys/devices/system/cpu/cpu0/cache/index2/coherency_line_size
[01:35:51] [main/DEBUG]: Reading file /sys/devices/system/cpu/cpu0/cache/index2/coherency_line_size
[01:35:51] [main/DEBUG]: Reading file /sys/devices/system/cpu/cpu0/cache/index2/size
[01:35:51] [main/DEBUG]: Reading file /sys/devices/system/cpu/cpu0/cache/index2/size
[01:35:51] [main/DEBUG]: Reading file /sys/devices/system/cpu/cpu0/cache/index0/level
[01:35:51] [main/DEBUG]: Reading file /sys/devices/system/cpu/cpu0/cache/index0/level
[01:35:51] [main/DEBUG]: Reading file /sys/devices/system/cpu/cpu0/cache/index0/type
[01:35:51] [main/DEBUG]: Reading file /sys/devices/system/cpu/cpu0/cache/index0/type
[01:35:51] [main/DEBUG]: Reading file /sys/devices/system/cpu/cpu0/cache/index0/ways_of_associativity
[01:35:51] [main/DEBUG]: Reading file /sys/devices/system/cpu/cpu0/cache/index0/ways_of_associativity
[01:35:51] [main/DEBUG]: Reading file /sys/devices/system/cpu/cpu0/cache/index0/coherency_line_size
[01:35:51] [main/DEBUG]: Reading file /sys/devices/system/cpu/cpu0/cache/index0/coherency_line_size
[01:35:51] [main/DEBUG]: Reading file /sys/devices/system/cpu/cpu0/cache/index0/size
[01:35:51] [main/DEBUG]: Reading file /sys/devices/system/cpu/cpu0/cache/index0/size
[01:35:51] [main/DEBUG]: Reading file /sys/devices/system/cpu/cpu0/cache/index3/level
[01:35:51] [main/DEBUG]: Reading file /sys/devices/system/cpu/cpu0/cache/index3/level
[01:35:51] [main/DEBUG]: Reading file /sys/devices/system/cpu/cpu0/cache/index3/type
[01:35:51] [main/DEBUG]: Reading file /sys/devices/system/cpu/cpu0/cache/index3/type
[01:35:51] [main/DEBUG]: Reading file /sys/devices/system/cpu/cpu0/cache/index3/ways_of_associativity
[01:35:51] [main/DEBUG]: Reading file /sys/devices/system/cpu/cpu0/cache/index3/ways_of_associativity
[01:35:51] [main/DEBUG]: Reading file /sys/devices/system/cpu/cpu0/cache/index3/coherency_line_size
[01:35:51] [main/DEBUG]: Reading file /sys/devices/system/cpu/cpu0/cache/index3/coherency_line_size
[01:35:51] [main/DEBUG]: Reading file /sys/devices/system/cpu/cpu0/cache/index3/size
[01:35:51] [main/DEBUG]: Reading file /sys/devices/system/cpu/cpu0/cache/index3/size
[01:35:51] [main/DEBUG]: Reading file /sys/devices/system/cpu/cpu0/cache/index1/level
[01:35:51] [main/DEBUG]: Reading file /sys/devices/system/cpu/cpu0/cache/index1/level
[01:35:51] [main/DEBUG]: Reading file /sys/devices/system/cpu/cpu0/cache/index1/type
[01:35:51] [main/DEBUG]: Reading file /sys/devices/system/cpu/cpu0/cache/index1/type
[01:35:51] [main/DEBUG]: Reading file /sys/devices/system/cpu/cpu0/cache/index1/ways_of_associativity
[01:35:51] [main/DEBUG]: Reading file /sys/devices/system/cpu/cpu0/cache/index1/ways_of_associativity
[01:35:51] [main/DEBUG]: Reading file /sys/devices/system/cpu/cpu0/cache/index1/coherency_line_size
[01:35:51] [main/DEBUG]: Reading file /sys/devices/system/cpu/cpu0/cache/index1/coherency_line_size
[01:35:51] [main/DEBUG]: Reading file /sys/devices/system/cpu/cpu0/cache/index1/size
[01:35:51] [main/DEBUG]: Reading file /sys/devices/system/cpu/cpu0/cache/index1/size
[01:35:51] [main/DEBUG]: Reading file /sys/devices/system/cpu/cpu1/topology/core_id
[01:35:51] [main/DEBUG]: Reading file /sys/devices/system/cpu/cpu1/topology/core_id
[01:35:51] [main/DEBUG]: Reading file /sys/devices/system/cpu/cpu1/topology/physical_package_id
[01:35:51] [main/DEBUG]: Reading file /sys/devices/system/cpu/cpu1/topology/physical_package_id
[01:35:51] [main/DEBUG]: Reading file /sys/devices/system/cpu/cpu1/cpu_capacity
[01:35:51] [main/DEBUG]: Reading file /sys/devices/system/cpu/cpu1/cache/index2/level
[01:35:51] [main/DEBUG]: Reading file /sys/devices/system/cpu/cpu1/cache/index2/level
[01:35:51] [main/DEBUG]: Reading file /sys/devices/system/cpu/cpu1/cache/index2/type
[01:35:51] [main/DEBUG]: Reading file /sys/devices/system/cpu/cpu1/cache/index2/type
[01:35:51] [main/DEBUG]: Reading file /sys/devices/system/cpu/cpu1/cache/index2/ways_of_associativity
[01:35:51] [main/DEBUG]: Reading file /sys/devices/system/cpu/cpu1/cache/index2/ways_of_associativity
[01:35:51] [main/DEBUG]: Reading file /sys/devices/system/cpu/cpu1/cache/index2/coherency_line_size
[01:35:51] [main/DEBUG]: Reading file /sys/devices/system/cpu/cpu1/cache/index2/coherency_line_size
[01:35:51] [main/DEBUG]: Reading file /sys/devices/system/cpu/cpu1/cache/index2/size
[01:35:51] [main/DEBUG]: Reading file /sys/devices/system/cpu/cpu1/cache/index2/size
[01:35:51] [main/DEBUG]: Reading file /sys/devices/system/cpu/cpu1/cache/index0/level
[01:35:51] [main/DEBUG]: Reading file /sys/devices/system/cpu/cpu1/cache/index0/level
[01:35:51] [main/DEBUG]: Reading file /sys/devices/system/cpu/cpu1/cache/index0/type
[01:35:51] [main/DEBUG]: Reading file /sys/devices/system/cpu/cpu1/cache/index0/type
[01:35:51] [main/DEBUG]: Reading file /sys/devices/system/cpu/cpu1/cache/index0/ways_of_associativity
[01:35:51] [main/DEBUG]: Reading file /sys/devices/system/cpu/cpu1/cache/index0/ways_of_associativity
[01:35:51] [main/DEBUG]: Reading file /sys/devices/system/cpu/cpu1/cache/index0/coherency_line_size
[01:35:51] [main/DEBUG]: Reading file /sys/devices/system/cpu/cpu1/cache/index0/coherency_line_size
[01:35:51] [main/DEBUG]: Reading file /sys/devices/system/cpu/cpu1/cache/index0/size
[01:35:51] [main/DEBUG]: Reading file /sys/devices/system/cpu/cpu1/cache/index0/size
[01:35:51] [main/DEBUG]: Reading file /sys/devices/system/cpu/cpu1/cache/index3/level
[01:35:51] [main/DEBUG]: Reading file /sys/devices/system/cpu/cpu1/cache/index3/level
[01:35:51] [main/DEBUG]: Reading file /sys/devices/system/cpu/cpu1/cache/index3/type
[01:35:51] [main/DEBUG]: Reading file /sys/devices/system/cpu/cpu1/cache/index3/type
[01:35:51] [main/DEBUG]: Reading file /sys/devices/system/cpu/cpu1/cache/index3/ways_of_associativity
[01:35:51] [main/DEBUG]: Reading file /sys/devices/system/cpu/cpu1/cache/index3/ways_of_associativity
[01:35:51] [main/DEBUG]: Reading file /sys/devices/system/cpu/cpu1/cache/index3/coherency_line_size
[01:35:51] [main/DEBUG]: Reading file /sys/devices/system/cpu/cpu1/cache/index3/coherency_line_size
[01:35:51] [main/DEBUG]: Reading file /sys/devices/system/cpu/cpu1/cache/index3/size
[01:35:51] [main/DEBUG]: Reading file /sys/devices/system/cpu/cpu1/cache/index3/size
[01:35:51] [main/DEBUG]: Reading file /sys/devices/system/cpu/cpu1/cache/index1/level
[01:35:51] [main/DEBUG]: Reading file /sys/devices/system/cpu/cpu1/cache/index1/level
[01:35:51] [main/DEBUG]: Reading file /sys/devices/system/cpu/cpu1/cache/index1/type
[01:35:51] [main/DEBUG]: Reading file /sys/devices/system/cpu/cpu1/cache/index1/type
[01:35:51] [main/DEBUG]: Reading file /sys/devices/system/cpu/cpu1/cache/index1/ways_of_associativity
[01:35:51] [main/DEBUG]: Reading file /sys/devices/system/cpu/cpu1/cache/index1/ways_of_associativity
[01:35:51] [main/DEBUG]: Reading file /sys/devices/system/cpu/cpu1/cache/index1/coherency_line_size
[01:35:51] [main/DEBUG]: Reading file /sys/devices/system/cpu/cpu1/cache/index1/coherency_line_size
[01:35:51] [main/DEBUG]: Reading file /sys/devices/system/cpu/cpu1/cache/index1/size
[01:35:51] [main/DEBUG]: Reading file /sys/devices/system/cpu/cpu1/cache/index1/size
[01:35:51] [main/DEBUG]: Reading file /sys/devices/system/cpu/cpu2/topology/core_id
[01:35:51] [main/DEBUG]: Reading file /sys/devices/system/cpu/cpu2/topology/core_id
[01:35:51] [main/DEBUG]: Reading file /sys/devices/system/cpu/cpu2/topology/physical_package_id
[01:35:51] [main/DEBUG]: Reading file /sys/devices/system/cpu/cpu2/topology/physical_package_id
[01:35:51] [main/DEBUG]: Reading file /sys/devices/system/cpu/cpu2/cpu_capacity
[01:35:51] [main/DEBUG]: Reading file /sys/devices/system/cpu/cpu2/cache/index2/level
[01:35:51] [main/DEBUG]: Reading file /sys/devices/system/cpu/cpu2/cache/index2/level
[01:35:51] [main/DEBUG]: Reading file /sys/devices/system/cpu/cpu2/cache/index2/type
[01:35:51] [main/DEBUG]: Reading file /sys/devices/system/cpu/cpu2/cache/index2/type
[01:35:51] [main/DEBUG]: Reading file /sys/devices/system/cpu/cpu2/cache/index2/ways_of_associativity
[01:35:51] [main/DEBUG]: Reading file /sys/devices/system/cpu/cpu2/cache/index2/ways_of_associativity
[01:35:51] [main/DEBUG]: Reading file /sys/devices/system/cpu/cpu2/cache/index2/coherency_line_size
[01:35:51] [main/DEBUG]: Reading file /sys/devices/system/cpu/cpu2/cache/index2/coherency_line_size
[01:35:51] [main/DEBUG]: Reading file /sys/devices/system/cpu/cpu2/cache/index2/size
[01:35:51] [main/DEBUG]: Reading file /sys/devices/system/cpu/cpu2/cache/index2/size
[01:35:51] [main/DEBUG]: Reading file /sys/devices/system/cpu/cpu2/cache/index0/level
[01:35:51] [main/DEBUG]: Reading file /sys/devices/system/cpu/cpu2/cache/index0/level
[01:35:51] [main/DEBUG]: Reading file /sys/devices/system/cpu/cpu2/cache/index0/type
[01:35:51] [main/DEBUG]: Reading file /sys/devices/system/cpu/cpu2/cache/index0/type
[01:35:51] [main/DEBUG]: Reading file /sys/devices/system/cpu/cpu2/cache/index0/ways_of_associativity
[01:35:51] [main/DEBUG]: Reading file /sys/devices/system/cpu/cpu2/cache/index0/ways_of_associativity
[01:35:51] [main/DEBUG]: Reading file /sys/devices/system/cpu/cpu2/cache/index0/coherency_line_size
[01:35:51] [main/DEBUG]: Reading file /sys/devices/system/cpu/cpu2/cache/index0/coherency_line_size
[01:35:51] [main/DEBUG]: Reading file /sys/devices/system/cpu/cpu2/cache/index0/size
[01:35:51] [main/DEBUG]: Reading file /sys/devices/system/cpu/cpu2/cache/index0/size
[01:35:51] [main/DEBUG]: Reading file /sys/devices/system/cpu/cpu2/cache/index3/level
[01:35:51] [main/DEBUG]: Reading file /sys/devices/system/cpu/cpu2/cache/index3/level
[01:35:51] [main/DEBUG]: Reading file /sys/devices/system/cpu/cpu2/cache/index3/type
[01:35:51] [main/DEBUG]: Reading file /sys/devices/system/cpu/cpu2/cache/index3/type
[01:35:51] [main/DEBUG]: Reading file /sys/devices/system/cpu/cpu2/cache/index3/ways_of_associativity
[01:35:51] [main/DEBUG]: Reading file /sys/devices/system/cpu/cpu2/cache/index3/ways_of_associativity
[01:35:51] [main/DEBUG]: Reading file /sys/devices/system/cpu/cpu2/cache/index3/coherency_line_size
[01:35:51] [main/DEBUG]: Reading file /sys/devices/system/cpu/cpu2/cache/index3/coherency_line_size
[01:35:51] [main/DEBUG]: Reading file /sys/devices/system/cpu/cpu2/cache/index3/size
[01:35:51] [main/DEBUG]: Reading file /sys/devices/system/cpu/cpu2/cache/index3/size
[01:35:51] [main/DEBUG]: Reading file /sys/devices/system/cpu/cpu2/cache/index1/level
[01:35:51] [main/DEBUG]: Reading file /sys/devices/system/cpu/cpu2/cache/index1/level
[01:35:51] [main/DEBUG]: Reading file /sys/devices/system/cpu/cpu2/cache/index1/type
[01:35:51] [main/DEBUG]: Reading file /sys/devices/system/cpu/cpu2/cache/index1/type
[01:35:51] [main/DEBUG]: Reading file /sys/devices/system/cpu/cpu2/cache/index1/ways_of_associativity
[01:35:51] [main/DEBUG]: Reading file /sys/devices/system/cpu/cpu2/cache/index1/ways_of_associativity
[01:35:51] [main/DEBUG]: Reading file /sys/devices/system/cpu/cpu2/cache/index1/coherency_line_size
[01:35:51] [main/DEBUG]: Reading file /sys/devices/system/cpu/cpu2/cache/index1/coherency_line_size
[01:35:51] [main/DEBUG]: Reading file /sys/devices/system/cpu/cpu2/cache/index1/size
[01:35:51] [main/DEBUG]: Reading file /sys/devices/system/cpu/cpu2/cache/index1/size
[01:35:51] [main/DEBUG]: Reading file /sys/devices/system/cpu/cpu3/topology/core_id
[01:35:51] [main/DEBUG]: Reading file /sys/devices/system/cpu/cpu3/topology/core_id
[01:35:51] [main/DEBUG]: Reading file /sys/devices/system/cpu/cpu3/topology/physical_package_id
[01:35:51] [main/DEBUG]: Reading file /sys/devices/system/cpu/cpu3/topology/physical_package_id
[01:35:51] [main/DEBUG]: Reading file /sys/devices/system/cpu/cpu3/cpu_capacity
[01:35:51] [main/DEBUG]: Reading file /sys/devices/system/cpu/cpu3/cache/index2/level
[01:35:51] [main/DEBUG]: Reading file /sys/devices/system/cpu/cpu3/cache/index2/level
[01:35:51] [main/DEBUG]: Reading file /sys/devices/system/cpu/cpu3/cache/index2/type
[01:35:51] [main/DEBUG]: Reading file /sys/devices/system/cpu/cpu3/cache/index2/type
[01:35:51] [main/DEBUG]: Reading file /sys/devices/system/cpu/cpu3/cache/index2/ways_of_associativity
[01:35:51] [main/DEBUG]: Reading file /sys/devices/system/cpu/cpu3/cache/index2/ways_of_associativity
[01:35:51] [main/DEBUG]: Reading file /sys/devices/system/cpu/cpu3/cache/index2/coherency_line_size
[01:35:51] [main/DEBUG]: Reading file /sys/devices/system/cpu/cpu3/cache/index2/coherency_line_size
[01:35:51] [main/DEBUG]: Reading file /sys/devices/system/cpu/cpu3/cache/index2/size
[01:35:51] [main/DEBUG]: Reading file /sys/devices/system/cpu/cpu3/cache/index2/size
[01:35:51] [main/DEBUG]: Reading file /sys/devices/system/cpu/cpu3/cache/index0/level
[01:35:51] [main/DEBUG]: Reading file /sys/devices/system/cpu/cpu3/cache/index0/level
[01:35:51] [main/DEBUG]: Reading file /sys/devices/system/cpu/cpu3/cache/index0/type
[01:35:51] [main/DEBUG]: Reading file /sys/devices/system/cpu/cpu3/cache/index0/type
[01:35:51] [main/DEBUG]: Reading file /sys/devices/system/cpu/cpu3/cache/index0/ways_of_associativity
[01:35:51] [main/DEBUG]: Reading file /sys/devices/system/cpu/cpu3/cache/index0/ways_of_associativity
[01:35:51] [main/DEBUG]: Reading file /sys/devices/system/cpu/cpu3/cache/index0/coherency_line_size
[01:35:51] [main/DEBUG]: Reading file /sys/devices/system/cpu/cpu3/cache/index0/coherency_line_size
[01:35:51] [main/DEBUG]: Reading file /sys/devices/system/cpu/cpu3/cache/index0/size
[01:35:51] [main/DEBUG]: Reading file /sys/devices/system/cpu/cpu3/cache/index0/size
[01:35:51] [main/DEBUG]: Reading file /sys/devices/system/cpu/cpu3/cache/index3/level
[01:35:51] [main/DEBUG]: Reading file /sys/devices/system/cpu/cpu3/cache/index3/level
[01:35:51] [main/DEBUG]: Reading file /sys/devices/system/cpu/cpu3/cache/index3/type
[01:35:51] [main/DEBUG]: Reading file /sys/devices/system/cpu/cpu3/cache/index3/type
[01:35:51] [main/DEBUG]: Reading file /sys/devices/system/cpu/cpu3/cache/index3/ways_of_associativity
[01:35:51] [main/DEBUG]: Reading file /sys/devices/system/cpu/cpu3/cache/index3/ways_of_associativity
[01:35:51] [main/DEBUG]: Reading file /sys/devices/system/cpu/cpu3/cache/index3/coherency_line_size
[01:35:51] [main/DEBUG]: Reading file /sys/devices/system/cpu/cpu3/cache/index3/coherency_line_size
[01:35:51] [main/DEBUG]: Reading file /sys/devices/system/cpu/cpu3/cache/index3/size
[01:35:51] [main/DEBUG]: Reading file /sys/devices/system/cpu/cpu3/cache/index3/size
[01:35:51] [main/DEBUG]: Reading file /sys/devices/system/cpu/cpu3/cache/index1/level
[01:35:51] [main/DEBUG]: Reading file /sys/devices/system/cpu/cpu3/cache/index1/level
[01:35:51] [main/DEBUG]: Reading file /sys/devices/system/cpu/cpu3/cache/index1/type
[01:35:51] [main/DEBUG]: Reading file /sys/devices/system/cpu/cpu3/cache/index1/type
[01:35:51] [main/DEBUG]: Reading file /sys/devices/system/cpu/cpu3/cache/index1/ways_of_associativity
[01:35:51] [main/DEBUG]: Reading file /sys/devices/system/cpu/cpu3/cache/index1/ways_of_associativity
[01:35:51] [main/DEBUG]: Reading file /sys/devices/system/cpu/cpu3/cache/index1/coherency_line_size
[01:35:51] [main/DEBUG]: Reading file /sys/devices/system/cpu/cpu3/cache/index1/coherency_line_size
[01:35:51] [main/DEBUG]: Reading file /sys/devices/system/cpu/cpu3/cache/index1/size
[01:35:51] [main/DEBUG]: Reading file /sys/devices/system/cpu/cpu3/cache/index1/size
[01:35:51] [main/DEBUG]: Reading file /sys/devices/system/cpu/cpu4/topology/core_id
[01:35:51] [main/DEBUG]: Reading file /sys/devices/system/cpu/cpu4/topology/core_id
[01:35:51] [main/DEBUG]: Reading file /sys/devices/system/cpu/cpu4/topology/physical_package_id
[01:35:51] [main/DEBUG]: Reading file /sys/devices/system/cpu/cpu4/topology/physical_package_id
[01:35:51] [main/DEBUG]: Reading file /sys/devices/system/cpu/cpu4/cpu_capacity
[01:35:51] [main/DEBUG]: Reading file /sys/devices/system/cpu/cpu4/cache/index2/level
[01:35:51] [main/DEBUG]: Reading file /sys/devices/system/cpu/cpu4/cache/index2/level
[01:35:51] [main/DEBUG]: Reading file /sys/devices/system/cpu/cpu4/cache/index2/type
[01:35:51] [main/DEBUG]: Reading file /sys/devices/system/cpu/cpu4/cache/index2/type
[01:35:51] [main/DEBUG]: Reading file /sys/devices/system/cpu/cpu4/cache/index2/ways_of_associativity
[01:35:51] [main/DEBUG]: Reading file /sys/devices/system/cpu/cpu4/cache/index2/ways_of_associativity
[01:35:51] [main/DEBUG]: Reading file /sys/devices/system/cpu/cpu4/cache/index2/coherency_line_size
[01:35:51] [main/DEBUG]: Reading file /sys/devices/system/cpu/cpu4/cache/index2/coherency_line_size
[01:35:51] [main/DEBUG]: Reading file /sys/devices/system/cpu/cpu4/cache/index2/size
[01:35:51] [main/DEBUG]: Reading file /sys/devices/system/cpu/cpu4/cache/index2/size
[01:35:51] [main/DEBUG]: Reading file /sys/devices/system/cpu/cpu4/cache/index0/level
[01:35:51] [main/DEBUG]: Reading file /sys/devices/system/cpu/cpu4/cache/index0/level
[01:35:51] [main/DEBUG]: Reading file /sys/devices/system/cpu/cpu4/cache/index0/type
[01:35:51] [main/DEBUG]: Reading file /sys/devices/system/cpu/cpu4/cache/index0/type
[01:35:51] [main/DEBUG]: Reading file /sys/devices/system/cpu/cpu4/cache/index0/ways_of_associativity
[01:35:51] [main/DEBUG]: Reading file /sys/devices/system/cpu/cpu4/cache/index0/ways_of_associativity
[01:35:51] [main/DEBUG]: Reading file /sys/devices/system/cpu/cpu4/cache/index0/coherency_line_size
[01:35:51] [main/DEBUG]: Reading file /sys/devices/system/cpu/cpu4/cache/index0/coherency_line_size
[01:35:51] [main/DEBUG]: Reading file /sys/devices/system/cpu/cpu4/cache/index0/size
[01:35:51] [main/DEBUG]: Reading file /sys/devices/system/cpu/cpu4/cache/index0/size
[01:35:51] [main/DEBUG]: Reading file /sys/devices/system/cpu/cpu4/cache/index3/level
[01:35:51] [main/DEBUG]: Reading file /sys/devices/system/cpu/cpu4/cache/index3/level
[01:35:51] [main/DEBUG]: Reading file /sys/devices/system/cpu/cpu4/cache/index3/type
[01:35:51] [main/DEBUG]: Reading file /sys/devices/system/cpu/cpu4/cache/index3/type
[01:35:51] [main/DEBUG]: Reading file /sys/devices/system/cpu/cpu4/cache/index3/ways_of_associativity
[01:35:51] [main/DEBUG]: Reading file /sys/devices/system/cpu/cpu4/cache/index3/ways_of_associativity
[01:35:51] [main/DEBUG]: Reading file /sys/devices/system/cpu/cpu4/cache/index3/coherency_line_size
[01:35:51] [main/DEBUG]: Reading file /sys/devices/system/cpu/cpu4/cache/index3/coherency_line_size
[01:35:51] [main/DEBUG]: Reading file /sys/devices/system/cpu/cpu4/cache/index3/size
[01:35:51] [main/DEBUG]: Reading file /sys/devices/system/cpu/cpu4/cache/index3/size
[01:35:51] [main/DEBUG]: Reading file /sys/devices/system/cpu/cpu4/cache/index1/level
[01:35:51] [main/DEBUG]: Reading file /sys/devices/system/cpu/cpu4/cache/index1/level
[01:35:51] [main/DEBUG]: Reading file /sys/devices/system/cpu/cpu4/cache/index1/type
[01:35:51] [main/DEBUG]: Reading file /sys/devices/system/cpu/cpu4/cache/index1/type
[01:35:51] [main/DEBUG]: Reading file /sys/devices/system/cpu/cpu4/cache/index1/ways_of_associativity
[01:35:51] [main/DEBUG]: Reading file /sys/devices/system/cpu/cpu4/cache/index1/ways_of_associativity
[01:35:51] [main/DEBUG]: Reading file /sys/devices/system/cpu/cpu4/cache/index1/coherency_line_size
[01:35:51] [main/DEBUG]: Reading file /sys/devices/system/cpu/cpu4/cache/index1/coherency_line_size
[01:35:51] [main/DEBUG]: Reading file /sys/devices/system/cpu/cpu4/cache/index1/size
[01:35:51] [main/DEBUG]: Reading file /sys/devices/system/cpu/cpu4/cache/index1/size
[01:35:51] [main/DEBUG]: Reading file /sys/devices/system/cpu/cpu5/topology/core_id
[01:35:51] [main/DEBUG]: Reading file /sys/devices/system/cpu/cpu5/topology/core_id
[01:35:51] [main/DEBUG]: Reading file /sys/devices/system/cpu/cpu5/topology/physical_package_id
[01:35:51] [main/DEBUG]: Reading file /sys/devices/system/cpu/cpu5/topology/physical_package_id
[01:35:51] [main/DEBUG]: Reading file /sys/devices/system/cpu/cpu5/cpu_capacity
[01:35:51] [main/DEBUG]: Reading file /sys/devices/system/cpu/cpu5/cache/index2/level
[01:35:51] [main/DEBUG]: Reading file /sys/devices/system/cpu/cpu5/cache/index2/level
[01:35:51] [main/DEBUG]: Reading file /sys/devices/system/cpu/cpu5/cache/index2/type
[01:35:51] [main/DEBUG]: Reading file /sys/devices/system/cpu/cpu5/cache/index2/type
[01:35:51] [main/DEBUG]: Reading file /sys/devices/system/cpu/cpu5/cache/index2/ways_of_associativity
[01:35:51] [main/DEBUG]: Reading file /sys/devices/system/cpu/cpu5/cache/index2/ways_of_associativity
[01:35:51] [main/DEBUG]: Reading file /sys/devices/system/cpu/cpu5/cache/index2/coherency_line_size
[01:35:51] [main/DEBUG]: Reading file /sys/devices/system/cpu/cpu5/cache/index2/coherency_line_size
[01:35:51] [main/DEBUG]: Reading file /sys/devices/system/cpu/cpu5/cache/index2/size
[01:35:51] [main/DEBUG]: Reading file /sys/devices/system/cpu/cpu5/cache/index2/size
[01:35:51] [main/DEBUG]: Reading file /sys/devices/system/cpu/cpu5/cache/index0/level
[01:35:51] [main/DEBUG]: Reading file /sys/devices/system/cpu/cpu5/cache/index0/level
[01:35:51] [main/DEBUG]: Reading file /sys/devices/system/cpu/cpu5/cache/index0/type
[01:35:51] [main/DEBUG]: Reading file /sys/devices/system/cpu/cpu5/cache/index0/type
[01:35:51] [main/DEBUG]: Reading file /sys/devices/system/cpu/cpu5/cache/index0/ways_of_associativity
[01:35:51] [main/DEBUG]: Reading file /sys/devices/system/cpu/cpu5/cache/index0/ways_of_associativity
[01:35:51] [main/DEBUG]: Reading file /sys/devices/system/cpu/cpu5/cache/index0/coherency_line_size
[01:35:51] [main/DEBUG]: Reading file /sys/devices/system/cpu/cpu5/cache/index0/coherency_line_size
[01:35:51] [main/DEBUG]: Reading file /sys/devices/system/cpu/cpu5/cache/index0/size
[01:35:51] [main/DEBUG]: Reading file /sys/devices/system/cpu/cpu5/cache/index0/size
[01:35:51] [main/DEBUG]: Reading file /sys/devices/system/cpu/cpu5/cache/index3/level
[01:35:51] [main/DEBUG]: Reading file /sys/devices/system/cpu/cpu5/cache/index3/level
[01:35:51] [main/DEBUG]: Reading file /sys/devices/system/cpu/cpu5/cache/index3/type
[01:35:51] [main/DEBUG]: Reading file /sys/devices/system/cpu/cpu5/cache/index3/type
[01:35:51] [main/DEBUG]: Reading file /sys/devices/system/cpu/cpu5/cache/index3/ways_of_associativity
[01:35:51] [main/DEBUG]: Reading file /sys/devices/system/cpu/cpu5/cache/index3/ways_of_associativity
[01:35:51] [main/DEBUG]: Reading file /sys/devices/system/cpu/cpu5/cache/index3/coherency_line_size
[01:35:51] [main/DEBUG]: Reading file /sys/devices/system/cpu/cpu5/cache/index3/coherency_line_size
[01:35:51] [main/DEBUG]: Reading file /sys/devices/system/cpu/cpu5/cache/index3/size
[01:35:51] [main/DEBUG]: Reading file /sys/devices/system/cpu/cpu5/cache/index3/size
[01:35:51] [main/DEBUG]: Reading file /sys/devices/system/cpu/cpu5/cache/index1/level
[01:35:51] [main/DEBUG]: Reading file /sys/devices/system/cpu/cpu5/cache/index1/level
[01:35:51] [main/DEBUG]: Reading file /sys/devices/system/cpu/cpu5/cache/index1/type
[01:35:51] [main/DEBUG]: Reading file /sys/devices/system/cpu/cpu5/cache/index1/type
[01:35:51] [main/DEBUG]: Reading file /sys/devices/system/cpu/cpu5/cache/index1/ways_of_associativity
[01:35:51] [main/DEBUG]: Reading file /sys/devices/system/cpu/cpu5/cache/index1/ways_of_associativity
[01:35:51] [main/DEBUG]: Reading file /sys/devices/system/cpu/cpu5/cache/index1/coherency_line_size
[01:35:51] [main/DEBUG]: Reading file /sys/devices/system/cpu/cpu5/cache/index1/coherency_line_size
[01:35:51] [main/DEBUG]: Reading file /sys/devices/system/cpu/cpu5/cache/index1/size
[01:35:51] [main/DEBUG]: Reading file /sys/devices/system/cpu/cpu5/cache/index1/size
[01:35:51] [main/DEBUG]: Reading file /sys/devices/system/cpu/cpu6/topology/core_id
[01:35:51] [main/DEBUG]: Reading file /sys/devices/system/cpu/cpu6/topology/core_id
[01:35:51] [main/DEBUG]: Reading file /sys/devices/system/cpu/cpu6/topology/physical_package_id
[01:35:51] [main/DEBUG]: Reading file /sys/devices/system/cpu/cpu6/topology/physical_package_id
[01:35:51] [main/DEBUG]: Reading file /sys/devices/system/cpu/cpu6/cpu_capacity
[01:35:51] [main/DEBUG]: Reading file /sys/devices/system/cpu/cpu6/cache/index2/level
[01:35:51] [main/DEBUG]: Reading file /sys/devices/system/cpu/cpu6/cache/index2/level
[01:35:51] [main/DEBUG]: Reading file /sys/devices/system/cpu/cpu6/cache/index2/type
[01:35:51] [main/DEBUG]: Reading file /sys/devices/system/cpu/cpu6/cache/index2/type
[01:35:51] [main/DEBUG]: Reading file /sys/devices/system/cpu/cpu6/cache/index2/ways_of_associativity
[01:35:51] [main/DEBUG]: Reading file /sys/devices/system/cpu/cpu6/cache/index2/ways_of_associativity
[01:35:51] [main/DEBUG]: Reading file /sys/devices/system/cpu/cpu6/cache/index2/coherency_line_size
[01:35:51] [main/DEBUG]: Reading file /sys/devices/system/cpu/cpu6/cache/index2/coherency_line_size
[01:35:51] [main/DEBUG]: Reading file /sys/devices/system/cpu/cpu6/cache/index2/size
[01:35:51] [main/DEBUG]: Reading file /sys/devices/system/cpu/cpu6/cache/index2/size
[01:35:51] [main/DEBUG]: Reading file /sys/devices/system/cpu/cpu6/cache/index0/level
[01:35:51] [main/DEBUG]: Reading file /sys/devices/system/cpu/cpu6/cache/index0/level
[01:35:51] [main/DEBUG]: Reading file /sys/devices/system/cpu/cpu6/cache/index0/type
[01:35:51] [main/DEBUG]: Reading file /sys/devices/system/cpu/cpu6/cache/index0/type
[01:35:51] [main/DEBUG]: Reading file /sys/devices/system/cpu/cpu6/cache/index0/ways_of_associativity
[01:35:51] [main/DEBUG]: Reading file /sys/devices/system/cpu/cpu6/cache/index0/ways_of_associativity
[01:35:51] [main/DEBUG]: Reading file /sys/devices/system/cpu/cpu6/cache/index0/coherency_line_size
[01:35:51] [main/DEBUG]: Reading file /sys/devices/system/cpu/cpu6/cache/index0/coherency_line_size
[01:35:51] [main/DEBUG]: Reading file /sys/devices/system/cpu/cpu6/cache/index0/size
[01:35:51] [main/DEBUG]: Reading file /sys/devices/system/cpu/cpu6/cache/index0/size
[01:35:51] [main/DEBUG]: Reading file /sys/devices/system/cpu/cpu6/cache/index3/level
[01:35:51] [main/DEBUG]: Reading file /sys/devices/system/cpu/cpu6/cache/index3/level
[01:35:51] [main/DEBUG]: Reading file /sys/devices/system/cpu/cpu6/cache/index3/type
[01:35:51] [main/DEBUG]: Reading file /sys/devices/system/cpu/cpu6/cache/index3/type
[01:35:51] [main/DEBUG]: Reading file /sys/devices/system/cpu/cpu6/cache/index3/ways_of_associativity
[01:35:51] [main/DEBUG]: Reading file /sys/devices/system/cpu/cpu6/cache/index3/ways_of_associativity
[01:35:51] [main/DEBUG]: Reading file /sys/devices/system/cpu/cpu6/cache/index3/coherency_line_size
[01:35:51] [main/DEBUG]: Reading file /sys/devices/system/cpu/cpu6/cache/index3/coherency_line_size
[01:35:51] [main/DEBUG]: Reading file /sys/devices/system/cpu/cpu6/cache/index3/size
[01:35:51] [main/DEBUG]: Reading file /sys/devices/system/cpu/cpu6/cache/index3/size
[01:35:51] [main/DEBUG]: Reading file /sys/devices/system/cpu/cpu6/cache/index1/level
[01:35:51] [main/DEBUG]: Reading file /sys/devices/system/cpu/cpu6/cache/index1/level
[01:35:51] [main/DEBUG]: Reading file /sys/devices/system/cpu/cpu6/cache/index1/type
[01:35:51] [main/DEBUG]: Reading file /sys/devices/system/cpu/cpu6/cache/index1/type
[01:35:51] [main/DEBUG]: Reading file /sys/devices/system/cpu/cpu6/cache/index1/ways_of_associativity
[01:35:51] [main/DEBUG]: Reading file /sys/devices/system/cpu/cpu6/cache/index1/ways_of_associativity
[01:35:51] [main/DEBUG]: Reading file /sys/devices/system/cpu/cpu6/cache/index1/coherency_line_size
[01:35:51] [main/DEBUG]: Reading file /sys/devices/system/cpu/cpu6/cache/index1/coherency_line_size
[01:35:51] [main/DEBUG]: Reading file /sys/devices/system/cpu/cpu6/cache/index1/size
[01:35:51] [main/DEBUG]: Reading file /sys/devices/system/cpu/cpu6/cache/index1/size
[01:35:51] [main/DEBUG]: Reading file /sys/devices/system/cpu/cpu7/topology/core_id
[01:35:51] [main/DEBUG]: Reading file /sys/devices/system/cpu/cpu7/topology/core_id
[01:35:51] [main/DEBUG]: Reading file /sys/devices/system/cpu/cpu7/topology/physical_package_id
[01:35:51] [main/DEBUG]: Reading file /sys/devices/system/cpu/cpu7/topology/physical_package_id
[01:35:51] [main/DEBUG]: Reading file /sys/devices/system/cpu/cpu7/cpu_capacity
[01:35:51] [main/DEBUG]: Reading file /sys/devices/system/cpu/cpu7/cache/index2/level
[01:35:51] [main/DEBUG]: Reading file /sys/devices/system/cpu/cpu7/cache/index2/level
[01:35:51] [main/DEBUG]: Reading file /sys/devices/system/cpu/cpu7/cache/index2/type
[01:35:51] [main/DEBUG]: Reading file /sys/devices/system/cpu/cpu7/cache/index2/type
[01:35:51] [main/DEBUG]: Reading file /sys/devices/system/cpu/cpu7/cache/index2/ways_of_associativity
[01:35:51] [main/DEBUG]: Reading file /sys/devices/system/cpu/cpu7/cache/index2/ways_of_associativity
[01:35:51] [main/DEBUG]: Reading file /sys/devices/system/cpu/cpu7/cache/index2/coherency_line_size
[01:35:51] [main/DEBUG]: Reading file /sys/devices/system/cpu/cpu7/cache/index2/coherency_line_size
[01:35:51] [main/DEBUG]: Reading file /sys/devices/system/cpu/cpu7/cache/index2/size
[01:35:51] [main/DEBUG]: Reading file /sys/devices/system/cpu/cpu7/cache/index2/size
[01:35:51] [main/DEBUG]: Reading file /sys/devices/system/cpu/cpu7/cache/index0/level
[01:35:51] [main/DEBUG]: Reading file /sys/devices/system/cpu/cpu7/cache/index0/level
[01:35:51] [main/DEBUG]: Reading file /sys/devices/system/cpu/cpu7/cache/index0/type
[01:35:51] [main/DEBUG]: Reading file /sys/devices/system/cpu/cpu7/cache/index0/type
[01:35:51] [main/DEBUG]: Reading file /sys/devices/system/cpu/cpu7/cache/index0/ways_of_associativity
[01:35:51] [main/DEBUG]: Reading file /sys/devices/system/cpu/cpu7/cache/index0/ways_of_associativity
[01:35:51] [main/DEBUG]: Reading file /sys/devices/system/cpu/cpu7/cache/index0/coherency_line_size
[01:35:51] [main/DEBUG]: Reading file /sys/devices/system/cpu/cpu7/cache/index0/coherency_line_size
[01:35:51] [main/DEBUG]: Reading file /sys/devices/system/cpu/cpu7/cache/index0/size
[01:35:51] [main/DEBUG]: Reading file /sys/devices/system/cpu/cpu7/cache/index0/size
[01:35:51] [main/DEBUG]: Reading file /sys/devices/system/cpu/cpu7/cache/index3/level
[01:35:51] [main/DEBUG]: Reading file /sys/devices/system/cpu/cpu7/cache/index3/level
[01:35:51] [main/DEBUG]: Reading file /sys/devices/system/cpu/cpu7/cache/index3/type
[01:35:51] [main/DEBUG]: Reading file /sys/devices/system/cpu/cpu7/cache/index3/type
[01:35:51] [main/DEBUG]: Reading file /sys/devices/system/cpu/cpu7/cache/index3/ways_of_associativity
[01:35:51] [main/DEBUG]: Reading file /sys/devices/system/cpu/cpu7/cache/index3/ways_of_associativity
[01:35:51] [main/DEBUG]: Reading file /sys/devices/system/cpu/cpu7/cache/index3/coherency_line_size
[01:35:51] [main/DEBUG]: Reading file /sys/devices/system/cpu/cpu7/cache/index3/coherency_line_size
[01:35:51] [main/DEBUG]: Reading file /sys/devices/system/cpu/cpu7/cache/index3/size
[01:35:51] [main/DEBUG]: Reading file /sys/devices/system/cpu/cpu7/cache/index3/size
[01:35:51] [main/DEBUG]: Reading file /sys/devices/system/cpu/cpu7/cache/index1/level
[01:35:51] [main/DEBUG]: Reading file /sys/devices/system/cpu/cpu7/cache/index1/level
[01:35:51] [main/DEBUG]: Reading file /sys/devices/system/cpu/cpu7/cache/index1/type
[01:35:51] [main/DEBUG]: Reading file /sys/devices/system/cpu/cpu7/cache/index1/type
[01:35:51] [main/DEBUG]: Reading file /sys/devices/system/cpu/cpu7/cache/index1/ways_of_associativity
[01:35:51] [main/DEBUG]: Reading file /sys/devices/system/cpu/cpu7/cache/index1/ways_of_associativity
[01:35:51] [main/DEBUG]: Reading file /sys/devices/system/cpu/cpu7/cache/index1/coherency_line_size
[01:35:51] [main/DEBUG]: Reading file /sys/devices/system/cpu/cpu7/cache/index1/coherency_line_size
[01:35:51] [main/DEBUG]: Reading file /sys/devices/system/cpu/cpu7/cache/index1/size
[01:35:51] [main/DEBUG]: Reading file /sys/devices/system/cpu/cpu7/cache/index1/size
[01:35:51] [main/DEBUG]: Reading file /proc/cpuinfo
[01:35:51] [main/DEBUG]: Reading file /proc/cpuinfo
[01:35:51] [main/DEBUG]: Reading file /proc/self/auxv
[01:35:51] [main/DEBUG]: Reading file /proc/meminfo
[01:35:51] [main/DEBUG]: Reading file /proc/meminfo
[01:35:51] [main/DEBUG]: Reading file /etc/os-release
[01:35:51] [main/DEBUG]: os-release: NAME="Debian GNU/Linux"
[01:35:51] [main/DEBUG]: os-release: VERSION_ID="13"
[01:35:51] [main/DEBUG]: os-release: VERSION="13 (trixie)"
[01:35:51] [main/DEBUG]: Reading file /proc/version
[01:35:51] [main/DEBUG]: Reading file /proc/897781/io
[01:35:51] [main/DEBUG]: Reading file /proc/897781/io
[01:35:51] [main/DEBUG]: Reading file /proc/897781/status
[01:35:51] [main/DEBUG]: Reading file /proc/897781/status
[01:35:51] [main/DEBUG]: Reading file /proc/897781/stat
[01:35:51] [main/DEBUG]: Reading file /proc/897781/stat
[01:35:51] [main/DEBUG]: Reading file /proc/self/stat
[01:35:51] [main/DEBUG]: Reading file /proc/self/stat
WARNING: A terminally deprecated method in sun.misc.Unsafe has been called
WARNING: sun.misc.Unsafe::objectFieldOffset has been called by org.joml.MemUtil$MemUtilUnsafe (file:/home/dev/dev/neutron/tools/nbt-ref/vanilla-fresh-424242/libraries/org/joml/joml/1.10.8/joml-1.10.8.jar)
WARNING: Please consider reporting this to the maintainers of class org.joml.MemUtil$MemUtilUnsafe
WARNING: sun.misc.Unsafe::objectFieldOffset will be removed in a future release
[01:36:02] [main/INFO]: Environment: Environment[sessionHost=https://sessionserver.mojang.com, servicesHost=https://api.minecraftservices.com, profilesHost=https://api.mojang.com, name=PROD]
[01:36:02] [Yggdrasil Key Fetcher/DEBUG]: Connecting to https://api.minecraftservices.com/publickeys
[01:36:06] [Worker-Main-6/INFO]: No existing world data, creating new world
[01:36:07] [main/INFO]: Loaded 1585 recipes
[01:36:07] [main/DEBUG]: Finished reloading RecipeManager
[01:36:07] [main/DEBUG]: Finished reloading ServerFunctionLibrary
[01:36:07] [main/INFO]: Loaded 1688 advancements
[01:36:07] [main/DEBUG]: Finished reloading ServerAdvancementManager
[01:36:07] [main/INFO]: Resource reload finished after 642 ms
[01:36:07] [main/INFO]: RecipeManager took approximately 2 tasks/239 ms (1 tasks/239 ms preparing, 1 tasks/0 ms applying)
[01:36:07] [main/INFO]: ServerFunctionLibrary took approximately 3 tasks/8 ms (2 tasks/7 ms preparing, 1 tasks/1 ms applying)
[01:36:07] [main/INFO]: ServerAdvancementManager took approximately 2 tasks/628 ms (1 tasks/536 ms preparing, 1 tasks/92 ms applying)
[01:36:07] [main/INFO]: Total blocking time: 93 ms
[01:36:08] [Server thread/INFO]: Starting minecraft server version 26.2
[01:36:08] [Server thread/INFO]: Loading properties
[01:36:08] [Server thread/INFO]: Default game type: SURVIVAL
[01:36:08] [Server thread/INFO]: Generating keypair
[01:36:08] [Server thread/INFO]: Starting Minecraft server on *:25565
[01:36:08] [Server thread/DEBUG]: Java version: 25
[01:36:08] [Server thread/DEBUG]: -Dio.netty.noUnsafe: false
[01:36:08] [Server thread/DEBUG]: sun.misc.Unsafe: unavailable (io.netty.noUnsafe=true by default on Java 25+)
[01:36:08] [Server thread/DEBUG]: java.nio.DirectByteBuffer.<init>(long, {int,long}): unavailable
[01:36:08] [Server thread/DEBUG]: maxDirectMemory: 6304038912 bytes (maybe)
[01:36:08] [Server thread/DEBUG]: -Dio.netty.tmpdir: /tmp (java.io.tmpdir)
[01:36:08] [Server thread/DEBUG]: -Dio.netty.bitMode: 64 (sun.arch.data.model)
[01:36:08] [Server thread/DEBUG]: -Dio.netty.maxDirectMemory: 6304038912 bytes
[01:36:08] [Server thread/DEBUG]: java.nio.ByteBuffer.cleaner(): unavailable
java.lang.UnsupportedOperationException: sun.misc.Unsafe unavailable
	at io.netty.util.internal.CleanerJava9.<clinit>(CleanerJava9.java:70)
	at io.netty.util.internal.PlatformDependent.<clinit>(PlatformDependent.java:209)
	at io.netty.util.internal.ClassInitializerUtil.tryLoadClasses(ClassInitializerUtil.java:32)
	at io.netty.channel.kqueue.Native.<clinit>(Native.java:65)
	at io.netty.channel.kqueue.KQueue.<clinit>(KQueue.java:38)
	at net.minecraft.server.network.EventLoopGroupHolder.remote(EventLoopGroupHolder.java:59)
	at net.minecraft.server.network.ServerConnectionListener.startTcpServerListener(ServerConnectionListener.java:61)
	at net.minecraft.server.dedicated.DedicatedServer.initServer(DedicatedServer.java:191)
	at net.minecraft.server.MinecraftServer.runServer(MinecraftServer.java:741)
	at net.minecraft.server.MinecraftServer.lambda$spin$0(MinecraftServer.java:320)
	at java.base/java.lang.Thread.run(Thread.java:1474)
[01:36:08] [Server thread/DEBUG]: java.nio.ByteBuffer.cleaner(): available
[01:36:08] [Server thread/DEBUG]: -Dio.netty.noPreferDirect: false
[01:36:08] [Server thread/DEBUG]: -Dio.netty.ignoreExpensiveClean: false
[01:36:08] [Server thread/DEBUG]: -Dio.netty.jfr.enabled: true
[01:36:08] [Server thread/DEBUG]: java.lang.invoke.VarHandle: available
[01:36:08] [Server thread/DEBUG]: -Dio.netty.varHandle.enabled: true
[01:36:08] [Server thread/DEBUG]: KQueue support is not available: null
[01:36:08] [Server thread/DEBUG]: -Dio.netty.native.workdir: /tmp (io.netty.tmpdir)
[01:36:08] [Server thread/DEBUG]: -Dio.netty.native.deleteLibAfterLoading: true
[01:36:08] [Server thread/DEBUG]: -Dio.netty.native.tryPatchShadedId: true
[01:36:08] [Server thread/DEBUG]: -Dio.netty.native.detectNativeLibraryDuplicates: true
[01:36:08] [Server thread/DEBUG]: Successfully loaded the library /tmp/libnetty_transport_native_epoll_x86_648363378219195518743.so
[01:36:08] [Server thread/DEBUG]: -Djava.net.preferIPv4Stack: false
[01:36:08] [Server thread/DEBUG]: -Djava.net.preferIPv6Addresses: false
[01:36:08] [Server thread/DEBUG]: Loopback interface: lo (lo, 0:0:0:0:0:0:0:1%lo)
[01:36:08] [Server thread/DEBUG]: /proc/sys/net/core/somaxconn: 4096
[01:36:08] [Server thread/DEBUG]: -Dio.netty.eventLoopThreads: 16
[01:36:08] [Server thread/DEBUG]: -Dio.netty.globalEventExecutor.quietPeriodSeconds: 1
[01:36:08] [Server thread/DEBUG]: -Dio.netty.threadLocalMap.stringBuilder.initialSize: 1024
[01:36:08] [Server thread/DEBUG]: -Dio.netty.threadLocalMap.stringBuilder.maxSize: 4096
[01:36:08] [Server thread/DEBUG]: org.jctools-core.MpscChunkedArrayQueue: unavailable
[01:36:08] [Server thread/DEBUG]: -Dio.netty.processId: 897781 (auto-detected)
[01:36:08] [Server thread/DEBUG]: -Dio.netty.machineId: 00:50:56:ff:fe:66:a3:97 (auto-detected)
[01:36:08] [Server thread/DEBUG]: -Dio.netty.allocator.useCachedMagazinesForNonEventLoopThreads: false
[01:36:08] [Server thread/DEBUG]: -Dio.netty.recycler.maxCapacityPerThread: 4096
[01:36:08] [Server thread/DEBUG]: -Dio.netty.recycler.ratio: 8
[01:36:08] [Server thread/DEBUG]: -Dio.netty.recycler.chunkSize: 32
[01:36:08] [Server thread/DEBUG]: -Dio.netty.recycler.blocking: false
[01:36:08] [Server thread/DEBUG]: -Dio.netty.recycler.batchFastThreadLocalOnly: true
[01:36:08] [Server thread/DEBUG]: -Dio.netty.allocator.type: adaptive
[01:36:08] [Server thread/DEBUG]: -Dio.netty.threadLocalDirectBufferSize: 0
[01:36:08] [Server thread/DEBUG]: -Dio.netty.maxThreadLocalCharBufferSize: 16384
[01:36:08] [Server thread/DEBUG]: -Dio.netty.bootstrap.extensions: null
[01:36:08] [Server thread/WARN]: **** SERVER IS RUNNING IN OFFLINE/INSECURE MODE!
[01:36:08] [Server thread/WARN]: The server will make no attempt to authenticate usernames. Beware.
[01:36:08] [Server thread/WARN]: While this makes the game possible to play without internet access, it also opens up the ability for hackers to connect with any username they choose.
[01:36:08] [Server thread/WARN]: To change this, set "online-mode" to "true" in the server.properties file.
[01:36:08] [Server thread/INFO]: Preparing level "world"
[01:36:08] [Server thread/DEBUG]: -Dio.netty.initialSeedUniquifier: 0x67aca5be266237dc
[01:36:09] [Server thread/INFO]: Selecting global world spawn...
[01:36:09] [Server thread/DEBUG]: ATI [0, 0] Ticket[minecraft:unknown 33] with 1 ticks left ( out of1)
[01:36:09] [Server thread/DEBUG]: DMU 529
[01:36:11] [Worker-Main-1/DEBUG]: RES [10, 2] 45 -> 43
[01:36:11] [Worker-Main-1/DEBUG]: RES [8, 3] 45 -> 41
[01:36:11] [Worker-Main-1/DEBUG]: RES [7, -9] 45 -> 42
[01:36:11] [Worker-Main-1/DEBUG]: RES [-2, 4] 45 -> 37
[01:36:11] [Worker-Main-1/DEBUG]: RES [2, 1] 45 -> 35
[01:36:11] [Worker-Main-1/DEBUG]: RES [1, -4] 45 -> 37
[01:36:11] [Worker-Main-1/DEBUG]: RES [3, 9] 45 -> 42
[01:36:11] [Worker-Main-1/DEBUG]: RES [0, -10] 45 -> 43
[01:36:11] [Worker-Main-1/DEBUG]: RES [3, -5] 45 -> 38
[01:36:11] [Worker-Main-1/DEBUG]: RES [-5, 2] 45 -> 38
[01:36:11] [Worker-Main-1/DEBUG]: RES [-5, 4] 45 -> 38
[01:36:11] [Worker-Main-1/DEBUG]: RES [4, 0] 45 -> 37
[01:36:11] [Worker-Main-1/DEBUG]: RES [-9, -4] 45 -> 42
[01:36:11] [Worker-Main-1/DEBUG]: RES [9, -2] 45 -> 42
[01:36:11] [Worker-Main-1/DEBUG]: RES [-7, -10] 45 -> 43
[01:36:11] [Worker-Main-1/DEBUG]: RES [9, 10] 45 -> 43
[01:36:11] [Worker-Main-1/DEBUG]: RES [-1, 2] 45 -> 35
[01:36:11] [Worker-Main-1/DEBUG]: RES [-2, -9] 45 -> 42
[01:36:11] [Worker-Main-1/DEBUG]: RES [-1, 6] 45 -> 39
[01:36:11] [Worker-Main-1/DEBUG]: RES [0, -9] 45 -> 42
[01:36:11] [Worker-Main-1/DEBUG]: RES [10, 6] 45 -> 43
[01:36:11] [Worker-Main-1/DEBUG]: RES [11, 3] 45 -> 44
[01:36:11] [Worker-Main-1/DEBUG]: RES [-5, -6] 45 -> 39
[01:36:11] [Worker-Main-1/DEBUG]: RES [0, 2] 45 -> 35
[01:36:11] [Worker-Main-1/DEBUG]: RES [-7, -8] 45 -> 41
[01:36:11] [Worker-Main-1/DEBUG]: RES [4, -6] 45 -> 39
[01:36:11] [Worker-Main-1/DEBUG]: RES [-10, 4] 45 -> 43
[01:36:11] [Worker-Main-1/DEBUG]: RES [10, 8] 45 -> 43
[01:36:11] [Worker-Main-1/DEBUG]: RES [10, -10] 45 -> 43
[01:36:11] [Worker-Main-1/DEBUG]: RES [-3, 7] 45 -> 40
[01:36:11] [Worker-Main-1/DEBUG]: RES [-3, -1] 45 -> 36
[01:36:11] [Worker-Main-1/DEBUG]: RES [-3, -10] 45 -> 43
[01:36:11] [Worker-Main-1/DEBUG]: RES [5, 1] 45 -> 38
[01:36:11] [Worker-Main-1/DEBUG]: RES [9, 5] 45 -> 42
[01:36:11] [Worker-Main-1/DEBUG]: RES [8, 7] 45 -> 41
[01:36:11] [Worker-Main-1/DEBUG]: RES [-4, -3] 45 -> 37
[01:36:11] [Worker-Main-1/DEBUG]: RES [1, 0] 45 -> 34
[01:36:11] [Worker-Main-1/DEBUG]: RES [-4, -7] 45 -> 40
[01:36:11] [Worker-Main-1/DEBUG]: RES [-6, 9] 45 -> 42
[01:36:11] [Worker-Main-1/DEBUG]: RES [9, 2] 45 -> 42
[01:36:11] [Worker-Main-1/DEBUG]: RES [-10, 3] 45 -> 43
[01:36:11] [Worker-Main-1/DEBUG]: RES [-2, 3] 45 -> 36
[01:36:11] [Worker-Main-1/DEBUG]: RES [7, -1] 45 -> 40
[01:36:11] [Worker-Main-1/DEBUG]: RES [7, 8] 45 -> 41
[01:36:11] [Worker-Main-1/DEBUG]: RES [10, -6] 45 -> 43
[01:36:11] [Worker-Main-1/DEBUG]: RES [0, 10] 45 -> 43
[01:36:11] [Worker-Main-1/DEBUG]: RES [-9, -8] 45 -> 42
[01:36:11] [Worker-Main-1/DEBUG]: RES [-5, 10] 45 -> 43
[01:36:11] [Worker-Main-1/DEBUG]: RES [0, -1] 45 -> 34
[01:36:11] [Worker-Main-1/DEBUG]: RES [1, -7] 45 -> 40
[01:36:11] [Worker-Main-1/DEBUG]: RES [-8, 4] 45 -> 41
[01:36:11] [Worker-Main-1/DEBUG]: RES [3, -3] 45 -> 36
[01:36:11] [Worker-Main-1/DEBUG]: RES [-7, -5] 45 -> 40
[01:36:11] [Worker-Main-1/DEBUG]: RES [-3, 9] 45 -> 42
[01:36:11] [Worker-Main-1/DEBUG]: RES [7, -8] 45 -> 41
[01:36:11] [Worker-Main-1/DEBUG]: RES [6, 11] 45 -> 44
[01:36:11] [Worker-Main-1/DEBUG]: RES [6, -1] 45 -> 39
[01:36:11] [Worker-Main-1/DEBUG]: RES [-6, -6] 45 -> 39
[01:36:11] [Worker-Main-1/DEBUG]: RES [0, 5] 45 -> 38
[01:36:11] [Worker-Main-1/DEBUG]: RES [-3, 11] 45 -> 44
[01:36:11] [Worker-Main-1/DEBUG]: RES [-11, -3] 45 -> 44
[01:36:11] [Worker-Main-1/DEBUG]: RES [-5, 1] 45 -> 38
[01:36:11] [Worker-Main-1/DEBUG]: RES [0, -6] 45 -> 39
[01:36:11] [Worker-Main-1/DEBUG]: RES [5, 9] 45 -> 42
[01:36:11] [Worker-Main-1/DEBUG]: RES [10, 4] 45 -> 43
[01:36:11] [Worker-Main-1/DEBUG]: RES [5, -2] 45 -> 38
[01:36:11] [Worker-Main-1/DEBUG]: RES [11, 10] 45 -> 44
[01:36:11] [Worker-Main-1/DEBUG]: RES [-9, 0] 45 -> 42
[01:36:11] [Worker-Main-1/DEBUG]: RES [6, 3] 45 -> 39
[01:36:11] [Worker-Main-1/DEBUG]: RES [9, 3] 45 -> 42
[01:36:11] [Worker-Main-1/DEBUG]: RES [0, -11] 45 -> 44
[01:36:11] [Worker-Main-1/DEBUG]: RES [-10, -3] 45 -> 43
[01:36:11] [Worker-Main-1/DEBUG]: RES [-2, -1] 45 -> 35
[01:36:11] [Worker-Main-3/DEBUG]: RES [10, 2] 43 -> 43
[01:36:11] [Worker-Main-3/DEBUG]: RES [8, 3] 41 -> 41
[01:36:11] [Worker-Main-3/DEBUG]: RES [7, -9] 42 -> 42
[01:36:11] [Worker-Main-3/DEBUG]: RES [-2, 4] 37 -> 37
[01:36:11] [Worker-Main-3/DEBUG]: RES [2, 1] 35 -> 35
[01:36:11] [Worker-Main-3/DEBUG]: RES [1, -4] 37 -> 37
[01:36:11] [Worker-Main-3/DEBUG]: RES [3, 9] 42 -> 42
[01:36:11] [Worker-Main-3/DEBUG]: RES [0, -10] 43 -> 43
[01:36:11] [Worker-Main-3/DEBUG]: RES [3, -5] 38 -> 38
[01:36:11] [Worker-Main-3/DEBUG]: RES [-5, 2] 38 -> 38
[01:36:11] [Worker-Main-3/DEBUG]: RES [-5, 4] 38 -> 38
[01:36:11] [Worker-Main-3/DEBUG]: RES [4, 0] 37 -> 37
[01:36:11] [Worker-Main-3/DEBUG]: RES [-9, -4] 42 -> 42
[01:36:11] [Worker-Main-3/DEBUG]: RES [9, -2] 42 -> 42
[01:36:11] [Worker-Main-3/DEBUG]: RES [-7, -10] 43 -> 43
[01:36:11] [Worker-Main-3/DEBUG]: RES [9, 10] 43 -> 43
[01:36:11] [Worker-Main-3/DEBUG]: RES [-1, 2] 35 -> 35
[01:36:11] [Worker-Main-3/DEBUG]: RES [-2, -9] 42 -> 42
[01:36:11] [Worker-Main-3/DEBUG]: RES [-1, 6] 39 -> 39
[01:36:11] [Worker-Main-3/DEBUG]: RES [0, -9] 42 -> 42
[01:36:11] [Worker-Main-3/DEBUG]: RES [10, 6] 43 -> 43
[01:36:11] [Worker-Main-3/DEBUG]: RES [11, 3] 44 -> 44
[01:36:11] [Worker-Main-3/DEBUG]: RES [-5, -6] 39 -> 39
[01:36:11] [Worker-Main-3/DEBUG]: RES [0, 2] 35 -> 35
[01:36:11] [Worker-Main-3/DEBUG]: RES [-7, -8] 41 -> 41
[01:36:11] [Worker-Main-3/DEBUG]: RES [4, -6] 39 -> 39
[01:36:11] [Worker-Main-3/DEBUG]: RES [-10, 4] 43 -> 43
[01:36:11] [Worker-Main-3/DEBUG]: RES [10, 8] 43 -> 43
[01:36:11] [Worker-Main-3/DEBUG]: RES [10, -10] 43 -> 43
[01:36:11] [Worker-Main-3/DEBUG]: RES [-3, 7] 40 -> 40
[01:36:11] [Worker-Main-1/DEBUG]: RES [7, -6] 45 -> 40
[01:36:11] [Worker-Main-3/DEBUG]: RES [-3, -1] 36 -> 36
[01:36:11] [Worker-Main-1/DEBUG]: RES [9, 8] 45 -> 42
[01:36:11] [Worker-Main-3/DEBUG]: RES [-3, -10] 43 -> 43
[01:36:11] [Worker-Main-3/DEBUG]: RES [5, 1] 38 -> 38
[01:36:11] [Worker-Main-3/DEBUG]: RES [9, 5] 42 -> 42
[01:36:11] [Worker-Main-1/DEBUG]: RES [6, 4] 45 -> 39
[01:36:11] [Worker-Main-3/DEBUG]: RES [8, 7] 41 -> 41
[01:36:11] [Worker-Main-1/DEBUG]: RES [9, -10] 45 -> 43
[01:36:11] [Worker-Main-1/DEBUG]: RES [5, -5] 45 -> 38
[01:36:11] [Worker-Main-1/DEBUG]: RES [10, 10] 45 -> 43
[01:36:11] [Worker-Main-1/DEBUG]: RES [11, -1] 45 -> 44
[01:36:11] [Worker-Main-3/DEBUG]: RES [-4, -3] 37 -> 37
[01:36:11] [Worker-Main-1/DEBUG]: RES [4, -1] 45 -> 37
[01:36:11] [Worker-Main-3/DEBUG]: RES [1, 0] 34 -> 34
[01:36:11] [Worker-Main-1/DEBUG]: RES [2, -7] 45 -> 40
[01:36:11] [Worker-Main-3/DEBUG]: RES [-4, -7] 40 -> 40
[01:36:11] [Worker-Main-1/DEBUG]: RES [9, -5] 45 -> 42
[01:36:11] [Worker-Main-3/DEBUG]: RES [-6, 9] 42 -> 42
[01:36:11] [Worker-Main-1/DEBUG]: RES [2, 8] 45 -> 41
[01:36:11] [Worker-Main-3/DEBUG]: RES [9, 2] 42 -> 42
[01:36:11] [Worker-Main-1/DEBUG]: RES [11, -2] 45 -> 44
[01:36:11] [Worker-Main-3/DEBUG]: RES [-10, 3] 43 -> 43
[01:36:11] [Worker-Main-3/DEBUG]: RES [-2, 3] 36 -> 36
[01:36:11] [Worker-Main-3/DEBUG]: RES [7, -1] 40 -> 40
[01:36:11] [Worker-Main-3/DEBUG]: RES [7, 8] 41 -> 41
[01:36:11] [Worker-Main-3/DEBUG]: RES [10, -6] 43 -> 43
[01:36:11] [Worker-Main-3/DEBUG]: RES [0, 10] 43 -> 43
[01:36:11] [Worker-Main-3/DEBUG]: RES [-9, -8] 42 -> 42
[01:36:11] [Worker-Main-3/DEBUG]: RES [-5, 10] 43 -> 43
[01:36:11] [Worker-Main-3/DEBUG]: RES [0, -1] 34 -> 34
[01:36:11] [Worker-Main-3/DEBUG]: RES [1, -7] 40 -> 40
[01:36:11] [Worker-Main-3/DEBUG]: RES [-8, 4] 41 -> 41
[01:36:11] [Worker-Main-3/DEBUG]: RES [3, -3] 36 -> 36
[01:36:11] [Worker-Main-3/DEBUG]: RES [-7, -5] 40 -> 40
[01:36:11] [Worker-Main-3/DEBUG]: RES [-3, 9] 42 -> 42
[01:36:11] [Worker-Main-3/DEBUG]: RES [7, -8] 41 -> 41
[01:36:11] [Worker-Main-3/DEBUG]: RES [6, 11] 44 -> 44
[01:36:11] [Worker-Main-3/DEBUG]: RES [6, -1] 39 -> 39
[01:36:11] [Worker-Main-1/DEBUG]: RES [3, 0] 45 -> 36
[01:36:11] [Worker-Main-1/DEBUG]: RES [-2, 8] 45 -> 41
[01:36:11] [Worker-Main-1/DEBUG]: RES [5, -3] 45 -> 38
[01:36:11] [Worker-Main-1/DEBUG]: RES [-5, -8] 45 -> 41
[01:36:11] [Worker-Main-1/DEBUG]: RES [8, -9] 45 -> 42
[01:36:11] [Worker-Main-1/DEBUG]: RES [-2, -3] 45 -> 36
[01:36:11] [Worker-Main-1/DEBUG]: RES [1, 11] 45 -> 44
[01:36:11] [Worker-Main-1/DEBUG]: RES [-11, 5] 45 -> 44
[01:36:11] [Worker-Main-1/DEBUG]: RES [-4, 4] 45 -> 37
[01:36:11] [Worker-Main-1/DEBUG]: RES [2, 7] 45 -> 40
[01:36:11] [Worker-Main-1/DEBUG]: RES [7, 3] 45 -> 40
[01:36:11] [Worker-Main-1/DEBUG]: RES [11, 6] 45 -> 44
[01:36:11] [Worker-Main-1/DEBUG]: RES [2, 3] 45 -> 36
[01:36:11] [Worker-Main-1/DEBUG]: RES [-7, 6] 45 -> 40
[01:36:11] [Worker-Main-1/DEBUG]: RES [-8, -1] 45 -> 41
[01:36:11] [Worker-Main-1/DEBUG]: RES [6, 10] 45 -> 43
[01:36:11] [Worker-Main-1/DEBUG]: RES [5, -9] 45 -> 42
[01:36:11] [Worker-Main-1/DEBUG]: RES [-4, -2] 45 -> 37
[01:36:11] [Worker-Main-1/DEBUG]: RES [11, 1] 45 -> 44
[01:36:11] [Worker-Main-1/DEBUG]: RES [6, 5] 45 -> 39
[01:36:11] [Worker-Main-1/DEBUG]: RES [7, 7] 45 -> 40
[01:36:11] [Worker-Main-1/DEBUG]: RES [-10, -6] 45 -> 43
[01:36:11] [Worker-Main-1/DEBUG]: RES [11, -11] 45 -> 44
[01:36:11] [Worker-Main-1/DEBUG]: RES [0, -3] 45 -> 36
[01:36:11] [Worker-Main-1/DEBUG]: RES [-8, 5] 45 -> 41
[01:36:11] [Worker-Main-1/DEBUG]: RES [-8, -4] 45 -> 41
[01:36:11] [Worker-Main-1/DEBUG]: RES [1, -11] 45 -> 44
[01:36:11] [Worker-Main-1/DEBUG]: RES [-11, 0] 45 -> 44
[01:36:11] [Worker-Main-1/DEBUG]: RES [-2, 7] 45 -> 40
[01:36:11] [Worker-Main-1/DEBUG]: RES [-8, 10] 45 -> 43
[01:36:11] [Worker-Main-1/DEBUG]: RES [-7, -9] 45 -> 42
[01:36:11] [Worker-Main-1/DEBUG]: RES [8, -3] 45 -> 41
[01:36:11] [Worker-Main-1/DEBUG]: RES [11, -9] 45 -> 44
[01:36:11] [Worker-Main-1/DEBUG]: RES [-1, 7] 45 -> 40
[01:36:11] [Worker-Main-1/DEBUG]: RES [1, -10] 45 -> 43
[01:36:11] [Worker-Main-1/DEBUG]: RES [-9, -6] 45 -> 42
[01:36:11] [Worker-Main-1/DEBUG]: RES [7, -11] 45 -> 44
[01:36:11] [Worker-Main-1/DEBUG]: RES [-2, 1] 45 -> 35
[01:36:11] [Worker-Main-1/DEBUG]: RES [-1, -3] 45 -> 36
[01:36:11] [Worker-Main-1/DEBUG]: RES [-4, 1] 45 -> 37
[01:36:11] [Worker-Main-1/DEBUG]: RES [-8, -2] 45 -> 41
[01:36:11] [Worker-Main-1/DEBUG]: RES [6, -9] 45 -> 42
[01:36:11] [Worker-Main-1/DEBUG]: RES [4, -2] 45 -> 37
[01:36:11] [Worker-Main-1/DEBUG]: RES [6, 7] 45 -> 40
[01:36:11] [Worker-Main-1/DEBUG]: RES [1, 4] 45 -> 37
[01:36:11] [Worker-Main-1/DEBUG]: RES [-10, -11] 45 -> 44
[01:36:11] [Worker-Main-1/DEBUG]: RES [-2, 9] 45 -> 42
[01:36:11] [Worker-Main-1/DEBUG]: RES [6, 0] 45 -> 39
[01:36:11] [Worker-Main-1/DEBUG]: RES [8, -2] 45 -> 41
[01:36:11] [Worker-Main-1/DEBUG]: RES [0, 8] 45 -> 41
[01:36:11] [Worker-Main-1/DEBUG]: RES [7, 5] 45 -> 40
[01:36:11] [Worker-Main-1/DEBUG]: RES [-10, 8] 45 -> 43
[01:36:11] [Worker-Main-1/DEBUG]: RES [3, -1] 45 -> 36
[01:36:11] [Worker-Main-1/DEBUG]: RES [-7, 8] 45 -> 41
[01:36:11] [Worker-Main-1/DEBUG]: RES [7, 10] 45 -> 43
[01:36:11] [Worker-Main-1/DEBUG]: RES [-8, 11] 45 -> 44
[01:36:11] [Worker-Main-1/DEBUG]: RES [9, 1] 45 -> 42
[01:36:11] [Worker-Main-1/DEBUG]: RES [-7, -7] 45 -> 40
[01:36:11] [Worker-Main-1/DEBUG]: RES [9, 7] 45 -> 42
[01:36:11] [Worker-Main-1/DEBUG]: RES [-1, -11] 45 -> 44
[01:36:11] [Worker-Main-1/DEBUG]: RES [3, 8] 45 -> 41
[01:36:11] [Worker-Main-1/DEBUG]: RES [-8, -3] 45 -> 41
[01:36:11] [Worker-Main-3/DEBUG]: RES [-6, -6] 39 -> 39
[01:36:11] [Worker-Main-3/DEBUG]: RES [0, 5] 38 -> 38
[01:36:11] [Worker-Main-3/DEBUG]: RES [-3, 11] 44 -> 44
[01:36:11] [Worker-Main-3/DEBUG]: RES [-11, -3] 44 -> 44
[01:36:11] [Worker-Main-3/DEBUG]: RES [-5, 1] 38 -> 38
[01:36:11] [Worker-Main-3/DEBUG]: RES [0, -6] 39 -> 39
[01:36:11] [Worker-Main-3/DEBUG]: RES [5, 9] 42 -> 42
[01:36:11] [Worker-Main-3/DEBUG]: RES [10, 4] 43 -> 43
[01:36:11] [Worker-Main-1/DEBUG]: RES [11, -7] 45 -> 44
[01:36:11] [Worker-Main-1/DEBUG]: RES [-4, 0] 45 -> 37
[01:36:11] [Worker-Main-1/DEBUG]: RES [10, -11] 45 -> 44
[01:36:11] [Worker-Main-1/DEBUG]: RES [7, 0] 45 -> 40
[01:36:11] [Worker-Main-1/DEBUG]: RES [-9, 2] 45 -> 42
[01:36:11] [Worker-Main-1/DEBUG]: RES [-7, 3] 45 -> 40
[01:36:11] [Worker-Main-1/DEBUG]: RES [6, -4] 45 -> 39
[01:36:11] [Worker-Main-3/DEBUG]: RES [5, -2] 38 -> 38
[01:36:11] [Worker-Main-1/DEBUG]: RES [-1, -5] 45 -> 38
[01:36:11] [Worker-Main-1/DEBUG]: RES [10, 9] 45 -> 43
[01:36:11] [Worker-Main-1/DEBUG]: RES [-1, -1] 45 -> 34
[01:36:11] [Worker-Main-1/DEBUG]: RES [-9, 8] 45 -> 42
[01:36:11] [Worker-Main-1/DEBUG]: RES [-8, -6] 45 -> 41
[01:36:11] [Worker-Main-1/DEBUG]: RES [-10, 2] 45 -> 43
[01:36:11] [Worker-Main-1/DEBUG]: RES [-4, 9] 45 -> 42
[01:36:11] [Worker-Main-1/DEBUG]: RES [6, 8] 45 -> 41
[01:36:11] [Worker-Main-1/DEBUG]: RES [7, 11] 45 -> 44
[01:36:11] [Worker-Main-3/DEBUG]: RES [11, 10] 44 -> 44
[01:36:11] [Worker-Main-1/DEBUG]: RES [-9, -3] 45 -> 42
[01:36:11] [Worker-Main-1/DEBUG]: RES [4, 3] 45 -> 37
[01:36:11] [Worker-Main-1/DEBUG]: RES [3, -10] 45 -> 43
[01:36:11] [Worker-Main-1/DEBUG]: RES [8, 1] 45 -> 41
[01:36:11] [Worker-Main-1/DEBUG]: RES [-2, -4] 45 -> 37
[01:36:11] [Worker-Main-1/DEBUG]: RES [8, -7] 45 -> 41
[01:36:11] [Worker-Main-1/DEBUG]: RES [10, -4] 45 -> 43
[01:36:11] [Worker-Main-1/DEBUG]: RES [-4, -10] 45 -> 43
[01:36:11] [Worker-Main-1/DEBUG]: RES [-2, 11] 45 -> 44
[01:36:11] [Worker-Main-1/DEBUG]: RES [9, -9] 45 -> 42
[01:36:11] [Worker-Main-1/DEBUG]: RES [-8, 2] 45 -> 41
[01:36:11] [Worker-Main-1/DEBUG]: RES [0, 6] 45 -> 39
[01:36:11] [Worker-Main-1/DEBUG]: RES [-4, -4] 45 -> 37
[01:36:11] [Worker-Main-1/DEBUG]: RES [2, -9] 45 -> 42
[01:36:11] [Worker-Main-1/DEBUG]: RES [0, -2] 45 -> 35
[01:36:11] [Worker-Main-1/DEBUG]: RES [-4, 6] 45 -> 39
[01:36:11] [Worker-Main-1/DEBUG]: RES [9, 0] 45 -> 42
[01:36:11] [Worker-Main-1/DEBUG]: RES [-9, 11] 45 -> 44
[01:36:11] [Worker-Main-1/DEBUG]: RES [-9, -7] 45 -> 42
[01:36:11] [Worker-Main-1/DEBUG]: RES [11, -3] 45 -> 44
[01:36:11] [Worker-Main-1/DEBUG]: RES [8, 6] 45 -> 41
[01:36:11] [Worker-Main-1/DEBUG]: RES [-11, 6] 45 -> 44
[01:36:11] [Worker-Main-1/DEBUG]: RES [-10, -10] 45 -> 43
[01:36:11] [Worker-Main-1/DEBUG]: RES [0, 7] 45 -> 40
[01:36:11] [Worker-Main-1/DEBUG]: RES [7, 6] 45 -> 40
[01:36:11] [Worker-Main-1/DEBUG]: RES [-7, -11] 45 -> 44
[01:36:11] [Worker-Main-1/DEBUG]: RES [9, -7] 45 -> 42
[01:36:11] [Worker-Main-1/DEBUG]: RES [0, 0] 45 -> 33
[01:36:11] [Worker-Main-3/DEBUG]: RES [-9, 0] 42 -> 42
[01:36:11] [Worker-Main-1/DEBUG]: RES [6, -10] 45 -> 43
[01:36:11] [Worker-Main-3/DEBUG]: RES [6, 3] 39 -> 39
[01:36:11] [Worker-Main-1/DEBUG]: RES [2, 6] 45 -> 39
[01:36:11] [Worker-Main-3/DEBUG]: RES [9, 3] 42 -> 42
[01:36:11] [Worker-Main-1/DEBUG]: RES [-8, 9] 45 -> 42
[01:36:11] [Worker-Main-3/DEBUG]: RES [0, -11] 44 -> 44
[01:36:11] [Worker-Main-3/DEBUG]: RES [-10, -3] 43 -> 43
[01:36:11] [Worker-Main-3/DEBUG]: RES [-2, -1] 35 -> 35
[01:36:11] [Worker-Main-1/DEBUG]: RES [11, 4] 45 -> 44
[01:36:11] [Worker-Main-3/DEBUG]: RES [7, -6] 40 -> 40
[01:36:11] [Worker-Main-3/DEBUG]: RES [9, 8] 42 -> 42
[01:36:11] [Worker-Main-1/DEBUG]: RES [10, 11] 45 -> 44
[01:36:11] [Worker-Main-3/DEBUG]: RES [6, 4] 39 -> 39
[01:36:11] [Worker-Main-1/DEBUG]: RES [-9, 3] 45 -> 42
[01:36:11] [Worker-Main-3/DEBUG]: RES [9, -10] 43 -> 43
[01:36:11] [Worker-Main-1/DEBUG]: RES [8, -6] 45 -> 41
[01:36:11] [Worker-Main-3/DEBUG]: RES [5, -5] 38 -> 38
[01:36:11] [Worker-Main-3/DEBUG]: RES [10, 10] 43 -> 43
[01:36:11] [Worker-Main-6/DEBUG]: RES [-5, 11] 45 -> 44
[01:36:11] [Worker-Main-3/DEBUG]: RES [11, -1] 44 -> 44
[01:36:11] [Worker-Main-3/DEBUG]: RES [4, -1] 37 -> 37
[01:36:11] [Worker-Main-6/DEBUG]: RES [-11, -9] 45 -> 44
[01:36:11] [Worker-Main-3/DEBUG]: RES [2, -7] 40 -> 40
[01:36:11] [Worker-Main-6/DEBUG]: RES [-8, 0] 45 -> 41
[01:36:11] [Worker-Main-3/DEBUG]: RES [9, -5] 42 -> 42
[01:36:11] [Worker-Main-6/DEBUG]: RES [5, 8] 45 -> 41
[01:36:11] [Worker-Main-3/DEBUG]: RES [2, 8] 41 -> 41
[01:36:11] [Worker-Main-3/DEBUG]: RES [11, -2] 44 -> 44
[01:36:11] [Worker-Main-6/DEBUG]: RES [-10, -7] 45 -> 43
[01:36:11] [Worker-Main-1/DEBUG]: RES [3, 0] 36 -> 36
[01:36:11] [Worker-Main-6/DEBUG]: RES [7, 2] 45 -> 40
[01:36:11] [Worker-Main-1/DEBUG]: RES [-2, 8] 41 -> 41
[01:36:11] [Worker-Main-6/DEBUG]: RES [1, -9] 45 -> 42
[01:36:11] [Worker-Main-1/DEBUG]: RES [5, -3] 38 -> 38
[01:36:11] [Worker-Main-6/DEBUG]: RES [-7, 0] 45 -> 40
[01:36:11] [Worker-Main-1/DEBUG]: RES [-5, -8] 41 -> 41
[01:36:11] [Worker-Main-1/DEBUG]: RES [8, -9] 42 -> 42
[01:36:11] [Worker-Main-6/DEBUG]: RES [-6, -9] 45 -> 42
[01:36:11] [Worker-Main-6/DEBUG]: RES [0, 1] 45 -> 34
[01:36:11] [Worker-Main-6/DEBUG]: RES [7, -5] 45 -> 40
[01:36:11] [Worker-Main-6/DEBUG]: RES [3, -2] 45 -> 36
[01:36:11] [Worker-Main-6/DEBUG]: RES [3, 5] 45 -> 38
[01:36:11] [Worker-Main-6/DEBUG]: RES [1, 3] 45 -> 36
[01:36:11] [Worker-Main-6/DEBUG]: RES [1, -8] 45 -> 41
[01:36:11] [Worker-Main-6/DEBUG]: RES [-6, -5] 45 -> 39
[01:36:11] [Worker-Main-6/DEBUG]: RES [8, -8] 45 -> 41
[01:36:11] [Worker-Main-6/DEBUG]: RES [1, 6] 45 -> 39
[01:36:11] [Worker-Main-6/DEBUG]: RES [6, 9] 45 -> 42
[01:36:11] [Worker-Main-6/DEBUG]: RES [1, -2] 45 -> 35
[01:36:11] [Worker-Main-6/DEBUG]: RES [-2, 5] 45 -> 38
[01:36:11] [Worker-Main-6/DEBUG]: RES [-10, 9] 45 -> 43
[01:36:11] [Worker-Main-1/DEBUG]: RES [-2, -3] 36 -> 36
[01:36:11] [Worker-Main-1/DEBUG]: RES [1, 11] 44 -> 44
[01:36:11] [Worker-Main-6/DEBUG]: RES [-3, -5] 45 -> 38
[01:36:11] [Worker-Main-6/DEBUG]: RES [9, -6] 45 -> 42
[01:36:11] [Worker-Main-6/DEBUG]: RES [-8, -5] 45 -> 41
[01:36:11] [Worker-Main-6/DEBUG]: RES [-11, -2] 45 -> 44
[01:36:11] [Worker-Main-6/DEBUG]: RES [8, -1] 45 -> 41
[01:36:11] [Worker-Main-6/DEBUG]: RES [5, 4] 45 -> 38
[01:36:11] [Worker-Main-6/DEBUG]: RES [9, 9] 45 -> 42
[01:36:11] [Worker-Main-6/DEBUG]: RES [-10, -5] 45 -> 43
[01:36:11] [Worker-Main-6/DEBUG]: RES [-7, 9] 45 -> 42
[01:36:11] [Worker-Main-1/DEBUG]: RES [-11, 5] 44 -> 44
[01:36:11] [Worker-Main-6/DEBUG]: RES [-9, -11] 45 -> 44
[01:36:11] [Worker-Main-1/DEBUG]: RES [-4, 4] 37 -> 37
[01:36:11] [Worker-Main-1/DEBUG]: RES [2, 7] 40 -> 40
[01:36:11] [Worker-Main-3/DEBUG]: RES [3, 7] 45 -> 40
[01:36:11] [Worker-Main-1/DEBUG]: RES [7, 3] 40 -> 40
[01:36:11] [Worker-Main-3/DEBUG]: RES [1, -6] 45 -> 39
[01:36:11] [Worker-Main-1/DEBUG]: RES [11, 6] 44 -> 44
[01:36:11] [Worker-Main-3/DEBUG]: RES [-5, -1] 45 -> 38
[01:36:11] [Worker-Main-3/DEBUG]: RES [2, 10] 45 -> 43
[01:36:11] [Worker-Main-1/DEBUG]: RES [2, 3] 36 -> 36
[01:36:11] [Worker-Main-3/DEBUG]: RES [1, 8] 45 -> 41
[01:36:11] [Worker-Main-1/DEBUG]: RES [-7, 6] 40 -> 40
[01:36:11] [Worker-Main-1/DEBUG]: RES [-8, -1] 41 -> 41
[01:36:11] [Worker-Main-3/DEBUG]: RES [11, 11] 45 -> 44
[01:36:11] [Worker-Main-1/DEBUG]: RES [6, 10] 43 -> 43
[01:36:11] [Worker-Main-3/DEBUG]: RES [-4, -11] 45 -> 44
[01:36:11] [Worker-Main-1/DEBUG]: RES [5, -9] 42 -> 42
[01:36:11] [Worker-Main-3/DEBUG]: RES [-11, 11] 45 -> 44
[01:36:11] [Worker-Main-1/DEBUG]: RES [-4, -2] 37 -> 37
[01:36:11] [Worker-Main-3/DEBUG]: RES [-3, 0] 45 -> 36
[01:36:11] [Worker-Main-3/DEBUG]: RES [-7, 2] 45 -> 40
[01:36:11] [Worker-Main-3/DEBUG]: RES [-4, 5] 45 -> 38
[01:36:11] [Worker-Main-3/DEBUG]: RES [1, 10] 45 -> 43
[01:36:11] [Worker-Main-3/DEBUG]: RES [-5, -5] 45 -> 38
[01:36:11] [Worker-Main-3/DEBUG]: RES [4, -9] 45 -> 42
[01:36:11] [Worker-Main-1/DEBUG]: RES [11, 1] 44 -> 44
[01:36:11] [Worker-Main-3/DEBUG]: RES [7, -3] 45 -> 40
[01:36:11] [Worker-Main-3/DEBUG]: RES [-9, 4] 45 -> 42
[01:36:11] [Worker-Main-1/DEBUG]: RES [6, 5] 39 -> 39
[01:36:11] [Worker-Main-3/DEBUG]: RES [6, 1] 45 -> 39
[01:36:11] [Worker-Main-1/DEBUG]: RES [7, 7] 40 -> 40
[01:36:11] [Worker-Main-3/DEBUG]: RES [-6, -10] 45 -> 43
[01:36:11] [Worker-Main-1/DEBUG]: RES [-10, -6] 43 -> 43
[01:36:11] [Worker-Main-3/DEBUG]: RES [-10, 5] 45 -> 43
[01:36:11] [Worker-Main-3/DEBUG]: RES [-1, -7] 45 -> 40
[01:36:11] [Worker-Main-1/DEBUG]: RES [11, -11] 44 -> 44
[01:36:11] [Worker-Main-3/DEBUG]: RES [4, 7] 45 -> 40
[01:36:11] [Worker-Main-1/DEBUG]: RES [0, -3] 36 -> 36
[01:36:11] [Worker-Main-3/DEBUG]: RES [11, 5] 45 -> 44
[01:36:11] [Worker-Main-1/DEBUG]: RES [-8, 5] 41 -> 41
[01:36:11] [Worker-Main-3/DEBUG]: RES [-8, -8] 45 -> 41
[01:36:11] [Worker-Main-3/DEBUG]: RES [4, 1] 45 -> 37
[01:36:11] [Worker-Main-1/DEBUG]: RES [-8, -4] 41 -> 41
[01:36:11] [Worker-Main-1/DEBUG]: RES [1, -11] 44 -> 44
[01:36:11] [Worker-Main-6/DEBUG]: RES [7, 1] 45 -> 40
[01:36:11] [Worker-Main-1/DEBUG]: RES [-11, 0] 44 -> 44
[01:36:11] [Worker-Main-1/DEBUG]: RES [-2, 7] 40 -> 40
[01:36:11] [Worker-Main-3/DEBUG]: RES [-9, 7] 45 -> 42
[01:36:11] [Worker-Main-1/DEBUG]: RES [-8, 10] 43 -> 43
[01:36:11] [Worker-Main-3/DEBUG]: RES [-4, -8] 45 -> 41
[01:36:11] [Worker-Main-3/DEBUG]: RES [-9, -5] 45 -> 42
[01:36:11] [Worker-Main-1/DEBUG]: RES [-7, -9] 42 -> 42
[01:36:11] [Worker-Main-3/DEBUG]: RES [7, 9] 45 -> 42
[01:36:11] [Worker-Main-1/DEBUG]: RES [8, -3] 41 -> 41
[01:36:11] [Worker-Main-3/DEBUG]: RES [-11, -8] 45 -> 44
[01:36:11] [Worker-Main-1/DEBUG]: RES [11, -9] 44 -> 44
[01:36:11] [Worker-Main-7/DEBUG]: RES [-1, 7] 40 -> 40
[01:36:11] [Worker-Main-7/DEBUG]: RES [1, -10] 43 -> 43
[01:36:11] [Worker-Main-7/DEBUG]: RES [-9, -6] 42 -> 42
[01:36:11] [Worker-Main-3/DEBUG]: RES [5, 5] 45 -> 38
[01:36:11] [Worker-Main-6/DEBUG]: RES [7, -11] 44 -> 44
[01:36:11] [Worker-Main-3/DEBUG]: RES [-7, -6] 45 -> 40
[01:36:11] [Worker-Main-6/DEBUG]: RES [-2, 1] 35 -> 35
[01:36:11] [Worker-Main-6/DEBUG]: RES [-1, -3] 36 -> 36
[01:36:11] [Worker-Main-3/DEBUG]: RES [-7, 7] 45 -> 40
[01:36:11] [Worker-Main-3/DEBUG]: RES [-2, -8] 45 -> 41
[01:36:11] [Worker-Main-3/DEBUG]: RES [11, -6] 45 -> 44
[01:36:11] [Worker-Main-3/DEBUG]: RES [4, 8] 45 -> 41
[01:36:11] [Worker-Main-3/DEBUG]: RES [-9, -1] 45 -> 42
[01:36:11] [Worker-Main-3/DEBUG]: RES [11, 7] 45 -> 44
[01:36:11] [Worker-Main-3/DEBUG]: RES [-10, -1] 45 -> 43
[01:36:11] [Worker-Main-3/DEBUG]: RES [10, 7] 45 -> 43
[01:36:11] [Worker-Main-3/DEBUG]: RES [-5, 7] 45 -> 40
[01:36:11] [Worker-Main-3/DEBUG]: RES [-2, -7] 45 -> 40
[01:36:11] [Worker-Main-7/DEBUG]: RES [-4, 1] 37 -> 37
[01:36:11] [Worker-Main-3/DEBUG]: RES [-11, 4] 45 -> 44
[01:36:11] [Worker-Main-3/DEBUG]: RES [-7, -3] 45 -> 40
[01:36:11] [Worker-Main-7/DEBUG]: RES [-8, -2] 41 -> 41
[01:36:11] [Worker-Main-7/DEBUG]: RES [6, -9] 42 -> 42
[01:36:11] [Worker-Main-3/DEBUG]: RES [2, -11] 45 -> 44
[01:36:11] [Worker-Main-7/DEBUG]: RES [4, -2] 37 -> 37
[01:36:11] [Worker-Main-3/DEBUG]: RES [8, 0] 45 -> 41
[01:36:11] [Worker-Main-7/DEBUG]: RES [6, 7] 40 -> 40
[01:36:11] [Worker-Main-7/DEBUG]: RES [1, 4] 37 -> 37
[01:36:11] [Worker-Main-3/DEBUG]: RES [6, -6] 45 -> 39
[01:36:11] [Worker-Main-7/DEBUG]: RES [-10, -11] 44 -> 44
[01:36:11] [Worker-Main-3/DEBUG]: RES [-8, -9] 45 -> 42
[01:36:11] [Worker-Main-7/DEBUG]: RES [-2, 9] 42 -> 42
[01:36:11] [Worker-Main-3/DEBUG]: RES [-11, -10] 45 -> 44
[01:36:11] [Worker-Main-7/DEBUG]: RES [6, 0] 39 -> 39
[01:36:11] [Worker-Main-7/DEBUG]: RES [8, -2] 41 -> 41
[01:36:11] [Worker-Main-3/DEBUG]: RES [-9, -2] 45 -> 42
[01:36:11] [Worker-Main-7/DEBUG]: RES [0, 8] 41 -> 41
[01:36:11] [Worker-Main-3/DEBUG]: RES [-3, 1] 45 -> 36
[01:36:11] [Worker-Main-3/DEBUG]: RES [11, 9] 45 -> 44
[01:36:11] [Worker-Main-3/DEBUG]: RES [1, 9] 45 -> 42
[01:36:11] [Worker-Main-7/DEBUG]: RES [7, 5] 40 -> 40
[01:36:11] [Worker-Main-3/DEBUG]: RES [10, -7] 45 -> 43
[01:36:11] [Worker-Main-7/DEBUG]: RES [-10, 8] 43 -> 43
[01:36:11] [Worker-Main-3/DEBUG]: RES [-10, 1] 45 -> 43
[01:36:11] [Worker-Main-7/DEBUG]: RES [3, -1] 36 -> 36
[01:36:11] [Worker-Main-3/DEBUG]: RES [-2, 6] 45 -> 39
[01:36:11] [Worker-Main-7/DEBUG]: RES [-7, 8] 41 -> 41
[01:36:11] [Worker-Main-3/DEBUG]: RES [-2, -10] 45 -> 43
[01:36:11] [Worker-Main-7/DEBUG]: RES [7, 10] 43 -> 43
[01:36:11] [Worker-Main-7/DEBUG]: RES [-8, 11] 44 -> 44
[01:36:11] [Worker-Main-3/DEBUG]: RES [-3, 3] 45 -> 36
[01:36:11] [Worker-Main-7/DEBUG]: RES [9, 1] 42 -> 42
[01:36:11] [Worker-Main-3/DEBUG]: RES [-5, 8] 45 -> 41
[01:36:11] [Worker-Main-6/DEBUG]: RES [-7, -7] 40 -> 40
[01:36:11] [Worker-Main-3/DEBUG]: RES [8, 9] 45 -> 42
[01:36:11] [Worker-Main-6/DEBUG]: RES [9, 7] 42 -> 42
[01:36:11] [Worker-Main-6/DEBUG]: RES [-1, -11] 44 -> 44
[01:36:11] [Worker-Main-6/DEBUG]: RES [3, 8] 41 -> 41
[01:36:11] [Worker-Main-6/DEBUG]: RES [-8, -3] 41 -> 41
[01:36:11] [Worker-Main-6/DEBUG]: RES [11, -7] 44 -> 44
[01:36:11] [Worker-Main-3/DEBUG]: RES [0, -7] 45 -> 40
[01:36:11] [Worker-Main-6/DEBUG]: RES [-4, 0] 37 -> 37
[01:36:11] [Worker-Main-7/DEBUG]: RES [10, -11] 44 -> 44
[01:36:11] [Worker-Main-7/DEBUG]: RES [7, 0] 40 -> 40
[01:36:11] [Worker-Main-7/DEBUG]: RES [-9, 2] 42 -> 42
[01:36:11] [Worker-Main-6/DEBUG]: RES [9, 11] 45 -> 44
[01:36:11] [Worker-Main-1/DEBUG]: RES [-7, 3] 40 -> 40
[01:36:11] [Worker-Main-6/DEBUG]: RES [-11, -4] 45 -> 44
[01:36:11] [Worker-Main-1/DEBUG]: RES [6, -4] 39 -> 39
[01:36:11] [Worker-Main-1/DEBUG]: RES [-1, -5] 38 -> 38
[01:36:11] [Worker-Main-6/DEBUG]: RES [4, -5] 45 -> 38
[01:36:11] [Worker-Main-1/DEBUG]: RES [10, 9] 43 -> 43
[01:36:11] [Worker-Main-1/DEBUG]: RES [-1, -1] 34 -> 34
[01:36:11] [Worker-Main-6/DEBUG]: RES [-6, 7] 45 -> 40
[01:36:11] [Worker-Main-1/DEBUG]: RES [-9, 8] 42 -> 42
[01:36:11] [Worker-Main-6/DEBUG]: RES [2, -10] 45 -> 43
[01:36:11] [Worker-Main-1/DEBUG]: RES [-8, -6] 41 -> 41
[01:36:11] [Worker-Main-1/DEBUG]: RES [-10, 2] 43 -> 43
[01:36:11] [Worker-Main-6/DEBUG]: RES [8, -11] 45 -> 44
[01:36:11] [Worker-Main-1/DEBUG]: RES [-4, 9] 42 -> 42
[01:36:11] [Worker-Main-6/DEBUG]: RES [5, -4] 45 -> 38
[01:36:11] [Worker-Main-1/DEBUG]: RES [6, 8] 41 -> 41
[01:36:11] [Worker-Main-1/DEBUG]: RES [7, 11] 44 -> 44
[01:36:11] [Worker-Main-1/DEBUG]: RES [-9, -3] 42 -> 42
[01:36:11] [Worker-Main-1/DEBUG]: RES [4, 3] 37 -> 37
[01:36:11] [Worker-Main-1/DEBUG]: RES [3, -10] 43 -> 43
[01:36:11] [Worker-Main-1/DEBUG]: RES [8, 1] 41 -> 41
[01:36:11] [Worker-Main-1/DEBUG]: RES [-2, -4] 37 -> 37
[01:36:11] [Worker-Main-1/DEBUG]: RES [8, -7] 41 -> 41
[01:36:11] [Worker-Main-1/DEBUG]: RES [10, -4] 43 -> 43
[01:36:11] [Worker-Main-1/DEBUG]: RES [-4, -10] 43 -> 43
[01:36:11] [Worker-Main-1/DEBUG]: RES [-2, 11] 44 -> 44
[01:36:11] [Worker-Main-1/DEBUG]: RES [9, -9] 42 -> 42
[01:36:11] [Worker-Main-1/DEBUG]: RES [-8, 2] 41 -> 41
[01:36:11] [Worker-Main-1/DEBUG]: RES [0, 6] 39 -> 39
[01:36:11] [Worker-Main-1/DEBUG]: RES [-4, -4] 37 -> 37
[01:36:11] [Worker-Main-1/DEBUG]: RES [2, -9] 42 -> 42
[01:36:11] [Worker-Main-1/DEBUG]: RES [0, -2] 35 -> 35
[01:36:11] [Worker-Main-1/DEBUG]: RES [-4, 6] 39 -> 39
[01:36:11] [Worker-Main-1/DEBUG]: RES [9, 0] 42 -> 42
[01:36:11] [Worker-Main-3/DEBUG]: RES [1, 2] 45 -> 35
[01:36:11] [Worker-Main-1/DEBUG]: RES [-9, 11] 44 -> 44
[01:36:11] [Worker-Main-1/DEBUG]: RES [-9, -7] 42 -> 42
[01:36:11] [Worker-Main-1/DEBUG]: RES [11, -3] 44 -> 44
[01:36:11] [Worker-Main-3/DEBUG]: RES [-6, 6] 45 -> 39
[01:36:11] [Worker-Main-1/DEBUG]: RES [8, 6] 41 -> 41
[01:36:11] [Worker-Main-3/DEBUG]: RES [5, 3] 45 -> 38
[01:36:11] [Worker-Main-1/DEBUG]: RES [-11, 6] 44 -> 44
[01:36:11] [Worker-Main-3/DEBUG]: RES [-10, -8] 45 -> 43
[01:36:11] [Worker-Main-1/DEBUG]: RES [-10, -10] 43 -> 43
[01:36:11] [Worker-Main-3/DEBUG]: RES [4, 4] 45 -> 37
[01:36:11] [Worker-Main-3/DEBUG]: RES [-2, 10] 45 -> 43
[01:36:11] [Worker-Main-3/DEBUG]: RES [-3, 6] 45 -> 39
[01:36:11] [Worker-Main-7/DEBUG]: RES [0, 7] 40 -> 40
[01:36:11] [Worker-Main-3/DEBUG]: RES [11, -10] 45 -> 44
[01:36:11] [Worker-Main-7/DEBUG]: RES [7, 6] 40 -> 40
[01:36:11] [Worker-Main-3/DEBUG]: RES [-7, 11] 45 -> 44
[01:36:11] [Worker-Main-7/DEBUG]: RES [-7, -11] 44 -> 44
[01:36:11] [Worker-Main-3/DEBUG]: RES [5, 7] 45 -> 40
[01:36:11] [Worker-Main-7/DEBUG]: RES [9, -7] 42 -> 42
[01:36:11] [Worker-Main-3/DEBUG]: RES [-7, -2] 45 -> 40
[01:36:11] [Worker-Main-7/DEBUG]: RES [0, 0] 33 -> 33
[01:36:11] [Worker-Main-3/DEBUG]: RES [5, -1] 45 -> 38
[01:36:11] [Worker-Main-7/DEBUG]: RES [6, -10] 43 -> 43
[01:36:11] [Worker-Main-3/DEBUG]: RES [2, 2] 45 -> 35
[01:36:11] [Worker-Main-7/DEBUG]: RES [2, 6] 39 -> 39
[01:36:11] [Worker-Main-7/DEBUG]: RES [-8, 9] 42 -> 42
[01:36:11] [Worker-Main-3/DEBUG]: RES [5, 11] 45 -> 44
[01:36:11] [Worker-Main-3/DEBUG]: RES [-3, 4] 45 -> 37
[01:36:11] [Worker-Main-3/DEBUG]: RES [1, -3] 45 -> 36
[01:36:11] [Worker-Main-3/DEBUG]: RES [0, -5] 45 -> 38
[01:36:11] [Worker-Main-6/DEBUG]: RES [11, 4] 44 -> 44
[01:36:11] [Worker-Main-3/DEBUG]: RES [2, -2] 45 -> 35
[01:36:11] [Worker-Main-3/DEBUG]: RES [-1, 11] 45 -> 44
[01:36:11] [Worker-Main-3/DEBUG]: RES [10, 1] 45 -> 43
[01:36:11] [Worker-Main-6/DEBUG]: RES [10, 11] 44 -> 44
[01:36:11] [Worker-Main-6/DEBUG]: RES [-9, 3] 42 -> 42
[01:36:11] [Worker-Main-3/DEBUG]: RES [-6, 2] 45 -> 39
[01:36:11] [Worker-Main-3/DEBUG]: RES [2, -4] 45 -> 37
[01:36:11] [Worker-Main-3/DEBUG]: RES [-1, 9] 45 -> 42
[01:36:11] [Worker-Main-3/DEBUG]: RES [-10, -2] 45 -> 43
[01:36:11] [Worker-Main-3/DEBUG]: RES [-1, 5] 45 -> 38
[01:36:11] [Worker-Main-3/DEBUG]: RES [2, -1] 45 -> 35
[01:36:11] [Worker-Main-3/DEBUG]: RES [-9, 1] 45 -> 42
[01:36:11] [Worker-Main-6/DEBUG]: RES [8, -6] 41 -> 41
[01:36:11] [Worker-Main-6/DEBUG]: RES [-5, 11] 44 -> 44
[01:36:11] [Worker-Main-6/DEBUG]: RES [-11, -9] 44 -> 44
[01:36:11] [Worker-Main-2/DEBUG]: RES [2, 4] 45 -> 37
[01:36:11] [Worker-Main-7/DEBUG]: RES [-8, 0] 41 -> 41
[01:36:11] [Worker-Main-7/DEBUG]: RES [5, 8] 41 -> 41
[01:36:11] [Worker-Main-1/DEBUG]: RES [2, -3] 45 -> 36
[01:36:11] [Worker-Main-7/DEBUG]: RES [-10, -7] 43 -> 43
[01:36:11] [Worker-Main-1/DEBUG]: RES [10, -1] 45 -> 43
[01:36:11] [Worker-Main-7/DEBUG]: RES [7, 2] 40 -> 40
[01:36:11] [Worker-Main-1/DEBUG]: RES [8, 10] 45 -> 43
[01:36:11] [Worker-Main-7/DEBUG]: RES [1, -9] 42 -> 42
[01:36:11] [Worker-Main-1/DEBUG]: RES [3, -11] 45 -> 44
[01:36:11] [Worker-Main-7/DEBUG]: RES [-7, 0] 40 -> 40
[01:36:11] [Worker-Main-1/DEBUG]: RES [-11, 2] 45 -> 44
[01:36:11] [Worker-Main-7/DEBUG]: RES [-6, -9] 42 -> 42
[01:36:11] [Worker-Main-1/DEBUG]: RES [-3, -3] 45 -> 36
[01:36:11] [Worker-Main-7/DEBUG]: RES [0, 1] 34 -> 34
[01:36:11] [Worker-Main-1/DEBUG]: RES [3, 4] 45 -> 37
[01:36:11] [Worker-Main-7/DEBUG]: RES [7, -5] 40 -> 40
[01:36:11] [Worker-Main-7/DEBUG]: RES [3, -2] 36 -> 36
[01:36:11] [Worker-Main-1/DEBUG]: RES [3, -7] 45 -> 40
[01:36:11] [Worker-Main-7/DEBUG]: RES [3, 5] 38 -> 38
[01:36:11] [Worker-Main-1/DEBUG]: RES [4, -3] 45 -> 37
[01:36:11] [Worker-Main-7/DEBUG]: RES [1, 3] 36 -> 36
[01:36:11] [Worker-Main-1/DEBUG]: RES [8, 11] 45 -> 44
[01:36:11] [Worker-Main-7/DEBUG]: RES [1, -8] 41 -> 41
[01:36:11] [Worker-Main-1/DEBUG]: RES [-9, 5] 45 -> 42
[01:36:11] [Worker-Main-7/DEBUG]: RES [-6, -5] 39 -> 39
[01:36:11] [Worker-Main-1/DEBUG]: RES [5, -6] 45 -> 39
[01:36:11] [Worker-Main-7/DEBUG]: RES [8, -8] 41 -> 41
[01:36:11] [Worker-Main-1/DEBUG]: RES [11, -8] 45 -> 44
[01:36:11] [Worker-Main-1/DEBUG]: RES [-11, -11] 45 -> 44
[01:36:11] [Worker-Main-1/DEBUG]: RES [4, 6] 45 -> 39
[01:36:11] [Worker-Main-1/DEBUG]: RES [-6, -3] 45 -> 39
[01:36:11] [Worker-Main-1/DEBUG]: RES [-8, 3] 45 -> 41
[01:36:11] [Worker-Main-1/DEBUG]: RES [-1, 0] 45 -> 34
[01:36:11] [Worker-Main-1/DEBUG]: RES [3, 3] 45 -> 36
[01:36:11] [Worker-Main-1/DEBUG]: RES [6, -7] 45 -> 40
[01:36:11] [Worker-Main-1/DEBUG]: RES [5, 6] 45 -> 39
[01:36:11] [Worker-Main-1/DEBUG]: RES [-1, 4] 45 -> 37
[01:36:11] [Worker-Main-1/DEBUG]: RES [4, -4] 45 -> 37
[01:36:11] [Worker-Main-1/DEBUG]: RES [-1, -2] 45 -> 35
[01:36:11] [Worker-Main-1/DEBUG]: RES [5, 2] 45 -> 38
[01:36:11] [Worker-Main-1/DEBUG]: RES [-6, -1] 45 -> 39
[01:36:11] [Worker-Main-1/DEBUG]: RES [8, -10] 45 -> 43
[01:36:11] [Worker-Main-1/DEBUG]: RES [9, -1] 45 -> 42
[01:36:11] [Worker-Main-1/DEBUG]: RES [-6, -7] 45 -> 40
[01:36:11] [Worker-Main-1/DEBUG]: RES [-3, 8] 45 -> 41
[01:36:11] [Worker-Main-1/DEBUG]: RES [-5, -9] 45 -> 42
[01:36:11] [Worker-Main-6/DEBUG]: RES [-1, 10] 45 -> 43
[01:36:11] [Worker-Main-6/DEBUG]: RES [-7, -4] 45 -> 40
[01:36:11] [Worker-Main-6/DEBUG]: RES [-11, -6] 45 -> 44
[01:36:11] [Worker-Main-6/DEBUG]: RES [-10, 7] 45 -> 43
[01:36:11] [Worker-Main-6/DEBUG]: RES [4, 11] 45 -> 44
[01:36:11] [Worker-Main-6/DEBUG]: RES [2, -6] 45 -> 39
[01:36:11] [Worker-Main-6/DEBUG]: RES [-6, 10] 45 -> 43
[01:36:11] [Worker-Main-6/DEBUG]: RES [1, 5] 45 -> 38
[01:36:11] [Worker-Main-6/DEBUG]: RES [-4, -1] 45 -> 37
[01:36:11] [Worker-Main-6/DEBUG]: RES [7, 4] 45 -> 40
[01:36:11] [Worker-Main-6/DEBUG]: RES [-9, 9] 45 -> 42
[01:36:11] [Worker-Main-6/DEBUG]: RES [8, 4] 45 -> 41
[01:36:11] [Worker-Main-3/DEBUG]: RES [-8, -10] 45 -> 43
[01:36:11] [Worker-Main-2/DEBUG]: RES [-6, 8] 45 -> 41
[01:36:11] [Worker-Main-2/DEBUG]: RES [-11, 7] 45 -> 44
[01:36:11] [Worker-Main-2/DEBUG]: RES [-3, -2] 45 -> 36
[01:36:11] [Worker-Main-7/DEBUG]: RES [1, 6] 39 -> 39
[01:36:11] [Worker-Main-2/DEBUG]: RES [5, -7] 45 -> 40
[01:36:11] [Worker-Main-2/DEBUG]: RES [-8, 1] 45 -> 41
[01:36:11] [Worker-Main-3/DEBUG]: RES [6, 9] 42 -> 42
[01:36:11] [Worker-Main-2/DEBUG]: RES [-9, -9] 45 -> 42
[01:36:11] [Worker-Main-3/DEBUG]: RES [1, -2] 35 -> 35
[01:36:11] [Worker-Main-2/DEBUG]: RES [4, -10] 45 -> 43
[01:36:11] [Worker-Main-3/DEBUG]: RES [-2, 5] 38 -> 38
[01:36:11] [Worker-Main-2/DEBUG]: RES [6, -8] 45 -> 41
[01:36:11] [Worker-Main-3/DEBUG]: RES [-10, 9] 43 -> 43
[01:36:11] [Worker-Main-2/DEBUG]: RES [-4, 7] 45 -> 40
[01:36:11] [Worker-Main-3/DEBUG]: RES [-3, -5] 38 -> 38
[01:36:11] [Worker-Main-2/DEBUG]: RES [2, -5] 45 -> 38
[01:36:11] [Worker-Main-3/DEBUG]: RES [9, -6] 42 -> 42
[01:36:11] [Worker-Main-2/DEBUG]: RES [-3, -8] 45 -> 41
[01:36:11] [Worker-Main-3/DEBUG]: RES [-8, -5] 41 -> 41
[01:36:11] [Worker-Main-2/DEBUG]: RES [9, 6] 45 -> 42
[01:36:11] [Worker-Main-3/DEBUG]: RES [-11, -2] 44 -> 44
[01:36:11] [Worker-Main-2/DEBUG]: RES [-5, -7] 45 -> 40
[01:36:11] [Worker-Main-3/DEBUG]: RES [8, -1] 41 -> 41
[01:36:11] [Worker-Main-2/DEBUG]: RES [-1, -10] 45 -> 43
[01:36:11] [Worker-Main-3/DEBUG]: RES [5, 4] 38 -> 38
[01:36:11] [Worker-Main-2/DEBUG]: RES [-4, -5] 45 -> 38
[01:36:11] [Worker-Main-3/DEBUG]: RES [9, 9] 42 -> 42
[01:36:11] [Worker-Main-2/DEBUG]: RES [-7, -1] 45 -> 40
[01:36:11] [Worker-Main-3/DEBUG]: RES [-10, -5] 43 -> 43
[01:36:11] [Worker-Main-2/DEBUG]: RES [2, 0] 45 -> 35
[01:36:11] [Worker-Main-3/DEBUG]: RES [-7, 9] 42 -> 42
[01:36:11] [Worker-Main-2/DEBUG]: RES [-5, -10] 45 -> 43
[01:36:11] [Worker-Main-3/DEBUG]: RES [-9, -11] 44 -> 44
[01:36:11] [Worker-Main-2/DEBUG]: RES [-4, 3] 45 -> 37
[01:36:11] [Worker-Main-3/DEBUG]: RES [3, 7] 40 -> 40
[01:36:11] [Worker-Main-2/DEBUG]: RES [-5, 5] 45 -> 38
[01:36:11] [Worker-Main-3/DEBUG]: RES [1, -6] 39 -> 39
[01:36:11] [Worker-Main-2/DEBUG]: RES [-8, 8] 45 -> 41
[01:36:11] [Worker-Main-3/DEBUG]: RES [-5, -1] 38 -> 38
[01:36:11] [Worker-Main-2/DEBUG]: RES [-2, -11] 45 -> 44
[01:36:11] [Worker-Main-3/DEBUG]: RES [2, 10] 43 -> 43
[01:36:11] [Worker-Main-2/DEBUG]: RES [7, -7] 45 -> 40
[01:36:11] [Worker-Main-3/DEBUG]: RES [1, 8] 41 -> 41
[01:36:11] [Worker-Main-2/DEBUG]: RES [6, -5] 45 -> 39
[01:36:11] [Worker-Main-3/DEBUG]: RES [11, 11] 44 -> 44
[01:36:11] [Worker-Main-2/DEBUG]: RES [-4, 8] 45 -> 41
[01:36:11] [Worker-Main-3/DEBUG]: RES [-4, -11] 44 -> 44
[01:36:11] [Worker-Main-3/DEBUG]: RES [-11, 11] 44 -> 44
[01:36:11] [Worker-Main-3/DEBUG]: RES [-3, 0] 36 -> 36
[01:36:11] [Worker-Main-3/DEBUG]: RES [-7, 2] 40 -> 40
[01:36:11] [Worker-Main-2/DEBUG]: RES [8, -4] 45 -> 41
[01:36:11] [Worker-Main-1/DEBUG]: RES [5, -11] 45 -> 44
[01:36:11] [Worker-Main-3/DEBUG]: RES [-4, 5] 38 -> 38
[01:36:11] [Worker-Main-1/DEBUG]: RES [-7, 4] 45 -> 40
[01:36:11] [Worker-Main-6/DEBUG]: RES [1, 10] 43 -> 43
[01:36:11] [Worker-Main-1/DEBUG]: RES [-1, -6] 45 -> 39
[01:36:11] [Worker-Main-6/DEBUG]: RES [-5, -5] 38 -> 38
[01:36:11] [Worker-Main-1/DEBUG]: RES [3, 11] 45 -> 44
[01:36:11] [Worker-Main-6/DEBUG]: RES [4, -9] 42 -> 42
[01:36:11] [Worker-Main-1/DEBUG]: RES [6, -3] 45 -> 39
[01:36:11] [Worker-Main-1/DEBUG]: RES [10, 0] 45 -> 43
[01:36:11] [Worker-Main-1/DEBUG]: RES [4, 10] 45 -> 43
[01:36:11] [Worker-Main-1/DEBUG]: RES [-6, 3] 45 -> 39
[01:36:11] [Worker-Main-1/DEBUG]: RES [-3, -4] 45 -> 37
[01:36:11] [Worker-Main-1/DEBUG]: RES [-9, 10] 45 -> 43
[01:36:11] [Worker-Main-1/DEBUG]: RES [0, 11] 45 -> 44
[01:36:11] [Worker-Main-1/DEBUG]: RES [-5, -4] 45 -> 38
[01:36:11] [Worker-Main-1/DEBUG]: RES [-5, -2] 45 -> 38
[01:36:11] [Worker-Main-1/DEBUG]: RES [6, 6] 45 -> 39
[01:36:11] [Worker-Main-1/DEBUG]: RES [-11, 10] 45 -> 44
[01:36:11] [Worker-Main-1/DEBUG]: RES [-5, 0] 45 -> 38
[01:36:11] [Worker-Main-1/DEBUG]: RES [9, -3] 45 -> 42
[01:36:11] [Worker-Main-1/DEBUG]: RES [3, 10] 45 -> 43
[01:36:11] [Worker-Main-1/DEBUG]: RES [-3, 5] 45 -> 38
[01:36:11] [Worker-Main-1/DEBUG]: RES [0, -8] 45 -> 41
[01:36:11] [Worker-Main-1/DEBUG]: RES [-6, 5] 45 -> 39
[01:36:11] [Worker-Main-1/DEBUG]: RES [2, 5] 45 -> 38
[01:36:11] [Worker-Main-1/DEBUG]: RES [-6, 11] 45 -> 44
[01:36:11] [Worker-Main-1/DEBUG]: RES [3, 1] 45 -> 36
[01:36:11] [Worker-Main-1/DEBUG]: RES [11, -4] 45 -> 44
[01:36:11] [Worker-Main-1/DEBUG]: RES [5, -10] 45 -> 43
[01:36:11] [Worker-Main-1/DEBUG]: RES [-7, 10] 45 -> 43
[01:36:11] [Worker-Main-1/DEBUG]: RES [7, -4] 45 -> 40
[01:36:11] [Worker-Main-1/DEBUG]: RES [3, -4] 45 -> 37
[01:36:11] [Worker-Main-1/DEBUG]: RES [6, -11] 45 -> 44
[01:36:11] [Worker-Main-1/DEBUG]: RES [-3, 2] 45 -> 36
[01:36:11] [Worker-Main-1/DEBUG]: RES [-1, -9] 45 -> 42
[01:36:11] [Worker-Main-1/DEBUG]: RES [4, 9] 45 -> 42
[01:36:11] [Worker-Main-1/DEBUG]: RES [-6, 0] 45 -> 39
[01:36:11] [Worker-Main-6/DEBUG]: RES [7, -3] 40 -> 40
[01:36:11] [Worker-Main-1/DEBUG]: RES [-1, -8] 45 -> 41
[01:36:11] [Worker-Main-6/DEBUG]: RES [-9, 4] 42 -> 42
[01:36:11] [Worker-Main-1/DEBUG]: RES [1, 1] 45 -> 34
[01:36:11] [Worker-Main-6/DEBUG]: RES [6, 1] 39 -> 39
[01:36:11] [Worker-Main-6/DEBUG]: RES [-6, -10] 43 -> 43
[01:36:11] [Worker-Main-6/DEBUG]: RES [-10, 5] 43 -> 43
[01:36:11] [Worker-Main-1/DEBUG]: RES [-11, 1] 45 -> 44
[01:36:11] [Worker-Main-6/DEBUG]: RES [-1, -7] 40 -> 40
[01:36:11] [Worker-Main-6/DEBUG]: RES [4, 7] 40 -> 40
[01:36:11] [Worker-Main-2/DEBUG]: RES [-6, 1] 45 -> 39
[01:36:11] [Worker-Main-6/DEBUG]: RES [11, 5] 44 -> 44
[01:36:11] [Worker-Main-2/DEBUG]: RES [-10, 11] 45 -> 44
[01:36:11] [Worker-Main-6/DEBUG]: RES [-8, -8] 41 -> 41
[01:36:11] [Worker-Main-2/DEBUG]: RES [8, 2] 45 -> 41
[01:36:11] [Worker-Main-6/DEBUG]: RES [4, 1] 37 -> 37
[01:36:11] [Worker-Main-2/DEBUG]: RES [-11, 9] 45 -> 44
[01:36:11] [Worker-Main-6/DEBUG]: RES [7, 1] 40 -> 40
[01:36:11] [Worker-Main-2/DEBUG]: RES [-5, -11] 45 -> 44
[01:36:11] [Worker-Main-2/DEBUG]: RES [4, 2] 45 -> 37
[01:36:11] [Worker-Main-6/DEBUG]: RES [-9, 7] 42 -> 42
[01:36:11] [Worker-Main-2/DEBUG]: RES [-8, -7] 45 -> 41
[01:36:11] [Worker-Main-6/DEBUG]: RES [-4, -8] 41 -> 41
[01:36:11] [Worker-Main-2/DEBUG]: RES [-1, 8] 45 -> 41
[01:36:11] [Worker-Main-6/DEBUG]: RES [-9, -5] 42 -> 42
[01:36:11] [Worker-Main-2/DEBUG]: RES [-6, -11] 45 -> 44
[01:36:11] [Worker-Main-1/DEBUG]: RES [7, 9] 42 -> 42
[01:36:11] [Worker-Main-5/DEBUG]: RES [-11, 3] 45 -> 44
[01:36:11] [Worker-Main-3/DEBUG]: RES [-11, -8] 44 -> 44
[01:36:11] [Worker-Main-5/DEBUG]: RES [-8, -11] 45 -> 44
[01:36:11] [Worker-Main-3/DEBUG]: RES [5, 5] 38 -> 38
[01:36:11] [Worker-Main-3/DEBUG]: RES [-7, -6] 40 -> 40
[01:36:11] [Worker-Main-3/DEBUG]: RES [-7, 7] 40 -> 40
[01:36:11] [Worker-Main-3/DEBUG]: RES [-2, -8] 41 -> 41
[01:36:11] [Worker-Main-3/DEBUG]: RES [11, -6] 44 -> 44
[01:36:11] [Worker-Main-3/DEBUG]: RES [4, 8] 41 -> 41
[01:36:11] [Worker-Main-3/DEBUG]: RES [-9, -1] 42 -> 42
[01:36:11] [Worker-Main-3/DEBUG]: RES [11, 7] 44 -> 44
[01:36:11] [Worker-Main-3/DEBUG]: RES [-10, -1] 43 -> 43
[01:36:11] [Worker-Main-3/DEBUG]: RES [10, 7] 43 -> 43
[01:36:11] [Worker-Main-3/DEBUG]: RES [-5, 7] 40 -> 40
[01:36:11] [Worker-Main-3/DEBUG]: RES [-2, -7] 40 -> 40
[01:36:11] [Worker-Main-3/DEBUG]: RES [-11, 4] 44 -> 44
[01:36:11] [Worker-Main-1/DEBUG]: RES [-7, -3] 40 -> 40
[01:36:11] [Worker-Main-5/DEBUG]: RES [10, 5] 45 -> 43
[01:36:11] [Worker-Main-1/DEBUG]: RES [2, -11] 44 -> 44
[01:36:11] [Worker-Main-5/DEBUG]: RES [-6, 4] 45 -> 39
[01:36:11] [Worker-Main-1/DEBUG]: RES [8, 0] 41 -> 41
[01:36:11] [Worker-Main-5/DEBUG]: RES [-2, 2] 45 -> 35
[01:36:11] [Worker-Main-1/DEBUG]: RES [6, -6] 39 -> 39
[01:36:11] [Worker-Main-5/DEBUG]: RES [2, -8] 45 -> 41
[01:36:11] [Worker-Main-1/DEBUG]: RES [-8, -9] 42 -> 42
[01:36:11] [Worker-Main-5/DEBUG]: RES [3, -9] 45 -> 42
[01:36:11] [Worker-Main-1/DEBUG]: RES [-11, -10] 44 -> 44
[01:36:11] [Worker-Main-5/DEBUG]: RES [-5, 3] 45 -> 38
[01:36:11] [Worker-Main-5/DEBUG]: RES [-3, -6] 45 -> 39
[01:36:11] [Worker-Main-1/DEBUG]: RES [-9, -2] 42 -> 42
[01:36:11] [Worker-Main-1/DEBUG]: RES [-3, 1] 36 -> 36
[01:36:11] [Worker-Main-1/DEBUG]: RES [11, 9] 44 -> 44
[01:36:11] [Worker-Main-5/DEBUG]: RES [6, 2] 45 -> 39
[01:36:11] [Worker-Main-1/DEBUG]: RES [1, 9] 42 -> 42
[01:36:11] [Worker-Main-1/DEBUG]: RES [10, -7] 43 -> 43
[01:36:11] [Worker-Main-5/DEBUG]: RES [3, -6] 45 -> 39
[01:36:11] [Worker-Main-1/DEBUG]: RES [-10, 1] 43 -> 43
[01:36:11] [Worker-Main-5/DEBUG]: RES [5, -8] 45 -> 41
[01:36:11] [Worker-Main-1/DEBUG]: RES [-2, 6] 39 -> 39
[01:36:11] [Worker-Main-5/DEBUG]: RES [-10, -4] 45 -> 43
[01:36:11] [Worker-Main-1/DEBUG]: RES [-2, -10] 43 -> 43
[01:36:11] [Worker-Main-5/DEBUG]: RES [-2, -2] 45 -> 35
[01:36:11] [Worker-Main-1/DEBUG]: RES [-3, 3] 36 -> 36
[01:36:11] [Worker-Main-5/DEBUG]: RES [-11, -7] 45 -> 44
[01:36:11] [Worker-Main-1/DEBUG]: RES [-5, 8] 41 -> 41
[01:36:11] [Worker-Main-5/DEBUG]: RES [10, -2] 45 -> 43
[01:36:11] [Worker-Main-1/DEBUG]: RES [8, 9] 42 -> 42
[01:36:11] [Worker-Main-5/DEBUG]: RES [-4, 2] 45 -> 37
[01:36:11] [Worker-Main-1/DEBUG]: RES [0, -7] 40 -> 40
[01:36:11] [Worker-Main-5/DEBUG]: RES [-4, -6] 45 -> 39
[01:36:11] [Worker-Main-1/DEBUG]: RES [9, 11] 44 -> 44
[01:36:11] [Worker-Main-5/DEBUG]: RES [-3, -9] 45 -> 42
[01:36:11] [Worker-Main-1/DEBUG]: RES [-11, -4] 44 -> 44
[01:36:11] [Worker-Main-5/DEBUG]: RES [10, -3] 45 -> 43
[01:36:11] [Worker-Main-1/DEBUG]: RES [4, -5] 38 -> 38
[01:36:11] [Worker-Main-1/DEBUG]: RES [-6, 7] 40 -> 40
[01:36:11] [Worker-Main-1/DEBUG]: RES [2, -10] 43 -> 43
[01:36:11] [Worker-Main-6/DEBUG]: RES [8, -11] 44 -> 44
[01:36:11] [Worker-Main-6/DEBUG]: RES [5, -4] 38 -> 38
[01:36:11] [Worker-Main-3/DEBUG]: RES [1, 2] 35 -> 35
[01:36:11] [Worker-Main-3/DEBUG]: RES [-6, 6] 39 -> 39
[01:36:11] [Worker-Main-3/DEBUG]: RES [5, 3] 38 -> 38
[01:36:11] [Worker-Main-3/DEBUG]: RES [-10, -8] 43 -> 43
[01:36:11] [Worker-Main-3/DEBUG]: RES [4, 4] 37 -> 37
[01:36:11] [Worker-Main-3/DEBUG]: RES [-2, 10] 43 -> 43
[01:36:11] [Worker-Main-3/DEBUG]: RES [-3, 6] 39 -> 39
[01:36:11] [Worker-Main-5/DEBUG]: RES [-1, 1] 45 -> 34
[01:36:11] [Worker-Main-3/DEBUG]: RES [11, -10] 44 -> 44
[01:36:11] [Worker-Main-2/DEBUG]: RES [-7, 11] 44 -> 44
[01:36:11] [Worker-Main-1/DEBUG]: RES [5, 7] 40 -> 40
[01:36:11] [Worker-Main-1/DEBUG]: RES [-7, -2] 40 -> 40
[01:36:11] [Worker-Main-1/DEBUG]: RES [5, -1] 38 -> 38
[01:36:11] [Worker-Main-1/DEBUG]: RES [2, 2] 35 -> 35
[01:36:11] [Worker-Main-1/DEBUG]: RES [5, 11] 44 -> 44
[01:36:11] [Worker-Main-1/DEBUG]: RES [-3, 4] 37 -> 37
[01:36:11] [Worker-Main-1/DEBUG]: RES [1, -3] 36 -> 36
[01:36:11] [Worker-Main-7/DEBUG]: RES [0, -5] 38 -> 38
[01:36:11] [Worker-Main-7/DEBUG]: RES [2, -2] 35 -> 35
[01:36:11] [Worker-Main-7/DEBUG]: RES [-1, 11] 44 -> 44
[01:36:11] [Worker-Main-7/DEBUG]: RES [10, 1] 43 -> 43
[01:36:11] [Worker-Main-7/DEBUG]: RES [-6, 2] 39 -> 39
[01:36:11] [Worker-Main-7/DEBUG]: RES [2, -4] 37 -> 37
[01:36:11] [Worker-Main-7/DEBUG]: RES [-1, 9] 42 -> 42
[01:36:11] [Worker-Main-7/DEBUG]: RES [-10, -2] 43 -> 43
[01:36:11] [Worker-Main-7/DEBUG]: RES [-1, 5] 38 -> 38
[01:36:11] [Worker-Main-7/DEBUG]: RES [2, -1] 35 -> 35
[01:36:11] [Worker-Main-7/DEBUG]: RES [-9, 1] 42 -> 42
[01:36:11] [Worker-Main-7/DEBUG]: RES [2, 4] 37 -> 37
[01:36:11] [Worker-Main-7/DEBUG]: RES [2, -3] 36 -> 36
[01:36:11] [Worker-Main-7/DEBUG]: RES [10, -1] 43 -> 43
[01:36:11] [Worker-Main-7/DEBUG]: RES [8, 10] 43 -> 43
[01:36:11] [Worker-Main-7/DEBUG]: RES [3, -11] 44 -> 44
[01:36:11] [Worker-Main-7/DEBUG]: RES [-11, 2] 44 -> 44
[01:36:11] [Worker-Main-7/DEBUG]: RES [-3, -3] 36 -> 36
[01:36:11] [Worker-Main-7/DEBUG]: RES [3, 4] 37 -> 37
[01:36:11] [Worker-Main-7/DEBUG]: RES [3, -7] 40 -> 40
[01:36:11] [Worker-Main-7/DEBUG]: RES [4, -3] 37 -> 37
[01:36:11] [Worker-Main-4/DEBUG]: Calculation for Reference{ResourceKey[minecraft:worldgen/structure_set / minecraft:strongholds]=StructureSet[structures=[StructureSelectionEntry[structure=Reference{ResourceKey[minecraft:worldgen/structure / minecraft:stronghold]=net.minecraft.world.level.levelgen.structure.structures.StrongholdStructure@15eacff8}, weight=1]], placement=net.minecraft.world.level.levelgen.structure.placement.ConcentricRingsStructurePlacement@3e8c5a0f]} took 2.079s
[01:36:11] [Worker-Main-7/DEBUG]: RES [8, 11] 44 -> 44
[01:36:11] [Worker-Main-7/DEBUG]: RES [-9, 5] 42 -> 42
[01:36:11] [Worker-Main-7/DEBUG]: RES [5, -6] 39 -> 39
[01:36:11] [Worker-Main-7/DEBUG]: RES [11, -8] 44 -> 44
[01:36:11] [Worker-Main-7/DEBUG]: RES [-11, -11] 44 -> 44
[01:36:11] [Worker-Main-7/DEBUG]: RES [4, 6] 39 -> 39
[01:36:11] [Worker-Main-7/DEBUG]: RES [-6, -3] 39 -> 39
[01:36:11] [Worker-Main-7/DEBUG]: RES [-8, 3] 41 -> 41
[01:36:11] [Worker-Main-7/DEBUG]: RES [-1, 0] 34 -> 34
[01:36:11] [Worker-Main-7/DEBUG]: RES [3, 3] 36 -> 36
[01:36:11] [Worker-Main-7/DEBUG]: RES [6, -7] 40 -> 40
[01:36:11] [Worker-Main-7/DEBUG]: RES [5, 6] 39 -> 39
[01:36:11] [Worker-Main-7/DEBUG]: RES [-1, 4] 37 -> 37
[01:36:11] [Worker-Main-7/DEBUG]: RES [4, -4] 37 -> 37
[01:36:11] [Worker-Main-7/DEBUG]: RES [-1, -2] 35 -> 35
[01:36:11] [Worker-Main-7/DEBUG]: RES [5, 2] 38 -> 38
[01:36:11] [Worker-Main-5/DEBUG]: RES [0, 9] 45 -> 42
[01:36:11] [Worker-Main-7/DEBUG]: RES [-6, -1] 39 -> 39
[01:36:11] [Worker-Main-7/DEBUG]: RES [8, -10] 43 -> 43
[01:36:11] [Worker-Main-7/DEBUG]: RES [9, -1] 42 -> 42
[01:36:11] [Worker-Main-7/DEBUG]: RES [-6, -7] 40 -> 40
[01:36:11] [Worker-Main-7/DEBUG]: RES [-3, 8] 41 -> 41
[01:36:11] [Worker-Main-7/DEBUG]: RES [-5, -9] 42 -> 42
[01:36:11] [Worker-Main-7/DEBUG]: RES [-1, 10] 43 -> 43
[01:36:11] [Worker-Main-7/DEBUG]: RES [-7, -4] 40 -> 40
[01:36:11] [Worker-Main-7/DEBUG]: RES [-11, -6] 44 -> 44
[01:36:11] [Worker-Main-7/DEBUG]: RES [-10, 7] 43 -> 43
[01:36:11] [Worker-Main-7/DEBUG]: RES [4, 11] 44 -> 44
[01:36:11] [Worker-Main-7/DEBUG]: RES [2, -6] 39 -> 39
[01:36:11] [Worker-Main-7/DEBUG]: RES [-6, 10] 43 -> 43
[01:36:11] [Worker-Main-7/DEBUG]: RES [1, 5] 38 -> 38
[01:36:11] [Worker-Main-7/DEBUG]: RES [-4, -1] 37 -> 37
[01:36:11] [Worker-Main-7/DEBUG]: RES [7, 4] 40 -> 40
[01:36:11] [Worker-Main-7/DEBUG]: RES [-9, 9] 42 -> 42
[01:36:11] [Worker-Main-7/DEBUG]: RES [8, 4] 41 -> 41
[01:36:11] [Worker-Main-7/DEBUG]: RES [-8, -10] 43 -> 43
[01:36:11] [Worker-Main-7/DEBUG]: RES [-6, 8] 41 -> 41
[01:36:11] [Worker-Main-7/DEBUG]: RES [-11, 7] 44 -> 44
[01:36:11] [Worker-Main-7/DEBUG]: RES [-3, -2] 36 -> 36
[01:36:11] [Worker-Main-2/DEBUG]: RES [-3, 10] 45 -> 43
[01:36:11] [Worker-Main-2/DEBUG]: RES [3, -8] 45 -> 41
[01:36:11] [Worker-Main-2/DEBUG]: RES [-8, 6] 45 -> 41
[01:36:11] [Worker-Main-2/DEBUG]: RES [-10, 6] 45 -> 43
[01:36:11] [Worker-Main-2/DEBUG]: RES [-4, 10] 45 -> 43
[01:36:11] [Worker-Main-2/DEBUG]: RES [-3, -7] 45 -> 40
[01:36:11] [Worker-Main-5/DEBUG]: RES [-5, -3] 45 -> 38
[01:36:11] [Worker-Main-5/DEBUG]: RES [-7, 5] 45 -> 40
[01:36:11] [Worker-Main-5/DEBUG]: RES [10, 3] 45 -> 43
[01:36:11] [Worker-Main-5/DEBUG]: RES [1, -5] 45 -> 38
[01:36:11] [Worker-Main-5/DEBUG]: RES [0, 4] 45 -> 37
[01:36:11] [Worker-Main-1/DEBUG]: RES [5, -7] 40 -> 40
[01:36:11] [Worker-Main-5/DEBUG]: RES [-6, -4] 45 -> 39
[01:36:11] [Worker-Main-5/DEBUG]: RES [-8, 7] 45 -> 41
[01:36:11] [Worker-Main-1/DEBUG]: RES [-8, 1] 41 -> 41
[01:36:11] [Worker-Main-5/DEBUG]: RES [9, -4] 45 -> 42
[01:36:11] [Worker-Main-1/DEBUG]: RES [-9, -9] 42 -> 42
[01:36:11] [Worker-Main-5/DEBUG]: RES [5, 10] 45 -> 43
[01:36:11] [Worker-Main-5/DEBUG]: RES [-11, -5] 45 -> 44
[01:36:11] [Worker-Main-1/DEBUG]: RES [4, -10] 43 -> 43
[01:36:11] [Worker-Main-5/DEBUG]: RES [-4, -9] 45 -> 42
[01:36:11] [Worker-Main-1/DEBUG]: RES [6, -8] 41 -> 41
[01:36:11] [Worker-Main-5/DEBUG]: RES [3, 6] 45 -> 39
[01:36:11] [Worker-Main-1/DEBUG]: RES [-4, 7] 40 -> 40
[01:36:11] [Worker-Main-1/DEBUG]: RES [2, -5] 38 -> 38
[01:36:11] [Worker-Main-1/DEBUG]: RES [-3, -8] 41 -> 41
[01:36:11] [Worker-Main-1/DEBUG]: RES [9, 6] 42 -> 42
[01:36:11] [Worker-Main-5/DEBUG]: RES [4, 5] 45 -> 38
[01:36:11] [Worker-Main-1/DEBUG]: RES [-5, -7] 40 -> 40
[01:36:11] [Worker-Main-1/DEBUG]: RES [-1, -10] 43 -> 43
[01:36:11] [Worker-Main-6/DEBUG]: RES [-4, 11] 45 -> 44
[01:36:11] [Worker-Main-6/DEBUG]: RES [-11, 8] 45 -> 44
[01:36:11] [Worker-Main-1/DEBUG]: RES [-4, -5] 38 -> 38
[01:36:11] [Worker-Main-4/DEBUG]: RES [6, -2] 45 -> 39
[01:36:11] [Worker-Main-4/DEBUG]: RES [2, 9] 45 -> 42
[01:36:11] [Worker-Main-4/DEBUG]: RES [-11, -1] 45 -> 44
[01:36:11] [Worker-Main-4/DEBUG]: RES [-2, 0] 45 -> 35
[01:36:11] [Worker-Main-1/DEBUG]: RES [-7, -1] 40 -> 40
[01:36:11] [Worker-Main-4/DEBUG]: RES [-9, 6] 45 -> 42
[01:36:11] [Worker-Main-3/DEBUG]: RES [2, 0] 35 -> 35
[01:36:11] [Worker-Main-4/DEBUG]: RES [9, 4] 45 -> 42
[01:36:11] [Worker-Main-4/DEBUG]: RES [-5, -10] 43 -> 43
[01:36:11] [Worker-Main-7/DEBUG]: RES [-6, -2] 45 -> 39
[01:36:11] [Worker-Main-7/DEBUG]: RES [-10, 0] 45 -> 43
[01:36:11] [Worker-Main-3/DEBUG]: RES [-4, 3] 37 -> 37
[01:36:11] [Worker-Main-7/DEBUG]: RES [11, 8] 45 -> 44
[01:36:11] [Worker-Main-7/DEBUG]: RES [7, -10] 45 -> 43
[01:36:11] [Worker-Main-3/DEBUG]: RES [-5, 5] 38 -> 38
[01:36:11] [Worker-Main-7/DEBUG]: RES [-5, 6] 45 -> 39
[01:36:11] [Worker-Main-7/DEBUG]: RES [9, -8] 45 -> 42
[01:36:11] [Worker-Main-7/DEBUG]: RES [7, -2] 45 -> 40
[01:36:11] [Worker-Main-7/DEBUG]: RES [4, -8] 45 -> 41
[01:36:11] [Worker-Main-7/DEBUG]: RES [10, -8] 45 -> 43
[01:36:11] [Worker-Main-7/DEBUG]: RES [9, -11] 45 -> 44
[01:36:11] [Worker-Main-7/DEBUG]: RES [-9, -10] 45 -> 43
[01:36:11] [Worker-Main-7/DEBUG]: RES [-5, 9] 45 -> 42
[01:36:11] [Worker-Main-3/DEBUG]: RES [-8, 8] 41 -> 41
[01:36:11] [Worker-Main-5/DEBUG]: RES [-2, -11] 44 -> 44
[01:36:11] [Worker-Main-3/DEBUG]: RES [4, -7] 45 -> 40
[01:36:11] [Worker-Main-5/DEBUG]: RES [7, -7] 40 -> 40
[01:36:11] [Worker-Main-3/DEBUG]: RES [-1, 3] 45 -> 36
[01:36:11] [Worker-Main-5/DEBUG]: RES [6, -5] 39 -> 39
[01:36:11] [Worker-Main-5/DEBUG]: RES [-4, 8] 41 -> 41
[01:36:11] [Worker-Main-5/DEBUG]: RES [8, -4] 41 -> 41
[01:36:11] [Worker-Main-3/DEBUG]: RES [1, -1] 45 -> 34
[01:36:11] [Worker-Main-5/DEBUG]: RES [5, -11] 44 -> 44
[01:36:11] [Worker-Main-5/DEBUG]: RES [-7, 4] 40 -> 40
[01:36:11] [Worker-Main-3/DEBUG]: RES [-2, -6] 45 -> 39
[01:36:11] [Worker-Main-5/DEBUG]: RES [-1, -6] 39 -> 39
[01:36:11] [Worker-Main-3/DEBUG]: RES [2, 11] 45 -> 44
[01:36:11] [Worker-Main-5/DEBUG]: RES [3, 11] 44 -> 44
[01:36:11] [Worker-Main-5/DEBUG]: RES [6, -3] 39 -> 39
[01:36:11] [Worker-Main-3/DEBUG]: RES [-6, -8] 45 -> 41
[01:36:11] [Worker-Main-5/DEBUG]: RES [10, 0] 43 -> 43
[01:36:11] [Worker-Main-3/DEBUG]: RES [-10, 10] 45 -> 43
[01:36:11] [Worker-Main-3/DEBUG]: RES [8, 8] 45 -> 41
[01:36:11] [Worker-Main-3/DEBUG]: RES [8, -5] 45 -> 41
[01:36:11] [Worker-Main-3/DEBUG]: RES [10, -5] 45 -> 43
[01:36:11] [Worker-Main-2/DEBUG]: RES [4, 10] 43 -> 43
[01:36:11] [Worker-Main-3/DEBUG]: RES [5, 0] 45 -> 38
[01:36:11] [Worker-Main-2/DEBUG]: RES [-6, 3] 39 -> 39
[01:36:11] [Worker-Main-3/DEBUG]: RES [11, 0] 45 -> 44
[01:36:11] [Worker-Main-2/DEBUG]: RES [-3, -4] 37 -> 37
[01:36:11] [Worker-Main-3/DEBUG]: RES [-3, -11] 45 -> 44
[01:36:11] [Worker-Main-3/DEBUG]: RES [11, -5] 45 -> 44
[01:36:11] [Worker-Main-7/DEBUG]: RES [-9, 10] 43 -> 43
[01:36:11] [Worker-Main-3/DEBUG]: RES [4, -11] 45 -> 44
[01:36:11] [Worker-Main-7/DEBUG]: RES [-1, -4] 45 -> 37
[01:36:11] [Worker-Main-6/DEBUG]: RES [0, 11] 44 -> 44
[01:36:11] [Worker-Main-7/DEBUG]: RES [11, 2] 45 -> 44
[01:36:11] [Worker-Main-7/DEBUG]: RES [3, 2] 45 -> 36
[01:36:11] [Worker-Main-3/DEBUG]: RES [-5, -4] 38 -> 38
[01:36:11] [Worker-Main-4/DEBUG]: RES [0, -4] 45 -> 37
[01:36:11] [Worker-Main-4/DEBUG]: RES [1, 7] 45 -> 40
[01:36:11] [Worker-Main-4/DEBUG]: RES [10, -9] 45 -> 43
[01:36:11] [Worker-Main-3/DEBUG]: RES [-5, -2] 38 -> 38
[01:36:11] [Worker-Main-4/DEBUG]: RES [-10, -9] 45 -> 43
[01:36:11] [Worker-Main-4/DEBUG]: RES [0, 3] 45 -> 36
[01:36:11] [Worker-Main-6/DEBUG]: RES [6, 6] 39 -> 39
[01:36:11] [Worker-Main-4/DEBUG]: RES [-2, -5] 45 -> 38
[01:36:11] [Worker-Main-6/DEBUG]: RES [-11, 10] 44 -> 44
[01:36:11] [Worker-Main-4/DEBUG]: RES [8, 5] 45 -> 41
[01:36:11] [Worker-Main-6/DEBUG]: RES [-5, 0] 38 -> 38
[01:36:11] [Worker-Main-4/DEBUG]: RES [-7, 1] 45 -> 40
[01:36:11] [Worker-Main-6/DEBUG]: RES [9, -3] 42 -> 42
[01:36:11] [Worker-Main-6/DEBUG]: RES [3, 10] 43 -> 43
[01:36:11] [Worker-Main-6/DEBUG]: RES [-3, 5] 38 -> 38
[01:36:11] [Worker-Main-6/DEBUG]: RES [0, -8] 41 -> 41
[01:36:11] [Worker-Main-6/DEBUG]: RES [-6, 5] 39 -> 39
[01:36:11] [Worker-Main-6/DEBUG]: RES [2, 5] 38 -> 38
[01:36:11] [Worker-Main-6/DEBUG]: RES [-6, 11] 44 -> 44
[01:36:11] [Worker-Main-6/DEBUG]: RES [3, 1] 36 -> 36
[01:36:11] [Worker-Main-1/DEBUG]: RES [11, -4] 44 -> 44
[01:36:11] [Worker-Main-1/DEBUG]: RES [5, -10] 43 -> 43
[01:36:11] [Worker-Main-1/DEBUG]: RES [-7, 10] 43 -> 43
[01:36:11] [Worker-Main-1/DEBUG]: RES [7, -4] 40 -> 40
[01:36:11] [Worker-Main-1/DEBUG]: RES [3, -4] 37 -> 37
[01:36:11] [Worker-Main-1/DEBUG]: RES [6, -11] 44 -> 44
[01:36:11] [Worker-Main-1/DEBUG]: RES [-3, 2] 36 -> 36
[01:36:11] [Worker-Main-1/DEBUG]: RES [-1, -9] 42 -> 42
[01:36:11] [Worker-Main-1/DEBUG]: RES [4, 9] 42 -> 42
[01:36:11] [Worker-Main-1/DEBUG]: RES [-6, 0] 39 -> 39
[01:36:11] [Worker-Main-6/DEBUG]: RES [-1, -8] 41 -> 41
[01:36:11] [Worker-Main-6/DEBUG]: RES [1, 1] 34 -> 34
[01:36:11] [Worker-Main-6/DEBUG]: RES [-11, 1] 44 -> 44
[01:36:11] [Worker-Main-6/DEBUG]: RES [-6, 1] 39 -> 39
[01:36:11] [Worker-Main-6/DEBUG]: RES [-10, 11] 44 -> 44
[01:36:11] [Worker-Main-6/DEBUG]: RES [8, 2] 41 -> 41
[01:36:11] [Worker-Main-4/DEBUG]: SUB [-1, -1] 34 worldgen SLEEPING true worldgen_queue 46...
[01:36:11] [Worker-Main-6/DEBUG]: RES [-11, 9] 44 -> 44
[01:36:11] [Worker-Main-6/DEBUG]: RES [-5, -11] 44 -> 44
[01:36:11] [Worker-Main-6/DEBUG]: RES [4, 2] 37 -> 37
[01:36:11] [Worker-Main-6/DEBUG]: RES [-8, -7] 41 -> 41
[01:36:11] [Worker-Main-6/DEBUG]: RES [-1, 8] 41 -> 41
[01:36:11] [Worker-Main-7/DEBUG]: RES [-6, -11] 44 -> 44
[01:36:11] [Worker-Main-2/DEBUG]: RES [-11, 3] 44 -> 44
[01:36:11] [Worker-Main-2/DEBUG]: RES [-8, -11] 44 -> 44
[01:36:11] [Worker-Main-4/DEBUG]: SUB [0, -1] 34 worldgen SLEEPING true worldgen_queue 34...
[01:36:11] [Worker-Main-2/DEBUG]: RES [10, 5] 43 -> 43
[01:36:11] [Worker-Main-4/DEBUG]: SUB [1, -1] 34 worldgen SLEEPING true worldgen_queue 34...
[01:36:11] [Worker-Main-4/DEBUG]: SUB [-1, 0] 34 worldgen SLEEPING true worldgen_queue 34...
[01:36:11] [Worker-Main-2/DEBUG]: RES [-6, 4] 39 -> 39
[01:36:11] [Worker-Main-2/DEBUG]: RES [-2, 2] 35 -> 35
[01:36:11] [Worker-Main-2/DEBUG]: RES [2, -8] 41 -> 41
[01:36:11] [Worker-Main-2/DEBUG]: RES [3, -9] 42 -> 42
[01:36:11] [Worker-Main-2/DEBUG]: RES [-5, 3] 38 -> 38
[01:36:11] [Worker-Main-2/DEBUG]: RES [-3, -6] 39 -> 39
[01:36:11] [Worker-Main-2/DEBUG]: RES [6, 2] 39 -> 39
[01:36:11] [Worker-Main-2/DEBUG]: RES [3, -6] 39 -> 39
[01:36:11] [Worker-Main-2/DEBUG]: RES [5, -8] 41 -> 41
[01:36:11] [Worker-Main-2/DEBUG]: RES [-10, -4] 43 -> 43
[01:36:11] [Worker-Main-2/DEBUG]: RES [-2, -2] 35 -> 35
[01:36:11] [Worker-Main-2/DEBUG]: RES [-11, -7] 44 -> 44
[01:36:11] [Worker-Main-2/DEBUG]: RES [10, -2] 43 -> 43
[01:36:11] [Worker-Main-2/DEBUG]: RES [-4, 2] 37 -> 37
[01:36:11] [Worker-Main-7/DEBUG]: RES [-4, -6] 39 -> 39
[01:36:11] [Worker-Main-4/DEBUG]: SUB [0, 0] 33 worldgen SLEEPING true worldgen_queue 34...
[01:36:11] [Worker-Main-4/DEBUG]: SUB [1, 0] 34 worldgen SLEEPING true worldgen_queue 33...
[01:36:11] [Worker-Main-4/DEBUG]: SUB [-1, 1] 34 worldgen SLEEPING true worldgen_queue 33...
[01:36:11] [Worker-Main-4/DEBUG]: SUB [0, 1] 34 worldgen SLEEPING true worldgen_queue 33...
[01:36:11] [Worker-Main-4/DEBUG]: SUB [1, 1] 34 worldgen SLEEPING true worldgen_queue 33...
[01:36:11] [Worker-Main-7/DEBUG]: RES [-3, -9] 42 -> 42
[01:36:11] [Worker-Main-7/DEBUG]: RES [10, -3] 43 -> 43
[01:36:11] [Worker-Main-7/DEBUG]: RES [-1, 1] 34 -> 34
[01:36:11] [Worker-Main-7/DEBUG]: RES [0, 9] 42 -> 42
[01:36:11] [Worker-Main-7/DEBUG]: RES [-3, 10] 43 -> 43
[01:36:11] [Worker-Main-7/DEBUG]: RES [3, -8] 41 -> 41
[01:36:11] [Worker-Main-7/DEBUG]: RES [-8, 6] 41 -> 41
[01:36:11] [Worker-Main-7/DEBUG]: RES [-10, 6] 43 -> 43
[01:36:11] [Worker-Main-7/DEBUG]: RES [-4, 10] 43 -> 43
[01:36:11] [Worker-Main-7/DEBUG]: RES [-3, -7] 40 -> 40
[01:36:11] [Worker-Main-7/DEBUG]: RES [-5, -3] 38 -> 38
[01:36:11] [Worker-Main-7/DEBUG]: RES [-7, 5] 40 -> 40
[01:36:11] [Worker-Main-7/DEBUG]: RES [10, 3] 43 -> 43
[01:36:11] [Worker-Main-7/DEBUG]: RES [1, -5] 38 -> 38
[01:36:11] [Worker-Main-7/DEBUG]: RES [0, 4] 37 -> 37
[01:36:11] [Worker-Main-7/DEBUG]: RES [-6, -4] 39 -> 39
[01:36:11] [Worker-Main-7/DEBUG]: RES [-8, 7] 41 -> 41
[01:36:11] [Worker-Main-7/DEBUG]: RES [9, -4] 42 -> 42
[01:36:11] [Worker-Main-7/DEBUG]: RES [5, 10] 43 -> 43
[01:36:11] [Worker-Main-7/DEBUG]: RES [-11, -5] 44 -> 44
[01:36:11] [Worker-Main-7/DEBUG]: RES [-4, -9] 42 -> 42
[01:36:11] [Worker-Main-1/DEBUG]: RES [3, 6] 39 -> 39
[01:36:11] [Worker-Main-1/DEBUG]: RES [4, 5] 38 -> 38
[01:36:11] [Worker-Main-1/DEBUG]: RES [-4, 11] 44 -> 44
[01:36:11] [Worker-Main-1/DEBUG]: RES [-11, 8] 44 -> 44
[01:36:11] [Worker-Main-1/DEBUG]: RES [6, -2] 39 -> 39
[01:36:11] [Worker-Main-1/DEBUG]: RES [2, 9] 42 -> 42
[01:36:11] [Worker-Main-1/DEBUG]: RES [-11, -1] 44 -> 44
[01:36:11] [Worker-Main-1/DEBUG]: RES [-2, 0] 35 -> 35
[01:36:11] [Worker-Main-1/DEBUG]: RES [-9, 6] 42 -> 42
[01:36:11] [Worker-Main-1/DEBUG]: RES [9, 4] 42 -> 42
[01:36:11] [Worker-Main-1/DEBUG]: RES [-6, -2] 39 -> 39
[01:36:11] [Worker-Main-1/DEBUG]: RES [-10, 0] 43 -> 43
[01:36:11] [Worker-Main-1/DEBUG]: RES [11, 8] 44 -> 44
[01:36:11] [Worker-Main-1/DEBUG]: RES [7, -10] 43 -> 43
[01:36:11] [Worker-Main-5/DEBUG]: RES [-5, 6] 39 -> 39
[01:36:11] [Worker-Main-5/DEBUG]: RES [9, -8] 42 -> 42
[01:36:11] [Worker-Main-5/DEBUG]: RES [7, -2] 40 -> 40
[01:36:11] [Worker-Main-5/DEBUG]: RES [4, -8] 41 -> 41
[01:36:11] [Worker-Main-5/DEBUG]: RES [10, -8] 43 -> 43
[01:36:11] [Worker-Main-3/DEBUG]: RES [9, -11] 44 -> 44
[01:36:11] [Worker-Main-3/DEBUG]: RES [-9, -10] 43 -> 43
[01:36:11] [Worker-Main-3/DEBUG]: RES [-5, 9] 42 -> 42
[01:36:11] [Worker-Main-3/DEBUG]: RES [4, -7] 40 -> 40
[01:36:11] [Worker-Main-3/DEBUG]: RES [-1, 3] 36 -> 36
[01:36:11] [Worker-Main-3/DEBUG]: RES [1, -1] 34 -> 34
[01:36:11] [Worker-Main-3/DEBUG]: RES [-2, -6] 39 -> 39
[01:36:11] [Worker-Main-3/DEBUG]: RES [2, 11] 44 -> 44
[01:36:11] [Worker-Main-3/DEBUG]: RES [-6, -8] 41 -> 41
[01:36:11] [Worker-Main-3/DEBUG]: RES [-10, 10] 43 -> 43
[01:36:11] [Worker-Main-3/DEBUG]: RES [8, 8] 41 -> 41
[01:36:11] [Worker-Main-3/DEBUG]: RES [8, -5] 41 -> 41
[01:36:11] [Worker-Main-3/DEBUG]: RES [10, -5] 43 -> 43
[01:36:11] [Worker-Main-3/DEBUG]: RES [5, 0] 38 -> 38
[01:36:11] [Worker-Main-3/DEBUG]: RES [11, 0] 44 -> 44
[01:36:11] [Worker-Main-3/DEBUG]: RES [-3, -11] 44 -> 44
[01:36:11] [Worker-Main-3/DEBUG]: RES [11, -5] 44 -> 44
[01:36:11] [Worker-Main-3/DEBUG]: RES [4, -11] 44 -> 44
[01:36:11] [Worker-Main-4/DEBUG]: RES [-1, -4] 37 -> 37
[01:36:11] [Worker-Main-4/DEBUG]: RES [11, 2] 44 -> 44
[01:36:11] [Worker-Main-5/DEBUG]: RES [3, 2] 36 -> 36
[01:36:11] [Worker-Main-5/DEBUG]: RES [0, -4] 37 -> 37
[01:36:11] [Worker-Main-5/DEBUG]: RES [1, 7] 40 -> 40
[01:36:11] [Worker-Main-5/DEBUG]: RES [10, -9] 43 -> 43
[01:36:11] [Worker-Main-5/DEBUG]: RES [-10, -9] 43 -> 43
[01:36:11] [Worker-Main-5/DEBUG]: RES [0, 3] 36 -> 36
[01:36:11] [Worker-Main-5/DEBUG]: RES [-2, -5] 38 -> 38
[01:36:11] [Worker-Main-5/DEBUG]: RES [8, 5] 41 -> 41
[01:36:11] [Worker-Main-5/DEBUG]: RES [-7, 1] 40 -> 40
[01:36:11] [Worker-Main-5/DEBUG]: SUB [-1, 1] 34 worldgen SLEEPING true worldgen_queue 46...
[01:36:11] [Worker-Main-5/DEBUG]: SUB [-1, 0] 34 worldgen SLEEPING true worldgen_queue 34...
[01:36:11] [Worker-Main-5/DEBUG]: SUB [0, -1] 34 worldgen SLEEPING true worldgen_queue 34...
[01:36:11] [Worker-Main-5/DEBUG]: SUB [0, 1] 34 worldgen SLEEPING true worldgen_queue 34...
[01:36:11] [Worker-Main-5/DEBUG]: SUB [-1, -1] 34 worldgen SLEEPING true worldgen_queue 34...
[01:36:11] [Worker-Main-5/DEBUG]: SUB [1, -1] 34 worldgen SLEEPING true worldgen_queue 34...
[01:36:11] [Worker-Main-6/DEBUG]: SUB [1, 1] 34 worldgen SLEEPING true worldgen_queue 34...
[01:36:11] [Worker-Main-6/DEBUG]: SUB [0, 0] 33 worldgen SLEEPING true worldgen_queue 34...
[01:36:11] [Worker-Main-4/DEBUG]: SUB [1, 0] 34 worldgen SLEEPING true worldgen_queue 33...
[01:36:11] [Worker-Main-7/DEBUG]: SUB [-1, -1] 34 worldgen SLEEPING true worldgen_queue 46...
[01:36:11] [Worker-Main-7/DEBUG]: SUB [-1, 0] 34 worldgen SLEEPING true worldgen_queue 34...
[01:36:11] [Worker-Main-5/DEBUG]: SUB [-1, 1] 34 worldgen SLEEPING true worldgen_queue 34...
[01:36:11] [Worker-Main-3/DEBUG]: SUB [0, -1] 34 worldgen RUNNING true worldgen_queue 34...
[01:36:11] [Worker-Main-6/DEBUG]: SUB [0, 1] 34 worldgen RUNNING true worldgen_queue 34...
[01:36:11] [Worker-Main-3/DEBUG]: SUB [1, -1] 34 worldgen RUNNING true worldgen_queue 34...
[01:36:11] [Worker-Main-3/DEBUG]: SUB [1, 0] 34 worldgen RUNNING true worldgen_queue 34...
[01:36:11] [Worker-Main-3/DEBUG]: SUB [1, 1] 34 worldgen RUNNING true worldgen_queue 34...
[01:36:11] [Worker-Main-3/DEBUG]: SUB [0, 0] 33 worldgen RUNNING true worldgen_queue 34...
[01:36:13] [Worker-Main-4/DEBUG]: SUB [-1, -1] 34 worldgen RUNNING true worldgen_queue 34...
[01:36:13] [Worker-Main-7/DEBUG]: SUB [0, 0] 33 worldgen SLEEPING true worldgen_queue 34...
[01:36:13] [Worker-Main-2/DEBUG]: SUB [-1, 0] 34 worldgen SLEEPING true worldgen_queue 34...
[01:36:13] [Worker-Main-7/DEBUG]: SUB [0, 0] 33 worldgen RUNNING true worldgen_queue 34...
[01:36:14] [Worker-Main-1/DEBUG]: SUB [-1, 1] 34 light SLEEPING true light_queue 46...
[01:36:14] [Worker-Main-1/DEBUG]: SUB [-1, 1] 34 light SLEEPING true light_queue 34...
[01:36:14] [Worker-Main-3/DEBUG]: SUB [-1, 1] 34 worldgen RUNNING true worldgen_queue 34...
[01:36:15] [Worker-Main-3/DEBUG]: SUB [-1, 1] 34 light SLEEPING true light_queue 46...
[01:36:15] [Worker-Main-6/DEBUG]: SUB [-1, 1] 34 light SLEEPING true light_queue 34...
[01:36:15] [Worker-Main-6/DEBUG]: SUB [-1, 1] 34 light SLEEPING true light_queue 34...
[01:36:15] [Worker-Main-6/DEBUG]: SUB [-1, 1] 34 light SLEEPING true light_queue 34...
[01:36:15] [Worker-Main-7/DEBUG]: SUB [-1, 1] 34 light SLEEPING true light_queue 34...
[01:36:15] [Worker-Main-5/DEBUG]: SUB [-1, 1] 34 light SLEEPING true light_queue 34...
[01:36:15] [Worker-Main-5/DEBUG]: SUB [-1, 1] 34 light SLEEPING true light_queue 34...
[01:36:15] [Worker-Main-5/DEBUG]: SUB [-1, 1] 34 light SLEEPING true light_queue 34...
[01:36:15] [Worker-Main-5/DEBUG]: SUB [-1, 1] 34 light SLEEPING true light_queue 34...
[01:36:15] [Worker-Main-5/DEBUG]: SUB [-1, 1] 34 light SLEEPING true light_queue 34...
[01:36:15] [Worker-Main-5/DEBUG]: SUB [-1, 1] 34 light SLEEPING true light_queue 34...
[01:36:15] [Worker-Main-5/DEBUG]: SUB [-1, 1] 34 light SLEEPING true light_queue 34...
[01:36:15] [Worker-Main-5/DEBUG]: SUB [-1, 1] 34 light SLEEPING true light_queue 34...
[01:36:15] [Worker-Main-7/DEBUG]: SUB [-1, 1] 34 light SLEEPING true light_queue 34...
[01:36:15] [Worker-Main-7/DEBUG]: SUB [-1, 1] 34 light SLEEPING true light_queue 34...
[01:36:15] [Worker-Main-7/DEBUG]: SUB [-1, 1] 34 light SLEEPING true light_queue 34...
[01:36:15] [Worker-Main-7/DEBUG]: SUB [-1, 1] 34 light SLEEPING true light_queue 34...
[01:36:15] [Worker-Main-7/DEBUG]: SUB [-1, 1] 34 light SLEEPING true light_queue 34...
[01:36:15] [Worker-Main-7/DEBUG]: SUB [-1, 1] 34 light SLEEPING true light_queue 34...
[01:36:15] [Worker-Main-7/DEBUG]: SUB [-1, 1] 34 light SLEEPING true light_queue 34...
[01:36:15] [Worker-Main-7/DEBUG]: SUB [-1, 1] 34 light SLEEPING true light_queue 34...
[01:36:15] [Worker-Main-7/DEBUG]: SUB [-1, 1] 34 light SLEEPING true light_queue 34...
[01:36:15] [Worker-Main-2/DEBUG]: SUB [-1, 1] 34 light SLEEPING true light_queue 34...
[01:36:15] [Worker-Main-2/DEBUG]: SUB [-1, 1] 34 light SLEEPING true light_queue 34...
[01:36:15] [Worker-Main-2/DEBUG]: SUB [-1, 1] 34 light SLEEPING true light_queue 34...
[01:36:15] [Worker-Main-2/DEBUG]: SUB [-1, 1] 34 light SLEEPING true light_queue 34...
[01:36:15] [Worker-Main-2/DEBUG]: SUB [-1, 1] 34 light SLEEPING true light_queue 34...
[01:36:15] [Worker-Main-2/DEBUG]: SUB [-1, 1] 34 light SLEEPING true light_queue 34...
[01:36:15] [Worker-Main-3/DEBUG]: SUB [-1, 1] 34 light SLEEPING true light_queue 34...
[01:36:15] [Worker-Main-3/DEBUG]: SUB [-1, 1] 34 light SLEEPING true light_queue 34...
[01:36:15] [Worker-Main-3/DEBUG]: SUB [-1, 1] 34 light SLEEPING true light_queue 34...
[01:36:15] [Worker-Main-3/DEBUG]: SUB [-1, 1] 34 light SLEEPING true light_queue 34...
[01:36:15] [Worker-Main-3/DEBUG]: SUB [-1, 1] 34 light SLEEPING true light_queue 34...
[01:36:15] [Worker-Main-3/DEBUG]: SUB [-1, 1] 34 light SLEEPING true light_queue 34...
[01:36:15] [Worker-Main-3/DEBUG]: SUB [-1, 1] 34 light SLEEPING true light_queue 34...
[01:36:15] [Worker-Main-3/DEBUG]: SUB [-1, 1] 34 light SLEEPING true light_queue 34...
[01:36:15] [Worker-Main-3/DEBUG]: SUB [-1, 1] 34 light SLEEPING true light_queue 34...
[01:36:15] [Worker-Main-3/DEBUG]: SUB [-1, 1] 34 light SLEEPING true light_queue 34...
[01:36:15] [Worker-Main-3/DEBUG]: SUB [-1, 1] 34 light SLEEPING true light_queue 34...
[01:36:15] [Worker-Main-1/DEBUG]: SUB [-1, 1] 34 light SLEEPING true light_queue 46...
[01:36:15] [Worker-Main-2/DEBUG]: SUB [-1, 1] 34 light SLEEPING true light_queue 34...
[01:36:15] [Worker-Main-2/DEBUG]: SUB [-1, 1] 34 light SLEEPING true light_queue 34...
[01:36:15] [Worker-Main-2/DEBUG]: SUB [-1, 1] 34 light SLEEPING true light_queue 34...
[01:36:15] [Worker-Main-2/DEBUG]: SUB [-1, 1] 34 light SLEEPING true light_queue 34...
[01:36:15] [Worker-Main-2/DEBUG]: SUB [-1, 1] 34 light SLEEPING true light_queue 34...
[01:36:15] [Worker-Main-2/DEBUG]: SUB [-1, 1] 34 light SLEEPING true light_queue 34...
[01:36:15] [Worker-Main-2/DEBUG]: SUB [-1, 1] 34 light SLEEPING true light_queue 34...
[01:36:15] [Worker-Main-2/DEBUG]: SUB [-1, 1] 34 light SLEEPING true light_queue 34...
[01:36:15] [Worker-Main-2/DEBUG]: SUB [-1, 1] 34 light SLEEPING true light_queue 34...
[01:36:15] [Worker-Main-2/DEBUG]: SUB [-1, 1] 34 light SLEEPING true light_queue 34...
[01:36:15] [Worker-Main-2/DEBUG]: SUB [-1, 1] 34 light SLEEPING true light_queue 34...
[01:36:15] [Worker-Main-2/DEBUG]: SUB [-1, 1] 34 light SLEEPING true light_queue 34...
[01:36:15] [Worker-Main-2/DEBUG]: SUB [-1, 1] 34 light SLEEPING true light_queue 34...
[01:36:15] [Worker-Main-2/DEBUG]: SUB [-1, 1] 34 light SLEEPING true light_queue 34...
[01:36:15] [Worker-Main-2/DEBUG]: SUB [-1, 1] 34 light SLEEPING true light_queue 34...
[01:36:15] [Worker-Main-2/DEBUG]: SUB [-1, 1] 34 light SLEEPING true light_queue 34...
[01:36:15] [Worker-Main-2/DEBUG]: SUB [-1, 1] 34 light SLEEPING true light_queue 34...
[01:36:15] [Worker-Main-2/DEBUG]: SUB [-1, 1] 34 light SLEEPING true light_queue 34...
[01:36:15] [Worker-Main-2/DEBUG]: SUB [-1, 1] 34 light SLEEPING true light_queue 34...
[01:36:15] [Worker-Main-3/DEBUG]: SUB [-1, 1] 34 light SLEEPING true light_queue 46...
[01:36:15] [Worker-Main-3/DEBUG]: SUB [-1, 1] 34 light SLEEPING true light_queue 34...
[01:36:15] [Worker-Main-1/DEBUG]: SUB [-1, -1] 34 light SLEEPING true light_queue 46...
[01:36:15] [Worker-Main-3/DEBUG]: SUB [-1, -1] 34 light SLEEPING true light_queue 34...
[01:36:15] [Worker-Main-3/DEBUG]: SUB [-1, 0] 34 light SLEEPING true light_queue 34...
[01:36:15] [Worker-Main-3/DEBUG]: SUB [-1, 0] 34 light SLEEPING true light_queue 34...
[01:36:15] [Worker-Main-1/DEBUG]: SUB [0, -1] 34 light SLEEPING true light_queue 34...
[01:36:15] [Worker-Main-1/DEBUG]: SUB [0, -1] 34 light SLEEPING true light_queue 34...
[01:36:15] [Worker-Main-2/DEBUG]: SUB [0, 0] 33 light SLEEPING true light_queue 46...
[01:36:15] [Worker-Main-6/DEBUG]: SUB [0, 0] 33 light SLEEPING true light_queue 33...
[01:36:15] [Worker-Main-2/DEBUG]: SUB [0, 1] 34 light RUNNING true light_queue 46...
[01:36:15] [Worker-Main-1/DEBUG]: SUB [0, 1] 34 light RUNNING true light_queue 34...
[01:36:15] [Worker-Main-2/DEBUG]: SUB [1, -1] 34 light RUNNING false light_queue 46...
[01:36:15] [Worker-Main-1/DEBUG]: SUB [1, -1] 34 light RUNNING false light_queue 34...
[01:36:15] [Worker-Main-2/DEBUG]: SUB [1, 0] 34 light RUNNING false light_queue 34...
[01:36:15] [Worker-Main-7/DEBUG]: SUB [1, 0] 34 light RUNNING false light_queue 34...
[01:36:15] [Worker-Main-2/DEBUG]: SUB [1, 1] 34 light RUNNING false light_queue 34...
[01:36:15] [Worker-Main-7/DEBUG]: SUB [1, 1] 34 light RUNNING false light_queue 34...
[01:36:15] [Worker-Main-2/DEBUG]: SUB [0, -1] 34 worldgen RUNNING true worldgen_queue 34...
[01:36:15] [Worker-Main-2/DEBUG]: SUB [0, 1] 34 worldgen RUNNING true worldgen_queue 34...
[01:36:15] [Worker-Main-3/DEBUG]: SUB [0, 0] 33 worldgen SLEEPING true worldgen_queue 34...
[01:36:15] [Worker-Main-2/DEBUG]: SUB [0, 0] 33 light SLEEPING true light_queue 46...
[01:36:15] [Worker-Main-2/DEBUG]: SUB [0, 0] 33 light SLEEPING true light_queue 46...
[01:36:15] [Worker-Main-2/DEBUG]: LIT [0, 0]
[01:36:15] [Worker-Main-5/DEBUG]: SUB [0, 0] 33 worldgen SLEEPING true worldgen_queue 46...
[01:36:15] [Worker-Main-5/DEBUG]: SUB [0, 0] 33 worldgen SLEEPING true worldgen_queue 46...
[01:36:15] [Server thread/INFO]: Loading 0 persistent chunks...
[01:36:15] [Server thread/INFO]: Preparing spawn area: 100%
[01:36:15] [Server thread/INFO]: Time elapsed: 6464 ms
[01:36:15] [Server thread/INFO]: Done (7.344s)! For help, type "help"
[01:36:15] [Server thread/INFO]: Starting remote control listener
[01:36:15] [Server thread/INFO]: Thread RCON Listener started
[01:36:15] [Server thread/INFO]: RCON running on 0.0.0.0:25576
[01:36:15] [Server thread/INFO]: Saving chunks for level 'ServerLevel[world]'/minecraft:overworld
[01:36:16] [Server thread/INFO]: Saving chunks for level 'ServerLevel[world]'/minecraft:the_nether
[01:36:16] [Server thread/INFO]: Saving chunks for level 'ServerLevel[world]'/minecraft:the_end
[01:36:16] [Server thread/INFO]: ThreadedAnvilChunkStorage (world): All chunks are saved
[01:36:16] [Server thread/INFO]: ThreadedAnvilChunkStorage (DIM-1): All chunks are saved
[01:36:16] [Server thread/INFO]: ThreadedAnvilChunkStorage (DIM1): All chunks are saved
[01:36:16] [Server thread/INFO]: ThreadedAnvilChunkStorage: All dimensions are saved
[01:36:16] [Server thread/DEBUG]: DMU 529
[01:36:16] [Worker-Main-5/DEBUG]: RES [10, 2] 43 -> 45
[01:36:16] [Worker-Main-2/DEBUG]: RES [8, 3] 41 -> 45
[01:36:16] [Worker-Main-2/DEBUG]: RES [7, -9] 42 -> 45
[01:36:16] [Worker-Main-2/DEBUG]: RES [-2, 4] 37 -> 45
[01:36:16] [Worker-Main-2/DEBUG]: RES [2, 1] 35 -> 45
[01:36:16] [Worker-Main-2/DEBUG]: RES [1, -4] 37 -> 45
[01:36:16] [Worker-Main-2/DEBUG]: RES [3, 9] 42 -> 45
[01:36:16] [Worker-Main-1/DEBUG]: RES [10, 2] 45 -> 45
[01:36:16] [Worker-Main-1/DEBUG]: RES [8, 3] 45 -> 45
[01:36:16] [Worker-Main-1/DEBUG]: RES [7, -9] 45 -> 45
[01:36:16] [Worker-Main-1/DEBUG]: RES [-2, 4] 45 -> 45
[01:36:16] [Worker-Main-1/DEBUG]: RES [2, 1] 45 -> 45
[01:36:16] [Worker-Main-1/DEBUG]: RES [1, -4] 45 -> 45
[01:36:16] [Worker-Main-4/DEBUG]: RES [3, 9] 45 -> 45
[01:36:16] [Worker-Main-4/DEBUG]: RES [0, -10] 43 -> 45
[01:36:16] [Worker-Main-4/DEBUG]: RES [3, -5] 38 -> 45
[01:36:16] [Worker-Main-4/DEBUG]: RES [-5, 2] 38 -> 45
[01:36:16] [Worker-Main-4/DEBUG]: RES [-7, -10] 43 -> 45
[01:36:16] [Worker-Main-4/DEBUG]: RES [4, 0] 37 -> 45
[01:36:16] [Worker-Main-4/DEBUG]: RES [9, -2] 42 -> 45
[01:36:16] [Worker-Main-4/DEBUG]: RES [-9, -4] 42 -> 45
[01:36:16] [Worker-Main-4/DEBUG]: RES [-5, 4] 38 -> 45
[01:36:16] [Worker-Main-4/DEBUG]: RES [9, 10] 43 -> 45
[01:36:16] [Worker-Main-4/DEBUG]: RES [-2, -9] 42 -> 45
[01:36:16] [Worker-Main-4/DEBUG]: RES [-1, 2] 35 -> 45
[01:36:16] [Worker-Main-4/DEBUG]: RES [-1, 6] 39 -> 45
[01:36:16] [Worker-Main-4/DEBUG]: RES [0, -9] 42 -> 45
[01:36:16] [Worker-Main-4/DEBUG]: RES [10, 6] 43 -> 45
[01:36:16] [Worker-Main-4/DEBUG]: RES [11, 3] 44 -> 45
[01:36:16] [Worker-Main-4/DEBUG]: RES [-5, -6] 39 -> 45
[01:36:16] [Worker-Main-4/DEBUG]: RES [0, 2] 35 -> 45
[01:36:16] [Worker-Main-4/DEBUG]: RES [-7, -8] 41 -> 45
[01:36:16] [Worker-Main-4/DEBUG]: RES [4, -6] 39 -> 45
[01:36:16] [Worker-Main-4/DEBUG]: RES [-10, 4] 43 -> 45
[01:36:16] [Worker-Main-4/DEBUG]: RES [10, 8] 43 -> 45
[01:36:16] [Worker-Main-4/DEBUG]: RES [10, -10] 43 -> 45
[01:36:16] [Worker-Main-4/DEBUG]: RES [-3, 7] 40 -> 45
[01:36:16] [Worker-Main-4/DEBUG]: RES [-3, -10] 43 -> 45
[01:36:16] [Worker-Main-6/DEBUG]: RES [-3, -1] 36 -> 45
[01:36:16] [Worker-Main-6/DEBUG]: RES [5, 1] 38 -> 45
[01:36:16] [Worker-Main-5/DEBUG]: RES [9, 5] 42 -> 45
[01:36:16] [Worker-Main-5/DEBUG]: RES [8, 7] 41 -> 45
[01:36:16] [Worker-Main-5/DEBUG]: RES [-4, -3] 37 -> 45
[01:36:16] [Worker-Main-5/DEBUG]: RES [1, 0] 34 -> 45
[01:36:16] [Worker-Main-5/DEBUG]: RES [-4, -7] 40 -> 45
[01:36:16] [Worker-Main-5/DEBUG]: RES [-6, 9] 42 -> 45
[01:36:16] [Worker-Main-5/DEBUG]: RES [9, 2] 42 -> 45
[01:36:16] [Worker-Main-5/DEBUG]: RES [-10, 3] 43 -> 45
[01:36:16] [Worker-Main-5/DEBUG]: RES [-2, 3] 36 -> 45
[01:36:16] [Worker-Main-5/DEBUG]: RES [7, -1] 40 -> 45
[01:36:16] [Worker-Main-5/DEBUG]: RES [7, 8] 41 -> 45
[01:36:16] [Worker-Main-5/DEBUG]: RES [10, -6] 43 -> 45
[01:36:16] [Worker-Main-5/DEBUG]: RES [0, 10] 43 -> 45
[01:36:16] [Worker-Main-5/DEBUG]: RES [-9, -8] 42 -> 45
[01:36:16] [Worker-Main-5/DEBUG]: RES [-5, 10] 43 -> 45
[01:36:16] [Worker-Main-5/DEBUG]: RES [0, -1] 34 -> 45
[01:36:16] [Worker-Main-5/DEBUG]: RES [1, -7] 40 -> 45
[01:36:16] [Worker-Main-5/DEBUG]: RES [-8, 4] 41 -> 45
[01:36:16] [Worker-Main-5/DEBUG]: RES [3, -3] 36 -> 45
[01:36:16] [Worker-Main-5/DEBUG]: RES [-7, -5] 40 -> 45
[01:36:16] [Worker-Main-5/DEBUG]: RES [-3, 9] 42 -> 45
[01:36:16] [Worker-Main-5/DEBUG]: RES [7, -8] 41 -> 45
[01:36:16] [Worker-Main-5/DEBUG]: RES [6, 11] 44 -> 45
[01:36:16] [Worker-Main-5/DEBUG]: RES [6, -1] 39 -> 45
[01:36:16] [Worker-Main-5/DEBUG]: RES [-6, -6] 39 -> 45
[01:36:16] [Worker-Main-5/DEBUG]: RES [0, 5] 38 -> 45
[01:36:16] [Worker-Main-5/DEBUG]: RES [-3, 11] 44 -> 45
[01:36:16] [Worker-Main-5/DEBUG]: RES [-11, -3] 44 -> 45
[01:36:16] [Worker-Main-5/DEBUG]: RES [-5, 1] 38 -> 45
[01:36:16] [Worker-Main-5/DEBUG]: RES [5, 9] 42 -> 45
[01:36:16] [Worker-Main-5/DEBUG]: RES [0, -6] 39 -> 45
[01:36:16] [Worker-Main-5/DEBUG]: RES [10, 4] 43 -> 45
[01:36:16] [Worker-Main-5/DEBUG]: RES [5, -2] 38 -> 45
[01:36:16] [Worker-Main-5/DEBUG]: RES [11, 10] 44 -> 45
[01:36:16] [Worker-Main-5/DEBUG]: RES [-9, 0] 42 -> 45
[01:36:16] [Worker-Main-5/DEBUG]: RES [6, 3] 39 -> 45
[01:36:16] [Worker-Main-5/DEBUG]: RES [9, 3] 42 -> 45
[01:36:16] [Worker-Main-5/DEBUG]: RES [0, -11] 44 -> 45
[01:36:16] [Worker-Main-5/DEBUG]: RES [-10, -3] 43 -> 45
[01:36:16] [Worker-Main-5/DEBUG]: RES [-2, -1] 35 -> 45
[01:36:16] [Worker-Main-5/DEBUG]: RES [7, -6] 40 -> 45
[01:36:16] [Worker-Main-5/DEBUG]: RES [9, 8] 42 -> 45
[01:36:16] [Worker-Main-5/DEBUG]: RES [6, 4] 39 -> 45
[01:36:16] [Worker-Main-5/DEBUG]: RES [9, -10] 43 -> 45
[01:36:16] [Worker-Main-5/DEBUG]: RES [5, -5] 38 -> 45
[01:36:16] [Worker-Main-5/DEBUG]: RES [10, 10] 43 -> 45
[01:36:16] [Worker-Main-5/DEBUG]: RES [11, -1] 44 -> 45
[01:36:16] [Worker-Main-5/DEBUG]: RES [4, -1] 37 -> 45
[01:36:16] [Worker-Main-5/DEBUG]: RES [9, -5] 42 -> 45
[01:36:16] [Worker-Main-5/DEBUG]: RES [2, -7] 40 -> 45
[01:36:16] [Worker-Main-5/DEBUG]: RES [2, 8] 41 -> 45
[01:36:16] [Worker-Main-5/DEBUG]: RES [11, -2] 44 -> 45
[01:36:16] [Worker-Main-5/DEBUG]: RES [-2, 8] 41 -> 45
[01:36:16] [Worker-Main-5/DEBUG]: RES [3, 0] 36 -> 45
[01:36:16] [Worker-Main-5/DEBUG]: RES [5, -3] 38 -> 45
[01:36:16] [Worker-Main-5/DEBUG]: RES [-5, -8] 41 -> 45
[01:36:16] [Worker-Main-5/DEBUG]: RES [8, -9] 42 -> 45
[01:36:16] [Worker-Main-5/DEBUG]: RES [-2, -3] 36 -> 45
[01:36:16] [Worker-Main-5/DEBUG]: RES [1, 11] 44 -> 45
[01:36:16] [Worker-Main-5/DEBUG]: RES [-11, 5] 44 -> 45
[01:36:16] [Worker-Main-5/DEBUG]: RES [-4, 4] 37 -> 45
[01:36:16] [Worker-Main-5/DEBUG]: RES [2, 7] 40 -> 45
[01:36:16] [Worker-Main-5/DEBUG]: RES [7, 3] 40 -> 45
[01:36:16] [Worker-Main-5/DEBUG]: RES [11, 6] 44 -> 45
[01:36:16] [Worker-Main-5/DEBUG]: RES [2, 3] 36 -> 45
[01:36:16] [Worker-Main-5/DEBUG]: RES [-7, 6] 40 -> 45
[01:36:16] [Worker-Main-5/DEBUG]: RES [-8, -1] 41 -> 45
[01:36:16] [Worker-Main-5/DEBUG]: RES [6, 10] 43 -> 45
[01:36:16] [Worker-Main-5/DEBUG]: RES [5, -9] 42 -> 45
[01:36:16] [Worker-Main-5/DEBUG]: RES [-4, -2] 37 -> 45
[01:36:16] [Worker-Main-5/DEBUG]: RES [11, 1] 44 -> 45
[01:36:16] [Worker-Main-5/DEBUG]: RES [7, 7] 40 -> 45
[01:36:16] [Worker-Main-5/DEBUG]: RES [6, 5] 39 -> 45
[01:36:16] [Worker-Main-5/DEBUG]: RES [-10, -6] 43 -> 45
[01:36:16] [Worker-Main-5/DEBUG]: RES [11, -11] 44 -> 45
[01:36:16] [Worker-Main-5/DEBUG]: RES [-8, 5] 41 -> 45
[01:36:16] [Worker-Main-5/DEBUG]: RES [-8, -4] 41 -> 45
[01:36:16] [Worker-Main-5/DEBUG]: RES [0, -3] 36 -> 45
[01:36:16] [Worker-Main-5/DEBUG]: RES [1, -11] 44 -> 45
[01:36:16] [Worker-Main-5/DEBUG]: RES [-11, 0] 44 -> 45
[01:36:16] [Worker-Main-5/DEBUG]: RES [-2, 7] 40 -> 45
[01:36:16] [Worker-Main-5/DEBUG]: RES [-8, 10] 43 -> 45
[01:36:16] [Worker-Main-5/DEBUG]: RES [-7, -9] 42 -> 45
[01:36:16] [Worker-Main-5/DEBUG]: RES [8, -3] 41 -> 45
[01:36:16] [Worker-Main-5/DEBUG]: RES [11, -9] 44 -> 45
[01:36:16] [Worker-Main-5/DEBUG]: RES [-1, 7] 40 -> 45
[01:36:16] [Worker-Main-5/DEBUG]: RES [1, -10] 43 -> 45
[01:36:16] [Worker-Main-5/DEBUG]: RES [-9, -6] 42 -> 45
[01:36:16] [Worker-Main-5/DEBUG]: RES [7, -11] 44 -> 45
[01:36:16] [Worker-Main-5/DEBUG]: RES [-2, 1] 35 -> 45
[01:36:16] [Worker-Main-5/DEBUG]: RES [-1, -3] 36 -> 45
[01:36:16] [Worker-Main-5/DEBUG]: RES [6, -9] 42 -> 45
[01:36:16] [Worker-Main-5/DEBUG]: RES [-8, -2] 41 -> 45
[01:36:16] [Worker-Main-5/DEBUG]: RES [-4, 1] 37 -> 45
[01:36:16] [Worker-Main-5/DEBUG]: RES [4, -2] 37 -> 45
[01:36:16] [Worker-Main-5/DEBUG]: RES [6, 7] 40 -> 45
[01:36:16] [Worker-Main-5/DEBUG]: RES [1, 4] 37 -> 45
[01:36:16] [Worker-Main-5/DEBUG]: RES [-10, -11] 44 -> 45
[01:36:16] [Worker-Main-5/DEBUG]: RES [-2, 9] 42 -> 45
[01:36:16] [Worker-Main-5/DEBUG]: RES [8, -2] 41 -> 45
[01:36:16] [Worker-Main-5/DEBUG]: RES [6, 0] 39 -> 45
[01:36:16] [Worker-Main-5/DEBUG]: RES [0, 8] 41 -> 45
[01:36:16] [Worker-Main-5/DEBUG]: RES [7, 5] 40 -> 45
[01:36:16] [Worker-Main-4/DEBUG]: RES [-10, 8] 43 -> 45
[01:36:16] [Worker-Main-4/DEBUG]: RES [3, -1] 36 -> 45
[01:36:16] [Worker-Main-3/DEBUG]: RES [0, -10] 43 -> 45
[01:36:16] [Worker-Main-4/DEBUG]: RES [-7, 8] 41 -> 45
[01:36:16] [Worker-Main-3/DEBUG]: RES [3, -5] 45 -> 45
[01:36:16] [Worker-Main-4/DEBUG]: RES [7, 10] 43 -> 45
[01:36:16] [Worker-Main-4/DEBUG]: RES [-5, 2] 45 -> 45
[01:36:16] [Worker-Main-7/DEBUG]: RES [-8, 11] 44 -> 45
[01:36:16] [Worker-Main-4/DEBUG]: RES [-7, -10] 45 -> 45
[01:36:16] [Worker-Main-7/DEBUG]: RES [9, 1] 42 -> 45
[01:36:16] [Worker-Main-4/DEBUG]: RES [4, 0] 45 -> 45
[01:36:16] [Worker-Main-7/DEBUG]: RES [-7, -7] 40 -> 45
[01:36:16] [Worker-Main-4/DEBUG]: RES [9, -2] 45 -> 45
[01:36:16] [Worker-Main-7/DEBUG]: RES [9, 7] 42 -> 45
[01:36:16] [Worker-Main-4/DEBUG]: RES [-9, -4] 45 -> 45
[01:36:16] [Worker-Main-7/DEBUG]: RES [-1, -11] 44 -> 45
[01:36:16] [Worker-Main-4/DEBUG]: RES [-5, 4] 45 -> 45
[01:36:16] [Worker-Main-7/DEBUG]: RES [3, 8] 41 -> 45
[01:36:16] [Worker-Main-5/DEBUG]: RES [9, 10] 45 -> 45
[01:36:16] [Worker-Main-7/DEBUG]: RES [-8, -3] 41 -> 45
[01:36:16] [Worker-Main-5/DEBUG]: RES [-2, -9] 45 -> 45
[01:36:16] [Worker-Main-7/DEBUG]: RES [11, -7] 44 -> 45
[01:36:16] [Worker-Main-5/DEBUG]: RES [-1, 2] 45 -> 45
[01:36:16] [Worker-Main-7/DEBUG]: RES [-4, 0] 37 -> 45
[01:36:16] [Worker-Main-5/DEBUG]: RES [-1, 6] 45 -> 45
[01:36:16] [Worker-Main-7/DEBUG]: RES [10, -11] 44 -> 45
[01:36:16] [Worker-Main-5/DEBUG]: RES [0, -9] 45 -> 45
[01:36:16] [Worker-Main-7/DEBUG]: RES [-9, 2] 42 -> 45
[01:36:16] [Worker-Main-5/DEBUG]: RES [10, 6] 45 -> 45
[01:36:16] [Worker-Main-7/DEBUG]: RES [7, 0] 40 -> 45
[01:36:16] [Worker-Main-5/DEBUG]: RES [11, 3] 45 -> 45
[01:36:16] [Worker-Main-7/DEBUG]: RES [-7, 3] 40 -> 45
[01:36:16] [Worker-Main-5/DEBUG]: RES [-5, -6] 45 -> 45
[01:36:16] [Worker-Main-7/DEBUG]: RES [6, -4] 39 -> 45
[01:36:16] [Worker-Main-7/DEBUG]: RES [-1, -5] 38 -> 45
[01:36:16] [Worker-Main-7/DEBUG]: RES [10, 9] 43 -> 45
[01:36:16] [Worker-Main-7/DEBUG]: RES [-9, 8] 42 -> 45
[01:36:16] [Worker-Main-7/DEBUG]: RES [-1, -1] 34 -> 45
[01:36:16] [Worker-Main-7/DEBUG]: RES [-8, -6] 41 -> 45
[01:36:16] [Worker-Main-7/DEBUG]: RES [-10, 2] 43 -> 45
[01:36:16] [Worker-Main-7/DEBUG]: RES [-4, 9] 42 -> 45
[01:36:16] [Worker-Main-7/DEBUG]: RES [6, 8] 41 -> 45
[01:36:16] [Worker-Main-7/DEBUG]: RES [7, 11] 44 -> 45
[01:36:16] [Worker-Main-7/DEBUG]: RES [-9, -3] 42 -> 45
[01:36:16] [Worker-Main-7/DEBUG]: RES [4, 3] 37 -> 45
[01:36:16] [Worker-Main-7/DEBUG]: RES [3, -10] 43 -> 45
[01:36:16] [Worker-Main-7/DEBUG]: RES [8, 1] 41 -> 45
[01:36:16] [Worker-Main-5/DEBUG]: RES [0, 2] 45 -> 45
[01:36:16] [Worker-Main-7/DEBUG]: RES [-2, -4] 37 -> 45
[01:36:16] [Worker-Main-5/DEBUG]: RES [-7, -8] 45 -> 45
[01:36:16] [Worker-Main-5/DEBUG]: RES [4, -6] 45 -> 45
[01:36:16] [Worker-Main-5/DEBUG]: RES [-10, 4] 45 -> 45
[01:36:16] [Worker-Main-5/DEBUG]: RES [10, 8] 45 -> 45
[01:36:16] [Worker-Main-5/DEBUG]: RES [10, -10] 45 -> 45
[01:36:16] [Worker-Main-5/DEBUG]: RES [-3, 7] 45 -> 45
[01:36:16] [Worker-Main-5/DEBUG]: RES [-3, -10] 45 -> 45
[01:36:16] [Worker-Main-5/DEBUG]: RES [-3, -1] 45 -> 45
[01:36:16] [Worker-Main-5/DEBUG]: RES [5, 1] 45 -> 45
[01:36:16] [Worker-Main-5/DEBUG]: RES [9, 5] 45 -> 45
[01:36:16] [Worker-Main-5/DEBUG]: RES [8, 7] 45 -> 45
[01:36:16] [Worker-Main-5/DEBUG]: RES [-4, -3] 45 -> 45
[01:36:16] [Worker-Main-5/DEBUG]: RES [1, 0] 45 -> 45
[01:36:16] [Worker-Main-5/DEBUG]: RES [-4, -7] 45 -> 45
[01:36:16] [Worker-Main-5/DEBUG]: RES [-6, 9] 45 -> 45
[01:36:16] [Worker-Main-5/DEBUG]: RES [9, 2] 45 -> 45
[01:36:16] [Worker-Main-5/DEBUG]: RES [-10, 3] 45 -> 45
[01:36:16] [Worker-Main-5/DEBUG]: RES [-2, 3] 45 -> 45
[01:36:16] [Worker-Main-5/DEBUG]: RES [7, -1] 45 -> 45
[01:36:16] [Worker-Main-5/DEBUG]: RES [7, 8] 45 -> 45
[01:36:16] [Worker-Main-5/DEBUG]: RES [10, -6] 45 -> 45
[01:36:16] [Worker-Main-5/DEBUG]: RES [0, 10] 45 -> 45
[01:36:16] [Worker-Main-5/DEBUG]: RES [-9, -8] 45 -> 45
[01:36:16] [Worker-Main-5/DEBUG]: RES [-5, 10] 45 -> 45
[01:36:16] [Worker-Main-5/DEBUG]: RES [0, -1] 45 -> 45
[01:36:16] [Worker-Main-5/DEBUG]: RES [1, -7] 45 -> 45
[01:36:16] [Worker-Main-5/DEBUG]: RES [-8, 4] 45 -> 45
[01:36:16] [Worker-Main-5/DEBUG]: RES [3, -3] 45 -> 45
[01:36:16] [Worker-Main-5/DEBUG]: RES [-7, -5] 45 -> 45
[01:36:16] [Worker-Main-5/DEBUG]: RES [-3, 9] 45 -> 45
[01:36:16] [Worker-Main-5/DEBUG]: RES [7, -8] 45 -> 45
[01:36:16] [Worker-Main-5/DEBUG]: RES [6, 11] 45 -> 45
[01:36:16] [Worker-Main-5/DEBUG]: RES [6, -1] 45 -> 45
[01:36:16] [Worker-Main-5/DEBUG]: RES [-6, -6] 45 -> 45
[01:36:16] [Worker-Main-5/DEBUG]: RES [0, 5] 45 -> 45
[01:36:16] [Worker-Main-5/DEBUG]: RES [-3, 11] 45 -> 45
[01:36:16] [Worker-Main-7/DEBUG]: RES [8, -7] 41 -> 45
[01:36:16] [Worker-Main-7/DEBUG]: RES [10, -4] 43 -> 45
[01:36:16] [Worker-Main-7/DEBUG]: RES [-4, -10] 43 -> 45
[01:36:16] [Worker-Main-7/DEBUG]: RES [-2, 11] 44 -> 45
[01:36:16] [Worker-Main-7/DEBUG]: RES [9, -9] 42 -> 45
[01:36:16] [Worker-Main-7/DEBUG]: RES [-8, 2] 41 -> 45
[01:36:16] [Worker-Main-7/DEBUG]: RES [0, 6] 39 -> 45
[01:36:16] [Worker-Main-7/DEBUG]: RES [-4, -4] 37 -> 45
[01:36:16] [Worker-Main-7/DEBUG]: RES [2, -9] 42 -> 45
[01:36:16] [Worker-Main-7/DEBUG]: RES [0, -2] 35 -> 45
[01:36:16] [Worker-Main-7/DEBUG]: RES [-4, 6] 39 -> 45
[01:36:16] [Worker-Main-7/DEBUG]: RES [9, 0] 42 -> 45
[01:36:16] [Worker-Main-7/DEBUG]: RES [-9, 11] 44 -> 45
[01:36:16] [Worker-Main-7/DEBUG]: RES [-9, -7] 42 -> 45
[01:36:16] [Worker-Main-7/DEBUG]: RES [11, -3] 44 -> 45
[01:36:16] [Worker-Main-7/DEBUG]: RES [8, 6] 41 -> 45
[01:36:16] [Worker-Main-7/DEBUG]: RES [-11, 6] 44 -> 45
[01:36:16] [Worker-Main-7/DEBUG]: RES [-10, -10] 43 -> 45
[01:36:16] [Worker-Main-7/DEBUG]: RES [0, 7] 40 -> 45
[01:36:16] [Worker-Main-7/DEBUG]: RES [7, 6] 40 -> 45
[01:36:16] [Worker-Main-7/DEBUG]: RES [-7, -11] 44 -> 45
[01:36:16] [Worker-Main-7/DEBUG]: RES [9, -7] 42 -> 45
[01:36:16] [Worker-Main-7/DEBUG]: RES [0, 0] 33 -> 45
[01:36:16] [Worker-Main-7/DEBUG]: RES [6, -10] 43 -> 45
[01:36:16] [Worker-Main-7/DEBUG]: RES [-8, 9] 42 -> 45
[01:36:16] [Worker-Main-7/DEBUG]: RES [2, 6] 39 -> 45
[01:36:16] [Worker-Main-7/DEBUG]: RES [10, 11] 44 -> 45
[01:36:16] [Worker-Main-7/DEBUG]: RES [11, 4] 44 -> 45
[01:36:16] [Worker-Main-7/DEBUG]: RES [-9, 3] 42 -> 45
[01:36:16] [Worker-Main-7/DEBUG]: RES [8, -6] 41 -> 45
[01:36:16] [Worker-Main-7/DEBUG]: RES [-5, 11] 44 -> 45
[01:36:16] [Worker-Main-7/DEBUG]: RES [-11, -9] 44 -> 45
[01:36:16] [Worker-Main-7/DEBUG]: RES [-8, 0] 41 -> 45
[01:36:16] [Worker-Main-7/DEBUG]: RES [-10, -7] 43 -> 45
[01:36:16] [Worker-Main-7/DEBUG]: RES [5, 8] 41 -> 45
[01:36:16] [Worker-Main-7/DEBUG]: RES [7, 2] 40 -> 45
[01:36:16] [Worker-Main-7/DEBUG]: RES [1, -9] 42 -> 45
[01:36:16] [Worker-Main-7/DEBUG]: RES [-7, 0] 40 -> 45
[01:36:16] [Worker-Main-7/DEBUG]: RES [-6, -9] 42 -> 45
[01:36:16] [Worker-Main-7/DEBUG]: RES [0, 1] 34 -> 45
[01:36:16] [Worker-Main-7/DEBUG]: RES [7, -5] 40 -> 45
[01:36:16] [Worker-Main-7/DEBUG]: RES [3, -2] 36 -> 45
[01:36:16] [Worker-Main-7/DEBUG]: RES [3, 5] 38 -> 45
[01:36:16] [Worker-Main-7/DEBUG]: RES [1, 3] 36 -> 45
[01:36:16] [Worker-Main-7/DEBUG]: RES [1, -8] 41 -> 45
[01:36:16] [Worker-Main-7/DEBUG]: RES [-6, -5] 39 -> 45
[01:36:16] [Worker-Main-7/DEBUG]: RES [8, -8] 41 -> 45
[01:36:16] [Worker-Main-7/DEBUG]: RES [1, 6] 39 -> 45
[01:36:16] [Worker-Main-7/DEBUG]: RES [6, 9] 42 -> 45
[01:36:16] [Worker-Main-7/DEBUG]: RES [1, -2] 35 -> 45
[01:36:16] [Worker-Main-7/DEBUG]: RES [-2, 5] 38 -> 45
[01:36:16] [Worker-Main-7/DEBUG]: RES [-10, 9] 43 -> 45
[01:36:16] [Worker-Main-7/DEBUG]: RES [9, -6] 42 -> 45
[01:36:16] [Worker-Main-7/DEBUG]: RES [-3, -5] 38 -> 45
[01:36:16] [Worker-Main-7/DEBUG]: RES [-8, -5] 41 -> 45
[01:36:16] [Worker-Main-7/DEBUG]: RES [-11, -2] 44 -> 45
[01:36:16] [Worker-Main-7/DEBUG]: RES [8, -1] 41 -> 45
[01:36:16] [Worker-Main-7/DEBUG]: RES [5, 4] 38 -> 45
[01:36:16] [Worker-Main-7/DEBUG]: RES [9, 9] 42 -> 45
[01:36:16] [Worker-Main-7/DEBUG]: RES [-10, -5] 43 -> 45
[01:36:16] [Worker-Main-7/DEBUG]: RES [-7, 9] 42 -> 45
[01:36:16] [Worker-Main-7/DEBUG]: RES [-9, -11] 44 -> 45
[01:36:16] [Worker-Main-7/DEBUG]: RES [3, 7] 40 -> 45
[01:36:16] [Worker-Main-7/DEBUG]: RES [1, -6] 39 -> 45
[01:36:16] [Worker-Main-7/DEBUG]: RES [-5, -1] 38 -> 45
[01:36:16] [Worker-Main-7/DEBUG]: RES [2, 10] 43 -> 45
[01:36:16] [Worker-Main-7/DEBUG]: RES [1, 8] 41 -> 45
[01:36:16] [Worker-Main-7/DEBUG]: RES [11, 11] 44 -> 45
[01:36:16] [Worker-Main-7/DEBUG]: RES [-4, -11] 44 -> 45
[01:36:16] [Worker-Main-7/DEBUG]: RES [-11, 11] 44 -> 45
[01:36:16] [Worker-Main-7/DEBUG]: RES [-3, 0] 36 -> 45
[01:36:16] [Worker-Main-7/DEBUG]: RES [-7, 2] 40 -> 45
[01:36:16] [Worker-Main-7/DEBUG]: RES [-4, 5] 38 -> 45
[01:36:16] [Worker-Main-7/DEBUG]: RES [1, 10] 43 -> 45
[01:36:16] [Worker-Main-7/DEBUG]: RES [-5, -5] 38 -> 45
[01:36:16] [Worker-Main-7/DEBUG]: RES [4, -9] 42 -> 45
[01:36:16] [Worker-Main-7/DEBUG]: RES [7, -3] 40 -> 45
[01:36:16] [Worker-Main-7/DEBUG]: RES [-9, 4] 42 -> 45
[01:36:16] [Worker-Main-7/DEBUG]: RES [6, 1] 39 -> 45
[01:36:16] [Worker-Main-7/DEBUG]: RES [-6, -10] 43 -> 45
[01:36:16] [Worker-Main-7/DEBUG]: RES [-10, 5] 43 -> 45
[01:36:16] [Worker-Main-7/DEBUG]: RES [4, 7] 40 -> 45
[01:36:16] [Worker-Main-7/DEBUG]: RES [-1, -7] 40 -> 45
[01:36:16] [Worker-Main-7/DEBUG]: RES [11, 5] 44 -> 45
[01:36:16] [Worker-Main-7/DEBUG]: RES [7, 9] 42 -> 45
[01:36:16] [Worker-Main-7/DEBUG]: RES [4, 1] 37 -> 45
[01:36:16] [Worker-Main-7/DEBUG]: RES [-9, 7] 42 -> 45
[01:36:16] [Worker-Main-7/DEBUG]: RES [7, 1] 40 -> 45
[01:36:16] [Worker-Main-7/DEBUG]: RES [-9, -5] 42 -> 45
[01:36:16] [Worker-Main-7/DEBUG]: RES [-8, -8] 41 -> 45
[01:36:16] [Worker-Main-7/DEBUG]: RES [-4, -8] 41 -> 45
[01:36:16] [Worker-Main-7/DEBUG]: RES [-11, -8] 44 -> 45
[01:36:16] [Worker-Main-7/DEBUG]: RES [5, 5] 38 -> 45
[01:36:16] [Worker-Main-7/DEBUG]: RES [-7, -6] 40 -> 45
[01:36:16] [Worker-Main-7/DEBUG]: RES [-7, 7] 40 -> 45
[01:36:16] [Worker-Main-7/DEBUG]: RES [-2, -8] 41 -> 45
[01:36:16] [Worker-Main-7/DEBUG]: RES [11, -6] 44 -> 45
[01:36:16] [Worker-Main-7/DEBUG]: RES [4, 8] 41 -> 45
[01:36:16] [Worker-Main-7/DEBUG]: RES [-9, -1] 42 -> 45
[01:36:16] [Worker-Main-7/DEBUG]: RES [11, 7] 44 -> 45
[01:36:16] [Worker-Main-7/DEBUG]: RES [-10, -1] 43 -> 45
[01:36:16] [Worker-Main-7/DEBUG]: RES [10, 7] 43 -> 45
[01:36:16] [Worker-Main-7/DEBUG]: RES [-5, 7] 40 -> 45
[01:36:16] [Worker-Main-7/DEBUG]: RES [-2, -7] 40 -> 45
[01:36:16] [Worker-Main-7/DEBUG]: RES [-11, 4] 44 -> 45
[01:36:16] [Worker-Main-7/DEBUG]: RES [-7, -3] 40 -> 45
[01:36:16] [Worker-Main-7/DEBUG]: RES [2, -11] 44 -> 45
[01:36:16] [Worker-Main-7/DEBUG]: RES [8, 0] 41 -> 45
[01:36:16] [Worker-Main-7/DEBUG]: RES [-8, -9] 42 -> 45
[01:36:16] [Worker-Main-7/DEBUG]: RES [6, -6] 39 -> 45
[01:36:16] [Worker-Main-7/DEBUG]: RES [-11, -10] 44 -> 45
[01:36:16] [Worker-Main-7/DEBUG]: RES [-9, -2] 42 -> 45
[01:36:16] [Worker-Main-7/DEBUG]: RES [-3, 1] 36 -> 45
[01:36:16] [Worker-Main-7/DEBUG]: RES [11, 9] 44 -> 45
[01:36:16] [Worker-Main-7/DEBUG]: RES [1, 9] 42 -> 45
[01:36:16] [Worker-Main-7/DEBUG]: RES [10, -7] 43 -> 45
[01:36:16] [Worker-Main-7/DEBUG]: RES [-10, 1] 43 -> 45
[01:36:16] [Worker-Main-7/DEBUG]: RES [-2, -10] 43 -> 45
[01:36:16] [Worker-Main-7/DEBUG]: RES [-2, 6] 39 -> 45
[01:36:16] [Worker-Main-7/DEBUG]: RES [-3, 3] 36 -> 45
[01:36:16] [Worker-Main-7/DEBUG]: RES [8, 9] 42 -> 45
[01:36:16] [Worker-Main-7/DEBUG]: RES [-5, 8] 41 -> 45
[01:36:16] [Worker-Main-7/DEBUG]: RES [0, -7] 40 -> 45
[01:36:16] [Worker-Main-7/DEBUG]: RES [9, 11] 44 -> 45
[01:36:16] [Worker-Main-7/DEBUG]: RES [-11, -4] 44 -> 45
[01:36:16] [Worker-Main-7/DEBUG]: RES [4, -5] 38 -> 45
[01:36:16] [Worker-Main-7/DEBUG]: RES [-6, 7] 40 -> 45
[01:36:16] [Worker-Main-7/DEBUG]: RES [2, -10] 43 -> 45
[01:36:16] [Worker-Main-7/DEBUG]: RES [8, -11] 44 -> 45
[01:36:16] [Worker-Main-7/DEBUG]: RES [5, -4] 38 -> 45
[01:36:16] [Worker-Main-7/DEBUG]: RES [1, 2] 35 -> 45
[01:36:16] [Worker-Main-7/DEBUG]: RES [-6, 6] 39 -> 45
[01:36:16] [Worker-Main-5/DEBUG]: RES [-11, -3] 45 -> 45
[01:36:16] [Worker-Main-5/DEBUG]: RES [-5, 1] 45 -> 45
[01:36:16] [Worker-Main-5/DEBUG]: RES [5, 9] 45 -> 45
[01:36:16] [Worker-Main-5/DEBUG]: RES [0, -6] 45 -> 45
[01:36:16] [Worker-Main-5/DEBUG]: RES [10, 4] 45 -> 45
[01:36:16] [Worker-Main-5/DEBUG]: RES [5, -2] 45 -> 45
[01:36:16] [Worker-Main-5/DEBUG]: RES [11, 10] 45 -> 45
[01:36:16] [Worker-Main-5/DEBUG]: RES [-9, 0] 45 -> 45
[01:36:16] [Worker-Main-5/DEBUG]: RES [6, 3] 45 -> 45
[01:36:16] [Worker-Main-5/DEBUG]: RES [9, 3] 45 -> 45
[01:36:16] [Worker-Main-5/DEBUG]: RES [0, -11] 45 -> 45
[01:36:16] [Worker-Main-5/DEBUG]: RES [-10, -3] 45 -> 45
[01:36:16] [Worker-Main-5/DEBUG]: RES [-2, -1] 45 -> 45
[01:36:16] [Worker-Main-5/DEBUG]: RES [7, -6] 45 -> 45
[01:36:16] [Worker-Main-5/DEBUG]: RES [9, 8] 45 -> 45
[01:36:16] [Worker-Main-5/DEBUG]: RES [6, 4] 45 -> 45
[01:36:16] [Worker-Main-5/DEBUG]: RES [9, -10] 45 -> 45
[01:36:16] [Worker-Main-5/DEBUG]: RES [5, -5] 45 -> 45
[01:36:16] [Worker-Main-5/DEBUG]: RES [10, 10] 45 -> 45
[01:36:16] [Worker-Main-5/DEBUG]: RES [11, -1] 45 -> 45
[01:36:16] [Worker-Main-5/DEBUG]: RES [4, -1] 45 -> 45
[01:36:16] [Worker-Main-5/DEBUG]: RES [9, -5] 45 -> 45
[01:36:16] [Worker-Main-5/DEBUG]: RES [2, -7] 45 -> 45
[01:36:16] [Worker-Main-5/DEBUG]: RES [2, 8] 45 -> 45
[01:36:16] [Worker-Main-5/DEBUG]: RES [11, -2] 45 -> 45
[01:36:16] [Worker-Main-5/DEBUG]: RES [-2, 8] 45 -> 45
[01:36:16] [Worker-Main-5/DEBUG]: RES [3, 0] 45 -> 45
[01:36:16] [Worker-Main-5/DEBUG]: RES [5, -3] 45 -> 45
[01:36:16] [Worker-Main-5/DEBUG]: RES [-5, -8] 45 -> 45
[01:36:16] [Worker-Main-5/DEBUG]: RES [8, -9] 45 -> 45
[01:36:16] [Worker-Main-5/DEBUG]: RES [-2, -3] 45 -> 45
[01:36:16] [Worker-Main-5/DEBUG]: RES [1, 11] 45 -> 45
[01:36:16] [Worker-Main-5/DEBUG]: RES [-11, 5] 45 -> 45
[01:36:16] [Worker-Main-5/DEBUG]: RES [-4, 4] 45 -> 45
[01:36:16] [Worker-Main-5/DEBUG]: RES [2, 7] 45 -> 45
[01:36:16] [Worker-Main-5/DEBUG]: RES [7, 3] 45 -> 45
[01:36:16] [Worker-Main-5/DEBUG]: RES [11, 6] 45 -> 45
[01:36:16] [Worker-Main-5/DEBUG]: RES [2, 3] 45 -> 45
[01:36:16] [Worker-Main-5/DEBUG]: RES [-7, 6] 45 -> 45
[01:36:16] [Worker-Main-5/DEBUG]: RES [-8, -1] 45 -> 45
[01:36:16] [Worker-Main-5/DEBUG]: RES [6, 10] 45 -> 45
[01:36:16] [Worker-Main-5/DEBUG]: RES [5, -9] 45 -> 45
[01:36:16] [Worker-Main-5/DEBUG]: RES [-4, -2] 45 -> 45
[01:36:16] [Worker-Main-5/DEBUG]: RES [11, 1] 45 -> 45
[01:36:16] [Worker-Main-5/DEBUG]: RES [7, 7] 45 -> 45
[01:36:16] [Worker-Main-5/DEBUG]: RES [6, 5] 45 -> 45
[01:36:16] [Worker-Main-5/DEBUG]: RES [-10, -6] 45 -> 45
[01:36:16] [Worker-Main-5/DEBUG]: RES [11, -11] 45 -> 45
[01:36:16] [Worker-Main-5/DEBUG]: RES [-8, 5] 45 -> 45
[01:36:16] [Worker-Main-5/DEBUG]: RES [-8, -4] 45 -> 45
[01:36:16] [Worker-Main-5/DEBUG]: RES [0, -3] 45 -> 45
[01:36:16] [Worker-Main-5/DEBUG]: RES [1, -11] 45 -> 45
[01:36:16] [Worker-Main-5/DEBUG]: RES [-11, 0] 45 -> 45
[01:36:16] [Worker-Main-5/DEBUG]: RES [-2, 7] 45 -> 45
[01:36:16] [Worker-Main-5/DEBUG]: RES [-8, 10] 45 -> 45
[01:36:16] [Worker-Main-5/DEBUG]: RES [-7, -9] 45 -> 45
[01:36:16] [Worker-Main-5/DEBUG]: RES [8, -3] 45 -> 45
[01:36:16] [Worker-Main-5/DEBUG]: RES [11, -9] 45 -> 45
[01:36:16] [Worker-Main-5/DEBUG]: RES [-1, 7] 45 -> 45
[01:36:16] [Worker-Main-5/DEBUG]: RES [1, -10] 45 -> 45
[01:36:16] [Worker-Main-5/DEBUG]: RES [-9, -6] 45 -> 45
[01:36:16] [Worker-Main-5/DEBUG]: RES [7, -11] 45 -> 45
[01:36:16] [Worker-Main-5/DEBUG]: RES [-2, 1] 45 -> 45
[01:36:16] [Worker-Main-5/DEBUG]: RES [-1, -3] 45 -> 45
[01:36:16] [Worker-Main-5/DEBUG]: RES [6, -9] 45 -> 45
[01:36:16] [Worker-Main-5/DEBUG]: RES [-8, -2] 45 -> 45
[01:36:16] [Worker-Main-5/DEBUG]: RES [-4, 1] 45 -> 45
[01:36:16] [Worker-Main-5/DEBUG]: RES [4, -2] 45 -> 45
[01:36:16] [Worker-Main-5/DEBUG]: RES [6, 7] 45 -> 45
[01:36:16] [Worker-Main-5/DEBUG]: RES [1, 4] 45 -> 45
[01:36:16] [Worker-Main-5/DEBUG]: RES [-10, -11] 45 -> 45
[01:36:16] [Worker-Main-5/DEBUG]: RES [-2, 9] 45 -> 45
[01:36:16] [Worker-Main-5/DEBUG]: RES [8, -2] 45 -> 45
[01:36:16] [Worker-Main-5/DEBUG]: RES [6, 0] 45 -> 45
[01:36:16] [Worker-Main-5/DEBUG]: RES [0, 8] 45 -> 45
[01:36:16] [Worker-Main-5/DEBUG]: RES [7, 5] 45 -> 45
[01:36:16] [Worker-Main-5/DEBUG]: RES [-10, 8] 45 -> 45
[01:36:16] [Worker-Main-5/DEBUG]: RES [3, -1] 45 -> 45
[01:36:16] [Worker-Main-5/DEBUG]: RES [-7, 8] 45 -> 45
[01:36:16] [Worker-Main-5/DEBUG]: RES [7, 10] 45 -> 45
[01:36:16] [Worker-Main-5/DEBUG]: RES [-8, 11] 45 -> 45
[01:36:16] [Worker-Main-5/DEBUG]: RES [9, 1] 45 -> 45
[01:36:16] [Worker-Main-5/DEBUG]: RES [-7, -7] 45 -> 45
[01:36:16] [Worker-Main-5/DEBUG]: RES [9, 7] 45 -> 45
[01:36:16] [Worker-Main-5/DEBUG]: RES [-1, -11] 45 -> 45
[01:36:16] [Worker-Main-5/DEBUG]: RES [3, 8] 45 -> 45
[01:36:16] [Worker-Main-5/DEBUG]: RES [-8, -3] 45 -> 45
[01:36:16] [Worker-Main-5/DEBUG]: RES [11, -7] 45 -> 45
[01:36:16] [Worker-Main-5/DEBUG]: RES [-4, 0] 45 -> 45
[01:36:16] [Worker-Main-5/DEBUG]: RES [10, -11] 45 -> 45
[01:36:16] [Worker-Main-5/DEBUG]: RES [-9, 2] 45 -> 45
[01:36:16] [Worker-Main-5/DEBUG]: RES [7, 0] 45 -> 45
[01:36:16] [Worker-Main-5/DEBUG]: RES [-7, 3] 45 -> 45
[01:36:16] [Worker-Main-5/DEBUG]: RES [6, -4] 45 -> 45
[01:36:16] [Worker-Main-5/DEBUG]: RES [-1, -5] 45 -> 45
[01:36:16] [Worker-Main-5/DEBUG]: RES [10, 9] 45 -> 45
[01:36:16] [Worker-Main-5/DEBUG]: RES [-9, 8] 45 -> 45
[01:36:16] [Worker-Main-5/DEBUG]: RES [-1, -1] 45 -> 45
[01:36:16] [Worker-Main-5/DEBUG]: RES [-8, -6] 45 -> 45
[01:36:16] [Worker-Main-5/DEBUG]: RES [-10, 2] 45 -> 45
[01:36:16] [Worker-Main-5/DEBUG]: RES [-4, 9] 45 -> 45
[01:36:16] [Worker-Main-5/DEBUG]: RES [6, 8] 45 -> 45
[01:36:16] [Worker-Main-5/DEBUG]: RES [7, 11] 45 -> 45
[01:36:16] [Worker-Main-5/DEBUG]: RES [-9, -3] 45 -> 45
[01:36:16] [Worker-Main-5/DEBUG]: RES [4, 3] 45 -> 45
[01:36:16] [Worker-Main-5/DEBUG]: RES [3, -10] 45 -> 45
[01:36:16] [Worker-Main-5/DEBUG]: RES [8, 1] 45 -> 45
[01:36:16] [Worker-Main-5/DEBUG]: RES [-2, -4] 45 -> 45
[01:36:16] [Worker-Main-5/DEBUG]: RES [8, -7] 45 -> 45
[01:36:16] [Worker-Main-5/DEBUG]: RES [10, -4] 45 -> 45
[01:36:16] [Worker-Main-5/DEBUG]: RES [-4, -10] 45 -> 45
[01:36:16] [Worker-Main-5/DEBUG]: RES [-2, 11] 45 -> 45
[01:36:16] [Worker-Main-5/DEBUG]: RES [9, -9] 45 -> 45
[01:36:16] [Worker-Main-5/DEBUG]: RES [-8, 2] 45 -> 45
[01:36:16] [Worker-Main-5/DEBUG]: RES [0, 6] 45 -> 45
[01:36:16] [Worker-Main-5/DEBUG]: RES [-4, -4] 45 -> 45
[01:36:16] [Worker-Main-5/DEBUG]: RES [2, -9] 45 -> 45
[01:36:16] [Worker-Main-5/DEBUG]: RES [0, -2] 45 -> 45
[01:36:16] [Worker-Main-5/DEBUG]: RES [-4, 6] 45 -> 45
[01:36:16] [Worker-Main-5/DEBUG]: RES [9, 0] 45 -> 45
[01:36:16] [Worker-Main-5/DEBUG]: RES [-9, 11] 45 -> 45
[01:36:16] [Worker-Main-5/DEBUG]: RES [-9, -7] 45 -> 45
[01:36:16] [Worker-Main-5/DEBUG]: RES [11, -3] 45 -> 45
[01:36:16] [Worker-Main-5/DEBUG]: RES [8, 6] 45 -> 45
[01:36:16] [Worker-Main-5/DEBUG]: RES [-11, 6] 45 -> 45
[01:36:16] [Worker-Main-5/DEBUG]: RES [-10, -10] 45 -> 45
[01:36:16] [Worker-Main-5/DEBUG]: RES [0, 7] 45 -> 45
[01:36:16] [Worker-Main-5/DEBUG]: RES [7, 6] 45 -> 45
[01:36:16] [Worker-Main-5/DEBUG]: RES [-7, -11] 45 -> 45
[01:36:16] [Worker-Main-5/DEBUG]: RES [9, -7] 45 -> 45
[01:36:16] [Worker-Main-7/DEBUG]: RES [-10, -8] 43 -> 45
[01:36:16] [Worker-Main-7/DEBUG]: RES [5, 3] 38 -> 45
[01:36:16] [Worker-Main-7/DEBUG]: RES [4, 4] 37 -> 45
[01:36:16] [Worker-Main-7/DEBUG]: RES [-2, 10] 43 -> 45
[01:36:16] [Worker-Main-7/DEBUG]: RES [-3, 6] 39 -> 45
[01:36:16] [Worker-Main-7/DEBUG]: RES [-7, 11] 44 -> 45
[01:36:16] [Worker-Main-7/DEBUG]: RES [11, -10] 44 -> 45
[01:36:16] [Worker-Main-7/DEBUG]: RES [5, 7] 40 -> 45
[01:36:16] [Worker-Main-7/DEBUG]: RES [-7, -2] 40 -> 45
[01:36:16] [Worker-Main-7/DEBUG]: RES [5, -1] 38 -> 45
[01:36:16] [Worker-Main-7/DEBUG]: RES [2, 2] 35 -> 45
[01:36:16] [Worker-Main-7/DEBUG]: RES [5, 11] 44 -> 45
[01:36:16] [Worker-Main-7/DEBUG]: RES [-3, 4] 37 -> 45
[01:36:16] [Worker-Main-7/DEBUG]: RES [0, -5] 38 -> 45
[01:36:16] [Worker-Main-7/DEBUG]: RES [1, -3] 36 -> 45
[01:36:16] [Worker-Main-7/DEBUG]: RES [2, -2] 35 -> 45
[01:36:16] [Worker-Main-7/DEBUG]: RES [-1, 11] 44 -> 45
[01:36:16] [Worker-Main-7/DEBUG]: RES [10, 1] 43 -> 45
[01:36:16] [Worker-Main-7/DEBUG]: RES [-10, -2] 43 -> 45
[01:36:16] [Worker-Main-7/DEBUG]: RES [-1, 9] 42 -> 45
[01:36:16] [Worker-Main-7/DEBUG]: RES [2, -4] 37 -> 45
[01:36:16] [Worker-Main-7/DEBUG]: RES [-9, 1] 42 -> 45
[01:36:16] [Worker-Main-7/DEBUG]: RES [-1, 5] 38 -> 45
[01:36:16] [Worker-Main-7/DEBUG]: RES [2, -1] 35 -> 45
[01:36:16] [Worker-Main-7/DEBUG]: RES [-6, 2] 39 -> 45
[01:36:16] [Worker-Main-7/DEBUG]: RES [2, 4] 37 -> 45
[01:36:16] [Worker-Main-7/DEBUG]: RES [2, -3] 36 -> 45
[01:36:16] [Worker-Main-7/DEBUG]: RES [8, 10] 43 -> 45
[01:36:16] [Worker-Main-7/DEBUG]: RES [10, -1] 43 -> 45
[01:36:16] [Worker-Main-7/DEBUG]: RES [3, -11] 44 -> 45
[01:36:16] [Worker-Main-7/DEBUG]: RES [-11, 2] 44 -> 45
[01:36:16] [Worker-Main-7/DEBUG]: RES [-3, -3] 36 -> 45
[01:36:16] [Worker-Main-7/DEBUG]: RES [3, 4] 37 -> 45
[01:36:16] [Worker-Main-7/DEBUG]: RES [3, -7] 40 -> 45
[01:36:16] [Worker-Main-7/DEBUG]: RES [4, -3] 37 -> 45
[01:36:16] [Worker-Main-7/DEBUG]: RES [8, 11] 44 -> 45
[01:36:16] [Worker-Main-7/DEBUG]: RES [-9, 5] 42 -> 45
[01:36:16] [Worker-Main-7/DEBUG]: RES [5, -6] 39 -> 45
[01:36:16] [Worker-Main-7/DEBUG]: RES [11, -8] 44 -> 45
[01:36:16] [Worker-Main-7/DEBUG]: RES [-11, -11] 44 -> 45
[01:36:16] [Worker-Main-7/DEBUG]: RES [4, 6] 39 -> 45
[01:36:16] [Worker-Main-7/DEBUG]: RES [-6, -3] 39 -> 45
[01:36:16] [Worker-Main-7/DEBUG]: RES [-8, 3] 41 -> 45
[01:36:16] [Worker-Main-7/DEBUG]: RES [-1, 0] 34 -> 45
[01:36:16] [Worker-Main-7/DEBUG]: RES [3, 3] 36 -> 45
[01:36:16] [Worker-Main-7/DEBUG]: RES [6, -7] 40 -> 45
[01:36:16] [Worker-Main-7/DEBUG]: RES [5, 6] 39 -> 45
[01:36:16] [Worker-Main-7/DEBUG]: RES [-1, 4] 37 -> 45
[01:36:16] [Worker-Main-7/DEBUG]: RES [4, -4] 37 -> 45
[01:36:16] [Worker-Main-7/DEBUG]: RES [-1, -2] 35 -> 45
[01:36:16] [Worker-Main-7/DEBUG]: RES [5, 2] 38 -> 45
[01:36:16] [Worker-Main-7/DEBUG]: RES [-6, -1] 39 -> 45
[01:36:16] [Worker-Main-7/DEBUG]: RES [8, -10] 43 -> 45
[01:36:16] [Worker-Main-7/DEBUG]: RES [9, -1] 42 -> 45
[01:36:16] [Worker-Main-7/DEBUG]: RES [-6, -7] 40 -> 45
[01:36:16] [Worker-Main-7/DEBUG]: RES [-3, 8] 41 -> 45
[01:36:16] [Worker-Main-7/DEBUG]: RES [-5, -9] 42 -> 45
[01:36:16] [Worker-Main-7/DEBUG]: RES [-1, 10] 43 -> 45
[01:36:16] [Worker-Main-7/DEBUG]: RES [-7, -4] 40 -> 45
[01:36:16] [Worker-Main-7/DEBUG]: RES [-11, -6] 44 -> 45
[01:36:16] [Worker-Main-7/DEBUG]: RES [-10, 7] 43 -> 45
[01:36:16] [Worker-Main-7/DEBUG]: RES [4, 11] 44 -> 45
[01:36:16] [Worker-Main-7/DEBUG]: RES [2, -6] 39 -> 45
[01:36:16] [Worker-Main-7/DEBUG]: RES [-6, 10] 43 -> 45
[01:36:16] [Worker-Main-7/DEBUG]: RES [-8, -10] 43 -> 45
[01:36:16] [Worker-Main-7/DEBUG]: RES [-9, 9] 42 -> 45
[01:36:16] [Worker-Main-7/DEBUG]: RES [7, 4] 40 -> 45
[01:36:16] [Worker-Main-7/DEBUG]: RES [8, 4] 41 -> 45
[01:36:16] [Worker-Main-7/DEBUG]: RES [-4, -1] 37 -> 45
[01:36:16] [Worker-Main-7/DEBUG]: RES [1, 5] 38 -> 45
[01:36:16] [Worker-Main-7/DEBUG]: RES [-6, 8] 41 -> 45
[01:36:16] [Worker-Main-7/DEBUG]: RES [-11, 7] 44 -> 45
[01:36:16] [Worker-Main-7/DEBUG]: RES [-3, -2] 36 -> 45
[01:36:16] [Worker-Main-7/DEBUG]: RES [5, -7] 40 -> 45
[01:36:16] [Worker-Main-7/DEBUG]: RES [-8, 1] 41 -> 45
[01:36:16] [Worker-Main-7/DEBUG]: RES [-9, -9] 42 -> 45
[01:36:16] [Worker-Main-7/DEBUG]: RES [4, -10] 43 -> 45
[01:36:16] [Worker-Main-7/DEBUG]: RES [-1, -10] 43 -> 45
[01:36:16] [Worker-Main-7/DEBUG]: RES [-4, 7] 40 -> 45
[01:36:16] [Worker-Main-7/DEBUG]: RES [-5, -10] 43 -> 45
[01:36:16] [Worker-Main-7/DEBUG]: RES [9, 6] 42 -> 45
[01:36:16] [Worker-Main-7/DEBUG]: RES [-3, -8] 41 -> 45
[01:36:16] [Worker-Main-7/DEBUG]: RES [-5, -7] 40 -> 45
[01:36:16] [Worker-Main-7/DEBUG]: RES [2, -5] 38 -> 45
[01:36:16] [Worker-Main-7/DEBUG]: RES [-4, -5] 38 -> 45
[01:36:16] [Worker-Main-7/DEBUG]: RES [-7, -1] 40 -> 45
[01:36:16] [Worker-Main-7/DEBUG]: RES [2, 0] 35 -> 45
[01:36:16] [Worker-Main-7/DEBUG]: RES [6, -8] 41 -> 45
[01:36:16] [Worker-Main-7/DEBUG]: RES [-4, 3] 37 -> 45
[01:36:16] [Worker-Main-7/DEBUG]: RES [-5, 5] 38 -> 45
[01:36:16] [Worker-Main-7/DEBUG]: RES [-8, 8] 41 -> 45
[01:36:16] [Worker-Main-7/DEBUG]: RES [-2, -11] 44 -> 45
[01:36:16] [Worker-Main-7/DEBUG]: RES [7, -7] 40 -> 45
[01:36:16] [Worker-Main-7/DEBUG]: RES [6, -5] 39 -> 45
[01:36:16] [Worker-Main-7/DEBUG]: RES [8, -4] 41 -> 45
[01:36:16] [Worker-Main-7/DEBUG]: RES [-4, 8] 41 -> 45
[01:36:16] [Worker-Main-7/DEBUG]: RES [5, -11] 44 -> 45
[01:36:16] [Worker-Main-7/DEBUG]: RES [-7, 4] 40 -> 45
[01:36:16] [Worker-Main-7/DEBUG]: RES [-1, -6] 39 -> 45
[01:36:16] [Worker-Main-7/DEBUG]: RES [3, 11] 44 -> 45
[01:36:16] [Worker-Main-7/DEBUG]: RES [6, -3] 39 -> 45
[01:36:16] [Worker-Main-7/DEBUG]: RES [10, 0] 43 -> 45
[01:36:16] [Worker-Main-7/DEBUG]: RES [4, 10] 43 -> 45
[01:36:16] [Worker-Main-5/DEBUG]: RES [0, 0] 45 -> 45
[01:36:16] [Worker-Main-5/DEBUG]: RES [6, -10] 45 -> 45
[01:36:16] [Worker-Main-5/DEBUG]: RES [-8, 9] 45 -> 45
[01:36:16] [Worker-Main-5/DEBUG]: RES [2, 6] 45 -> 45
[01:36:16] [Worker-Main-5/DEBUG]: RES [10, 11] 45 -> 45
[01:36:16] [Worker-Main-5/DEBUG]: RES [11, 4] 45 -> 45
[01:36:16] [Worker-Main-5/DEBUG]: RES [-9, 3] 45 -> 45
[01:36:16] [Worker-Main-5/DEBUG]: RES [8, -6] 45 -> 45
[01:36:16] [Worker-Main-5/DEBUG]: RES [-5, 11] 45 -> 45
[01:36:16] [Worker-Main-5/DEBUG]: RES [-11, -9] 45 -> 45
[01:36:16] [Worker-Main-5/DEBUG]: RES [-8, 0] 45 -> 45
[01:36:16] [Worker-Main-7/DEBUG]: RES [-6, 3] 39 -> 45
[01:36:16] [Worker-Main-5/DEBUG]: RES [-10, -7] 45 -> 45
[01:36:16] [Worker-Main-5/DEBUG]: RES [5, 8] 45 -> 45
[01:36:16] [Worker-Main-5/DEBUG]: RES [7, 2] 45 -> 45
[01:36:16] [Worker-Main-5/DEBUG]: RES [1, -9] 45 -> 45
[01:36:16] [Worker-Main-5/DEBUG]: RES [-7, 0] 45 -> 45
[01:36:16] [Worker-Main-5/DEBUG]: RES [-6, -9] 45 -> 45
[01:36:16] [Worker-Main-5/DEBUG]: RES [0, 1] 45 -> 45
[01:36:16] [Worker-Main-5/DEBUG]: RES [7, -5] 45 -> 45
[01:36:16] [Worker-Main-5/DEBUG]: RES [3, -2] 45 -> 45
[01:36:16] [Worker-Main-5/DEBUG]: RES [3, 5] 45 -> 45
[01:36:16] [Worker-Main-5/DEBUG]: RES [1, 3] 45 -> 45
[01:36:16] [Worker-Main-5/DEBUG]: RES [1, -8] 45 -> 45
[01:36:16] [Worker-Main-5/DEBUG]: RES [-6, -5] 45 -> 45
[01:36:16] [Worker-Main-5/DEBUG]: RES [8, -8] 45 -> 45
[01:36:16] [Worker-Main-5/DEBUG]: RES [1, 6] 45 -> 45
[01:36:16] [Worker-Main-5/DEBUG]: RES [6, 9] 45 -> 45
[01:36:16] [Worker-Main-5/DEBUG]: RES [1, -2] 45 -> 45
[01:36:16] [Worker-Main-5/DEBUG]: RES [-2, 5] 45 -> 45
[01:36:16] [Worker-Main-5/DEBUG]: RES [-10, 9] 45 -> 45
[01:36:16] [Worker-Main-5/DEBUG]: RES [9, -6] 45 -> 45
[01:36:16] [Worker-Main-5/DEBUG]: RES [-3, -5] 45 -> 45
[01:36:16] [Worker-Main-5/DEBUG]: RES [-8, -5] 45 -> 45
[01:36:16] [Worker-Main-5/DEBUG]: RES [-11, -2] 45 -> 45
[01:36:16] [Worker-Main-5/DEBUG]: RES [8, -1] 45 -> 45
[01:36:16] [Worker-Main-5/DEBUG]: RES [5, 4] 45 -> 45
[01:36:16] [Worker-Main-5/DEBUG]: RES [9, 9] 45 -> 45
[01:36:16] [Worker-Main-5/DEBUG]: RES [-10, -5] 45 -> 45
[01:36:16] [Worker-Main-5/DEBUG]: RES [-7, 9] 45 -> 45
[01:36:16] [Worker-Main-5/DEBUG]: RES [-9, -11] 45 -> 45
[01:36:16] [Worker-Main-5/DEBUG]: RES [3, 7] 45 -> 45
[01:36:16] [Worker-Main-5/DEBUG]: RES [1, -6] 45 -> 45
[01:36:16] [Worker-Main-5/DEBUG]: RES [-5, -1] 45 -> 45
[01:36:16] [Worker-Main-5/DEBUG]: RES [2, 10] 45 -> 45
[01:36:16] [Worker-Main-5/DEBUG]: RES [1, 8] 45 -> 45
[01:36:16] [Worker-Main-7/DEBUG]: RES [-3, -4] 37 -> 45
[01:36:16] [Worker-Main-7/DEBUG]: RES [-9, 10] 43 -> 45
[01:36:16] [Worker-Main-7/DEBUG]: RES [0, 11] 44 -> 45
[01:36:16] [Worker-Main-7/DEBUG]: RES [-5, -2] 38 -> 45
[01:36:16] [Worker-Main-7/DEBUG]: RES [-5, -4] 38 -> 45
[01:36:16] [Worker-Main-7/DEBUG]: RES [6, 6] 39 -> 45
[01:36:16] [Worker-Main-7/DEBUG]: RES [-11, 10] 44 -> 45
[01:36:16] [Worker-Main-7/DEBUG]: RES [9, -3] 42 -> 45
[01:36:16] [Worker-Main-7/DEBUG]: RES [-5, 0] 38 -> 45
[01:36:16] [Worker-Main-7/DEBUG]: RES [3, 10] 43 -> 45
[01:36:16] [Worker-Main-7/DEBUG]: RES [0, -8] 41 -> 45
[01:36:16] [Worker-Main-7/DEBUG]: RES [-3, 5] 38 -> 45
[01:36:16] [Worker-Main-7/DEBUG]: RES [-6, 5] 39 -> 45
[01:36:16] [Worker-Main-7/DEBUG]: RES [2, 5] 38 -> 45
[01:36:16] [Worker-Main-7/DEBUG]: RES [-6, 11] 44 -> 45
[01:36:16] [Worker-Main-7/DEBUG]: RES [3, 1] 36 -> 45
[01:36:16] [Worker-Main-7/DEBUG]: RES [11, -4] 44 -> 45
[01:36:16] [Worker-Main-7/DEBUG]: RES [5, -10] 43 -> 45
[01:36:16] [Worker-Main-7/DEBUG]: RES [-7, 10] 43 -> 45
[01:36:16] [Worker-Main-7/DEBUG]: RES [7, -4] 40 -> 45
[01:36:16] [Worker-Main-7/DEBUG]: RES [3, -4] 37 -> 45
[01:36:16] [Worker-Main-7/DEBUG]: RES [6, -11] 44 -> 45
[01:36:16] [Worker-Main-7/DEBUG]: RES [-1, -9] 42 -> 45
[01:36:16] [Worker-Main-7/DEBUG]: RES [-3, 2] 36 -> 45
[01:36:16] [Worker-Main-7/DEBUG]: RES [4, 9] 42 -> 45
[01:36:16] [Worker-Main-7/DEBUG]: RES [-1, -8] 41 -> 45
[01:36:16] [Worker-Main-7/DEBUG]: RES [-6, 0] 39 -> 45
[01:36:16] [Worker-Main-7/DEBUG]: RES [1, 1] 34 -> 45
[01:36:16] [Worker-Main-7/DEBUG]: RES [-11, 1] 44 -> 45
[01:36:16] [Worker-Main-7/DEBUG]: RES [-6, 1] 39 -> 45
[01:36:16] [Worker-Main-7/DEBUG]: RES [-10, 11] 44 -> 45
[01:36:16] [Worker-Main-5/DEBUG]: RES [11, 11] 45 -> 45
[01:36:16] [Worker-Main-5/DEBUG]: RES [-4, -11] 45 -> 45
[01:36:16] [Worker-Main-5/DEBUG]: RES [-11, 11] 45 -> 45
[01:36:16] [Worker-Main-5/DEBUG]: RES [-3, 0] 45 -> 45
[01:36:16] [Worker-Main-5/DEBUG]: RES [-7, 2] 45 -> 45
[01:36:16] [Worker-Main-5/DEBUG]: RES [-4, 5] 45 -> 45
[01:36:16] [Worker-Main-5/DEBUG]: RES [1, 10] 45 -> 45
[01:36:16] [Worker-Main-5/DEBUG]: RES [-5, -5] 45 -> 45
[01:36:16] [Worker-Main-5/DEBUG]: RES [4, -9] 45 -> 45
[01:36:16] [Worker-Main-5/DEBUG]: RES [7, -3] 45 -> 45
[01:36:16] [Worker-Main-5/DEBUG]: RES [-9, 4] 45 -> 45
[01:36:16] [Worker-Main-5/DEBUG]: RES [6, 1] 45 -> 45
[01:36:16] [Worker-Main-5/DEBUG]: RES [-6, -10] 45 -> 45
[01:36:16] [Worker-Main-5/DEBUG]: RES [-10, 5] 45 -> 45
[01:36:16] [Worker-Main-5/DEBUG]: RES [4, 7] 45 -> 45
[01:36:16] [Worker-Main-5/DEBUG]: RES [-1, -7] 45 -> 45
[01:36:16] [Worker-Main-5/DEBUG]: RES [11, 5] 45 -> 45
[01:36:16] [Worker-Main-5/DEBUG]: RES [7, 9] 45 -> 45
[01:36:16] [Worker-Main-5/DEBUG]: RES [4, 1] 45 -> 45
[01:36:16] [Worker-Main-5/DEBUG]: RES [-9, 7] 45 -> 45
[01:36:16] [Worker-Main-5/DEBUG]: RES [7, 1] 45 -> 45
[01:36:16] [Worker-Main-5/DEBUG]: RES [-9, -5] 45 -> 45
[01:36:16] [Worker-Main-5/DEBUG]: RES [-8, -8] 45 -> 45
[01:36:16] [Worker-Main-5/DEBUG]: RES [-4, -8] 45 -> 45
[01:36:16] [Worker-Main-5/DEBUG]: RES [-11, -8] 45 -> 45
[01:36:16] [Worker-Main-5/DEBUG]: RES [5, 5] 45 -> 45
[01:36:16] [Worker-Main-5/DEBUG]: RES [-7, -6] 45 -> 45
[01:36:16] [Worker-Main-5/DEBUG]: RES [-7, 7] 45 -> 45
[01:36:16] [Worker-Main-5/DEBUG]: RES [-2, -8] 45 -> 45
[01:36:16] [Worker-Main-5/DEBUG]: RES [11, -6] 45 -> 45
[01:36:16] [Worker-Main-5/DEBUG]: RES [4, 8] 45 -> 45
[01:36:16] [Worker-Main-5/DEBUG]: RES [-9, -1] 45 -> 45
[01:36:16] [Worker-Main-5/DEBUG]: RES [11, 7] 45 -> 45
[01:36:16] [Worker-Main-5/DEBUG]: RES [-10, -1] 45 -> 45
[01:36:16] [Worker-Main-5/DEBUG]: RES [10, 7] 45 -> 45
[01:36:16] [Worker-Main-5/DEBUG]: RES [-5, 7] 45 -> 45
[01:36:16] [Worker-Main-5/DEBUG]: RES [-2, -7] 45 -> 45
[01:36:16] [Worker-Main-5/DEBUG]: RES [-11, 4] 45 -> 45
[01:36:16] [Worker-Main-5/DEBUG]: RES [-7, -3] 45 -> 45
[01:36:16] [Worker-Main-5/DEBUG]: RES [2, -11] 45 -> 45
[01:36:16] [Worker-Main-5/DEBUG]: RES [8, 0] 45 -> 45
[01:36:16] [Worker-Main-5/DEBUG]: RES [-8, -9] 45 -> 45
[01:36:16] [Worker-Main-5/DEBUG]: RES [6, -6] 45 -> 45
[01:36:16] [Worker-Main-5/DEBUG]: RES [-11, -10] 45 -> 45
[01:36:16] [Worker-Main-5/DEBUG]: RES [-9, -2] 45 -> 45
[01:36:16] [Worker-Main-5/DEBUG]: RES [-3, 1] 45 -> 45
[01:36:16] [Worker-Main-5/DEBUG]: RES [11, 9] 45 -> 45
[01:36:16] [Worker-Main-5/DEBUG]: RES [1, 9] 45 -> 45
[01:36:16] [Worker-Main-5/DEBUG]: RES [10, -7] 45 -> 45
[01:36:16] [Worker-Main-5/DEBUG]: RES [-10, 1] 45 -> 45
[01:36:16] [Worker-Main-5/DEBUG]: RES [-2, -10] 45 -> 45
[01:36:16] [Worker-Main-5/DEBUG]: RES [-2, 6] 45 -> 45
[01:36:16] [Worker-Main-5/DEBUG]: RES [-3, 3] 45 -> 45
[01:36:16] [Worker-Main-5/DEBUG]: RES [8, 9] 45 -> 45
[01:36:16] [Worker-Main-5/DEBUG]: RES [-5, 8] 45 -> 45
[01:36:16] [Worker-Main-5/DEBUG]: RES [0, -7] 45 -> 45
[01:36:16] [Worker-Main-5/DEBUG]: RES [9, 11] 45 -> 45
[01:36:16] [Worker-Main-5/DEBUG]: RES [-11, -4] 45 -> 45
[01:36:16] [Worker-Main-5/DEBUG]: RES [4, -5] 45 -> 45
[01:36:16] [Worker-Main-5/DEBUG]: RES [-6, 7] 45 -> 45
[01:36:16] [Worker-Main-5/DEBUG]: RES [2, -10] 45 -> 45
[01:36:16] [Worker-Main-5/DEBUG]: RES [8, -11] 45 -> 45
[01:36:16] [Worker-Main-5/DEBUG]: RES [5, -4] 45 -> 45
[01:36:16] [Worker-Main-7/DEBUG]: RES [8, 2] 41 -> 45
[01:36:16] [Worker-Main-5/DEBUG]: RES [1, 2] 45 -> 45
[01:36:16] [Worker-Main-7/DEBUG]: RES [-11, 9] 44 -> 45
[01:36:16] [Worker-Main-7/DEBUG]: RES [-5, -11] 44 -> 45
[01:36:16] [Worker-Main-7/DEBUG]: RES [-1, 8] 41 -> 45
[01:36:16] [Worker-Main-7/DEBUG]: RES [-8, -7] 41 -> 45
[01:36:16] [Worker-Main-7/DEBUG]: RES [4, 2] 37 -> 45
[01:36:16] [Worker-Main-7/DEBUG]: RES [-6, -11] 44 -> 45
[01:36:16] [Worker-Main-7/DEBUG]: RES [-11, 3] 44 -> 45
[01:36:16] [Worker-Main-7/DEBUG]: RES [-8, -11] 44 -> 45
[01:36:16] [Worker-Main-7/DEBUG]: RES [10, 5] 43 -> 45
[01:36:16] [Worker-Main-7/DEBUG]: RES [2, -8] 41 -> 45
[01:36:16] [Worker-Main-7/DEBUG]: RES [-6, 4] 39 -> 45
[01:36:16] [Worker-Main-7/DEBUG]: RES [-2, 2] 35 -> 45
[01:36:16] [Worker-Main-7/DEBUG]: RES [3, -9] 42 -> 45
[01:36:16] [Worker-Main-7/DEBUG]: RES [-5, 3] 38 -> 45
[01:36:16] [Worker-Main-7/DEBUG]: RES [-10, -4] 43 -> 45
[01:36:16] [Worker-Main-7/DEBUG]: RES [5, -8] 41 -> 45
[01:36:16] [Worker-Main-7/DEBUG]: RES [3, -6] 39 -> 45
[01:36:16] [Worker-Main-7/DEBUG]: RES [6, 2] 39 -> 45
[01:36:16] [Worker-Main-7/DEBUG]: RES [-3, -6] 39 -> 45
[01:36:16] [Worker-Main-7/DEBUG]: RES [-2, -2] 35 -> 45
[01:36:16] [Worker-Main-7/DEBUG]: RES [-11, -7] 44 -> 45
[01:36:16] [Worker-Main-7/DEBUG]: RES [10, -2] 43 -> 45
[01:36:16] [Worker-Main-7/DEBUG]: RES [-4, 2] 37 -> 45
[01:36:16] [Worker-Main-7/DEBUG]: RES [-4, -6] 39 -> 45
[01:36:16] [Worker-Main-7/DEBUG]: RES [-3, -9] 42 -> 45
[01:36:16] [Worker-Main-7/DEBUG]: RES [10, -3] 43 -> 45
[01:36:16] [Worker-Main-7/DEBUG]: RES [-1, 1] 34 -> 45
[01:36:16] [Worker-Main-7/DEBUG]: RES [0, 9] 42 -> 45
[01:36:16] [Worker-Main-7/DEBUG]: RES [-3, 10] 43 -> 45
[01:36:16] [Worker-Main-7/DEBUG]: RES [3, -8] 41 -> 45
[01:36:16] [Worker-Main-7/DEBUG]: RES [-8, 6] 41 -> 45
[01:36:16] [Worker-Main-7/DEBUG]: RES [-10, 6] 43 -> 45
[01:36:16] [Worker-Main-7/DEBUG]: RES [-4, 10] 43 -> 45
[01:36:16] [Worker-Main-7/DEBUG]: RES [-3, -7] 40 -> 45
[01:36:16] [Worker-Main-7/DEBUG]: RES [-5, -3] 38 -> 45
[01:36:16] [Worker-Main-7/DEBUG]: RES [-7, 5] 40 -> 45
[01:36:16] [Worker-Main-7/DEBUG]: RES [10, 3] 43 -> 45
[01:36:16] [Worker-Main-7/DEBUG]: RES [1, -5] 38 -> 45
[01:36:16] [Worker-Main-7/DEBUG]: RES [0, 4] 37 -> 45
[01:36:16] [Worker-Main-7/DEBUG]: RES [-8, 7] 41 -> 45
[01:36:16] [Worker-Main-7/DEBUG]: RES [-6, -4] 39 -> 45
[01:36:16] [Worker-Main-7/DEBUG]: RES [9, -4] 42 -> 45
[01:36:16] [Worker-Main-7/DEBUG]: RES [5, 10] 43 -> 45
[01:36:16] [Worker-Main-7/DEBUG]: RES [-11, -5] 44 -> 45
[01:36:16] [Worker-Main-7/DEBUG]: RES [-4, -9] 42 -> 45
[01:36:16] [Worker-Main-7/DEBUG]: RES [3, 6] 39 -> 45
[01:36:16] [Worker-Main-7/DEBUG]: RES [4, 5] 38 -> 45
[01:36:16] [Worker-Main-7/DEBUG]: RES [-4, 11] 44 -> 45
[01:36:16] [Worker-Main-7/DEBUG]: RES [-11, 8] 44 -> 45
[01:36:16] [Worker-Main-7/DEBUG]: RES [6, -2] 39 -> 45
[01:36:16] [Worker-Main-7/DEBUG]: RES [2, 9] 42 -> 45
[01:36:16] [Worker-Main-7/DEBUG]: RES [-11, -1] 44 -> 45
[01:36:16] [Worker-Main-7/DEBUG]: RES [-9, 6] 42 -> 45
[01:36:16] [Worker-Main-7/DEBUG]: RES [-2, 0] 35 -> 45
[01:36:16] [Worker-Main-7/DEBUG]: RES [9, 4] 42 -> 45
[01:36:16] [Worker-Main-7/DEBUG]: RES [-6, -2] 39 -> 45
[01:36:16] [Worker-Main-7/DEBUG]: RES [-10, 0] 43 -> 45
[01:36:16] [Worker-Main-7/DEBUG]: RES [11, 8] 44 -> 45
[01:36:16] [Worker-Main-7/DEBUG]: RES [7, -10] 43 -> 45
[01:36:16] [Worker-Main-7/DEBUG]: RES [9, -8] 42 -> 45
[01:36:16] [Worker-Main-7/DEBUG]: RES [-5, 6] 39 -> 45
[01:36:16] [Worker-Main-7/DEBUG]: RES [7, -2] 40 -> 45
[01:36:16] [Worker-Main-7/DEBUG]: RES [4, -8] 41 -> 45
[01:36:16] [Worker-Main-7/DEBUG]: RES [10, -8] 43 -> 45
[01:36:16] [Worker-Main-7/DEBUG]: RES [9, -11] 44 -> 45
[01:36:16] [Worker-Main-7/DEBUG]: RES [-9, -10] 43 -> 45
[01:36:16] [Worker-Main-7/DEBUG]: RES [-5, 9] 42 -> 45
[01:36:16] [Worker-Main-7/DEBUG]: RES [4, -7] 40 -> 45
[01:36:16] [Worker-Main-7/DEBUG]: RES [-1, 3] 36 -> 45
[01:36:16] [Worker-Main-7/DEBUG]: RES [1, -1] 34 -> 45
[01:36:16] [Worker-Main-7/DEBUG]: RES [-2, -6] 39 -> 45
[01:36:16] [Worker-Main-7/DEBUG]: RES [2, 11] 44 -> 45
[01:36:16] [Worker-Main-7/DEBUG]: RES [-6, -8] 41 -> 45
[01:36:16] [Worker-Main-7/DEBUG]: RES [-10, 10] 43 -> 45
[01:36:16] [Worker-Main-7/DEBUG]: RES [8, 8] 41 -> 45
[01:36:16] [Worker-Main-7/DEBUG]: RES [8, -5] 41 -> 45
[01:36:16] [Worker-Main-7/DEBUG]: RES [10, -5] 43 -> 45
[01:36:16] [Worker-Main-7/DEBUG]: RES [5, 0] 38 -> 45
[01:36:16] [Worker-Main-7/DEBUG]: RES [11, 0] 44 -> 45
[01:36:16] [Worker-Main-7/DEBUG]: RES [-3, -11] 44 -> 45
[01:36:16] [Worker-Main-7/DEBUG]: RES [11, -5] 44 -> 45
[01:36:16] [Worker-Main-7/DEBUG]: RES [4, -11] 44 -> 45
[01:36:16] [Worker-Main-7/DEBUG]: RES [-1, -4] 37 -> 45
[01:36:16] [Worker-Main-7/DEBUG]: RES [11, 2] 44 -> 45
[01:36:16] [Worker-Main-7/DEBUG]: RES [1, 7] 40 -> 45
[01:36:16] [Worker-Main-7/DEBUG]: RES [0, -4] 37 -> 45
[01:36:16] [Worker-Main-7/DEBUG]: RES [3, 2] 36 -> 45
[01:36:16] [Worker-Main-7/DEBUG]: RES [10, -9] 43 -> 45
[01:36:16] [Worker-Main-7/DEBUG]: RES [-10, -9] 43 -> 45
[01:36:16] [Worker-Main-7/DEBUG]: RES [0, 3] 36 -> 45
[01:36:16] [Worker-Main-7/DEBUG]: RES [-2, -5] 38 -> 45
[01:36:16] [Worker-Main-7/DEBUG]: RES [8, 5] 41 -> 45
[01:36:16] [Worker-Main-7/DEBUG]: RES [-7, 1] 40 -> 45
[01:36:16] [Worker-Main-7/DEBUG]: SUB [0, 0] 0 light SLEEPING true light_queue 46...
[01:36:16] [Worker-Main-7/DEBUG]: SUB [10, -1] 0 light SLEEPING true light_queue 0...
[01:36:16] [Worker-Main-7/DEBUG]: SUB [-10, 0] 0 light SLEEPING true light_queue 0...
[01:36:16] [Worker-Main-7/DEBUG]: SUB [11, -7] 0 light SLEEPING true light_queue 0...
[01:36:16] [Worker-Main-7/DEBUG]: SUB [-11, 6] 0 light SLEEPING true light_queue 0...
[01:36:16] [Worker-Main-7/DEBUG]: SUB [-8, 8] 0 light SLEEPING true light_queue 0...
[01:36:16] [Worker-Main-7/DEBUG]: SUB [8, -9] 0 light SLEEPING true light_queue 0...
[01:36:16] [Worker-Main-7/DEBUG]: SUB [9, 4] 0 light SLEEPING true light_queue 0...
[01:36:16] [Worker-Main-7/DEBUG]: SUB [-9, -5] 0 light SLEEPING true light_queue 0...
[01:36:16] [Worker-Main-7/DEBUG]: SUB [7, -11] 0 light SLEEPING true light_queue 0...
[01:36:16] [Worker-Main-7/DEBUG]: SUB [-7, 10] 0 light SLEEPING true light_queue 0...
[01:36:16] [Worker-Main-7/DEBUG]: SUB [-9, 11] 0 light SLEEPING true light_queue 0...
[01:36:16] [Worker-Main-7/DEBUG]: SUB [11, -2] 0 light SLEEPING true light_queue 0...
[01:36:16] [Worker-Main-7/DEBUG]: SUB [3, -11] 0 light SLEEPING true light_queue 0...
[01:36:16] [Worker-Main-7/DEBUG]: SUB [-11, 1] 0 light SLEEPING true light_queue 0...
[01:36:16] [Worker-Main-7/DEBUG]: SUB [-3, 10] 0 light SLEEPING true light_queue 0...
[01:36:16] [Worker-Main-7/DEBUG]: SUB [-1, -6] 0 light SLEEPING true light_queue 0...
[01:36:16] [Worker-Main-7/DEBUG]: SUB [1, 5] 0 light SLEEPING true light_queue 0...
[01:36:16] [Worker-Main-7/DEBUG]: SUB [-5, -7] 0 light SLEEPING true light_queue 0...
[01:36:16] [Worker-Main-7/DEBUG]: SUB [5, 6] 0 light SLEEPING true light_queue 0...
[01:36:16] [Worker-Main-5/DEBUG]: RES [-6, 6] 45 -> 45
[01:36:16] [Worker-Main-5/DEBUG]: RES [-10, -8] 45 -> 45
[01:36:16] [Worker-Main-5/DEBUG]: RES [5, 3] 45 -> 45
[01:36:16] [Worker-Main-5/DEBUG]: RES [4, 4] 45 -> 45
[01:36:16] [Worker-Main-5/DEBUG]: RES [-2, 10] 45 -> 45
[01:36:16] [Worker-Main-5/DEBUG]: RES [-3, 6] 45 -> 45
[01:36:16] [Worker-Main-5/DEBUG]: RES [-7, 11] 45 -> 45
[01:36:16] [Worker-Main-5/DEBUG]: RES [11, -10] 45 -> 45
[01:36:16] [Worker-Main-5/DEBUG]: RES [5, 7] 45 -> 45
[01:36:16] [Worker-Main-5/DEBUG]: RES [-7, -2] 45 -> 45
[01:36:16] [Worker-Main-5/DEBUG]: RES [5, -1] 45 -> 45
[01:36:16] [Worker-Main-5/DEBUG]: RES [2, 2] 45 -> 45
[01:36:16] [Worker-Main-5/DEBUG]: RES [5, 11] 45 -> 45
[01:36:16] [Worker-Main-5/DEBUG]: RES [-3, 4] 45 -> 45
[01:36:16] [Worker-Main-5/DEBUG]: RES [0, -5] 45 -> 45
[01:36:16] [Worker-Main-5/DEBUG]: RES [1, -3] 45 -> 45
[01:36:16] [Worker-Main-5/DEBUG]: RES [2, -2] 45 -> 45
[01:36:16] [Worker-Main-5/DEBUG]: RES [-1, 11] 45 -> 45
[01:36:16] [Worker-Main-5/DEBUG]: RES [10, 1] 45 -> 45
[01:36:16] [Worker-Main-5/DEBUG]: RES [-10, -2] 45 -> 45
[01:36:16] [Worker-Main-5/DEBUG]: RES [-1, 9] 45 -> 45
[01:36:16] [Worker-Main-5/DEBUG]: RES [2, -4] 45 -> 45
[01:36:16] [Worker-Main-5/DEBUG]: RES [-9, 1] 45 -> 45
[01:36:16] [Worker-Main-5/DEBUG]: RES [-1, 5] 45 -> 45
[01:36:16] [Worker-Main-5/DEBUG]: RES [2, -1] 45 -> 45
[01:36:16] [Worker-Main-5/DEBUG]: RES [-6, 2] 45 -> 45
[01:36:16] [Worker-Main-5/DEBUG]: RES [2, 4] 45 -> 45
[01:36:16] [Worker-Main-5/DEBUG]: RES [2, -3] 45 -> 45
[01:36:16] [Worker-Main-5/DEBUG]: RES [8, 10] 45 -> 45
[01:36:16] [Worker-Main-5/DEBUG]: RES [10, -1] 45 -> 45
[01:36:16] [Worker-Main-5/DEBUG]: RES [3, -11] 45 -> 45
[01:36:16] [Worker-Main-5/DEBUG]: RES [-11, 2] 45 -> 45
[01:36:16] [Worker-Main-5/DEBUG]: RES [-3, -3] 45 -> 45
[01:36:16] [Worker-Main-5/DEBUG]: RES [3, 4] 45 -> 45
[01:36:16] [Worker-Main-5/DEBUG]: RES [3, -7] 45 -> 45
[01:36:16] [Worker-Main-5/DEBUG]: RES [4, -3] 45 -> 45
[01:36:16] [Worker-Main-5/DEBUG]: RES [8, 11] 45 -> 45
[01:36:16] [Worker-Main-5/DEBUG]: RES [-9, 5] 45 -> 45
[01:36:16] [Worker-Main-5/DEBUG]: RES [5, -6] 45 -> 45
[01:36:16] [Worker-Main-5/DEBUG]: RES [11, -8] 45 -> 45
[01:36:16] [Worker-Main-5/DEBUG]: RES [-11, -11] 45 -> 45
[01:36:16] [Worker-Main-5/DEBUG]: RES [4, 6] 45 -> 45
[01:36:16] [Worker-Main-5/DEBUG]: RES [-6, -3] 45 -> 45
[01:36:16] [Worker-Main-5/DEBUG]: RES [-8, 3] 45 -> 45
[01:36:16] [Worker-Main-5/DEBUG]: RES [-1, 0] 45 -> 45
[01:36:16] [Worker-Main-5/DEBUG]: RES [3, 3] 45 -> 45
[01:36:16] [Worker-Main-5/DEBUG]: RES [6, -7] 45 -> 45
[01:36:16] [Worker-Main-5/DEBUG]: RES [5, 6] 45 -> 45
[01:36:16] [Worker-Main-5/DEBUG]: RES [-1, 4] 45 -> 45
[01:36:16] [Worker-Main-5/DEBUG]: RES [4, -4] 45 -> 45
[01:36:16] [Worker-Main-5/DEBUG]: RES [-1, -2] 45 -> 45
[01:36:16] [Worker-Main-5/DEBUG]: RES [5, 2] 45 -> 45
[01:36:16] [Worker-Main-5/DEBUG]: RES [-6, -1] 45 -> 45
[01:36:16] [Worker-Main-5/DEBUG]: RES [8, -10] 45 -> 45
[01:36:16] [Worker-Main-5/DEBUG]: RES [9, -1] 45 -> 45
[01:36:16] [Worker-Main-5/DEBUG]: RES [-6, -7] 45 -> 45
[01:36:16] [Worker-Main-5/DEBUG]: RES [-3, 8] 45 -> 45
[01:36:16] [Worker-Main-5/DEBUG]: RES [-5, -9] 45 -> 45
[01:36:16] [Worker-Main-5/DEBUG]: RES [-1, 10] 45 -> 45
[01:36:16] [Worker-Main-5/DEBUG]: RES [-7, -4] 45 -> 45
[01:36:16] [Worker-Main-5/DEBUG]: RES [-11, -6] 45 -> 45
[01:36:16] [Worker-Main-5/DEBUG]: RES [-10, 7] 45 -> 45
[01:36:16] [Worker-Main-5/DEBUG]: RES [4, 11] 45 -> 45
[01:36:16] [Worker-Main-5/DEBUG]: RES [2, -6] 45 -> 45
[01:36:16] [Worker-Main-5/DEBUG]: RES [-6, 10] 45 -> 45
[01:36:16] [Worker-Main-5/DEBUG]: RES [-8, -10] 45 -> 45
[01:36:16] [Worker-Main-5/DEBUG]: RES [-9, 9] 45 -> 45
[01:36:16] [Worker-Main-5/DEBUG]: RES [7, 4] 45 -> 45
[01:36:16] [Worker-Main-5/DEBUG]: RES [8, 4] 45 -> 45
[01:36:16] [Worker-Main-5/DEBUG]: RES [-4, -1] 45 -> 45
[01:36:16] [Worker-Main-5/DEBUG]: RES [1, 5] 45 -> 45
[01:36:16] [Worker-Main-5/DEBUG]: RES [-6, 8] 45 -> 45
[01:36:16] [Worker-Main-5/DEBUG]: RES [-11, 7] 45 -> 45
[01:36:16] [Worker-Main-5/DEBUG]: RES [-3, -2] 45 -> 45
[01:36:16] [Worker-Main-5/DEBUG]: RES [5, -7] 45 -> 45
[01:36:16] [Worker-Main-5/DEBUG]: RES [-8, 1] 45 -> 45
[01:36:16] [Worker-Main-5/DEBUG]: RES [-9, -9] 45 -> 45
[01:36:16] [Worker-Main-5/DEBUG]: RES [4, -10] 45 -> 45
[01:36:16] [Worker-Main-5/DEBUG]: RES [-1, -10] 45 -> 45
[01:36:16] [Worker-Main-5/DEBUG]: RES [-4, 7] 45 -> 45
[01:36:16] [Worker-Main-5/DEBUG]: RES [-5, -10] 45 -> 45
[01:36:16] [Worker-Main-5/DEBUG]: RES [9, 6] 45 -> 45
[01:36:16] [Worker-Main-5/DEBUG]: RES [-3, -8] 45 -> 45
[01:36:16] [Worker-Main-5/DEBUG]: RES [-5, -7] 45 -> 45
[01:36:16] [Worker-Main-5/DEBUG]: RES [2, -5] 45 -> 45
[01:36:16] [Worker-Main-5/DEBUG]: RES [-4, -5] 45 -> 45
[01:36:16] [Worker-Main-5/DEBUG]: RES [-7, -1] 45 -> 45
[01:36:16] [Worker-Main-5/DEBUG]: RES [2, 0] 45 -> 45
[01:36:16] [Worker-Main-5/DEBUG]: RES [6, -8] 45 -> 45
[01:36:16] [Worker-Main-5/DEBUG]: RES [-4, 3] 45 -> 45
[01:36:16] [Worker-Main-7/DEBUG]: SUB [-1, 4] 0 light SLEEPING true light_queue 0...
[01:36:16] [Worker-Main-5/DEBUG]: RES [-5, 5] 45 -> 45
[01:36:16] [Worker-Main-5/DEBUG]: RES [-8, 8] 45 -> 45
[01:36:16] [Worker-Main-5/DEBUG]: RES [-2, -11] 45 -> 45
[01:36:16] [Worker-Main-5/DEBUG]: RES [7, -7] 45 -> 45
[01:36:16] [Worker-Main-5/DEBUG]: RES [6, -5] 45 -> 45
[01:36:16] [Worker-Main-5/DEBUG]: RES [8, -4] 45 -> 45
[01:36:16] [Worker-Main-5/DEBUG]: RES [-4, 8] 45 -> 45
[01:36:16] [Worker-Main-5/DEBUG]: RES [5, -11] 45 -> 45
[01:36:16] [Worker-Main-5/DEBUG]: RES [-7, 4] 45 -> 45
[01:36:16] [Worker-Main-5/DEBUG]: RES [-1, -6] 45 -> 45
[01:36:16] [Worker-Main-5/DEBUG]: RES [3, 11] 45 -> 45
[01:36:16] [Worker-Main-5/DEBUG]: RES [6, -3] 45 -> 45
[01:36:16] [Worker-Main-5/DEBUG]: RES [10, 0] 45 -> 45
[01:36:16] [Worker-Main-5/DEBUG]: RES [4, 10] 45 -> 45
[01:36:16] [Worker-Main-5/DEBUG]: RES [-6, 3] 45 -> 45
[01:36:16] [Worker-Main-5/DEBUG]: RES [-3, -4] 45 -> 45
[01:36:16] [Worker-Main-5/DEBUG]: RES [-9, 10] 45 -> 45
[01:36:16] [Worker-Main-5/DEBUG]: RES [0, 11] 45 -> 45
[01:36:16] [Worker-Main-5/DEBUG]: RES [-5, -2] 45 -> 45
[01:36:16] [Worker-Main-5/DEBUG]: RES [-5, -4] 45 -> 45
[01:36:16] [Worker-Main-5/DEBUG]: RES [6, 6] 45 -> 45
[01:36:16] [Worker-Main-5/DEBUG]: RES [-11, 10] 45 -> 45
[01:36:16] [Worker-Main-5/DEBUG]: RES [9, -3] 45 -> 45
[01:36:16] [Worker-Main-5/DEBUG]: RES [-5, 0] 45 -> 45
[01:36:16] [Worker-Main-5/DEBUG]: RES [3, 10] 45 -> 45
[01:36:16] [Worker-Main-7/DEBUG]: SUB [1, -5] 0 light SLEEPING true light_queue 0...
[01:36:16] [Worker-Main-5/DEBUG]: RES [0, -8] 45 -> 45
[01:36:16] [Worker-Main-5/DEBUG]: RES [-3, 5] 45 -> 45
[01:36:16] [Worker-Main-5/DEBUG]: RES [-6, 5] 45 -> 45
[01:36:16] [Worker-Main-5/DEBUG]: RES [2, 5] 45 -> 45
[01:36:16] [Worker-Main-5/DEBUG]: RES [-6, 11] 45 -> 45
[01:36:16] [Worker-Main-5/DEBUG]: RES [3, 1] 45 -> 45
[01:36:16] [Worker-Main-7/DEBUG]: SUB [7, -6] 0 light SLEEPING true light_queue 0...
[01:36:16] [Worker-Main-7/DEBUG]: SUB [-7, 5] 0 light SLEEPING true light_queue 0...
[01:36:16] [Worker-Main-7/DEBUG]: SUB [9, 7] 0 light SLEEPING true light_queue 0...
[01:36:16] [Worker-Main-7/DEBUG]: SUB [-9, -8] 0 light SLEEPING true light_queue 0...
[01:36:16] [Worker-Main-7/DEBUG]: SUB [0, -6] 0 light SLEEPING true light_queue 0...
[01:36:16] [Worker-Main-7/DEBUG]: SUB [0, 6] 0 light SLEEPING true light_queue 0...
[01:36:16] [Worker-Main-7/DEBUG]: SUB [6, -11] 0 light SLEEPING true light_queue 0...
[01:36:16] [Worker-Main-7/DEBUG]: SUB [-2, -11] 0 light SLEEPING true light_queue 0...
[01:36:16] [Worker-Main-7/DEBUG]: SUB [-10, 6] 0 light SLEEPING true light_queue 0...
[01:36:16] [Worker-Main-7/DEBUG]: SUB [10, -7] 0 light SLEEPING true light_queue 0...
[01:36:16] [Worker-Main-7/DEBUG]: SUB [-3, -5] 0 light SLEEPING true light_queue 0...
[01:36:16] [Worker-Main-7/DEBUG]: SUB [3, 4] 0 light SLEEPING true light_queue 0...
[01:36:16] [Worker-Main-7/DEBUG]: SUB [4, 1] 0 light SLEEPING true light_queue 0...
[01:36:16] [Worker-Main-7/DEBUG]: SUB [2, 10] 0 light SLEEPING true light_queue 0...
[01:36:16] [Worker-Main-7/DEBUG]: SUB [-3, 0] 0 light SLEEPING true light_queue 0...
[01:36:16] [Worker-Main-7/DEBUG]: SUB [3, -1] 0 light SLEEPING true light_queue 0...
[01:36:16] [Worker-Main-7/DEBUG]: SUB [-6, 10] 0 light SLEEPING true light_queue 0...
[01:36:16] [Worker-Main-7/DEBUG]: SUB [-3, 5] 0 light SLEEPING true light_queue 0...
[01:36:16] [Worker-Main-7/DEBUG]: SUB [3, -6] 0 light SLEEPING true light_queue 0...
[01:36:16] [Worker-Main-7/DEBUG]: SUB [-4, -2] 0 light SLEEPING true light_queue 0...
[01:36:16] [Worker-Main-7/DEBUG]: SUB [4, 11] 0 light SLEEPING true light_queue 0...
[01:36:16] [Worker-Main-7/DEBUG]: SUB [11, 11] 0 light SLEEPING true light_queue 0...
[01:36:16] [Worker-Main-7/DEBUG]: SUB [8, -11] 0 light SLEEPING true light_queue 0...
[01:36:16] [Worker-Main-7/DEBUG]: SUB [-8, 10] 0 light SLEEPING true light_queue 0...
[01:36:16] [Worker-Main-7/DEBUG]: SUB [0, -7] 0 light SLEEPING true light_queue 0...
[01:36:16] [Worker-Main-7/DEBUG]: SUB [-2, 9] 0 light SLEEPING true light_queue 0...
[01:36:16] [Worker-Main-7/DEBUG]: SUB [0, 7] 0 light SLEEPING true light_queue 0...
[01:36:16] [Worker-Main-7/DEBUG]: SUB [2, -10] 0 light SLEEPING true light_queue 0...
[01:36:16] [Worker-Main-7/DEBUG]: SUB [6, -6] 0 light SLEEPING true light_queue 0...
[01:36:16] [Worker-Main-7/DEBUG]: SUB [5, 0] 0 light SLEEPING true light_queue 0...
[01:36:16] [Worker-Main-7/DEBUG]: SUB [-5, -1] 0 light SLEEPING true light_queue 0...
[01:36:16] [Worker-Main-7/DEBUG]: SUB [1, 11] 0 light SLEEPING true light_queue 0...
[01:36:16] [Worker-Main-7/DEBUG]: SUB [-6, 5] 0 light SLEEPING true light_queue 0...
[01:36:16] [Worker-Main-7/DEBUG]: SUB [3, 10] 0 light SLEEPING true light_queue 0...
[01:36:16] [Worker-Main-7/DEBUG]: SUB [-3, -11] 0 light SLEEPING true light_queue 0...
[01:36:16] [Worker-Main-7/DEBUG]: SUB [11, 6] 0 light SLEEPING true light_queue 0...
[01:36:16] [Worker-Main-7/DEBUG]: SUB [-11, -7] 0 light SLEEPING true light_queue 0...
[01:36:16] [Worker-Main-7/DEBUG]: SUB [-6, 0] 0 light SLEEPING true light_queue 0...
[01:36:16] [Worker-Main-7/DEBUG]: SUB [6, -1] 0 light SLEEPING true light_queue 0...
[01:36:16] [Worker-Main-7/DEBUG]: SUB [10, -8] 0 light SLEEPING true light_queue 0...
[01:36:16] [Worker-Main-7/DEBUG]: SUB [-10, 7] 0 light SLEEPING true light_queue 0...
[01:36:16] [Worker-Main-7/DEBUG]: SUB [3, 5] 0 light SLEEPING true light_queue 0...
[01:36:16] [Worker-Main-7/DEBUG]: SUB [-4, 4] 0 light SLEEPING true light_queue 0...
[01:36:16] [Worker-Main-7/DEBUG]: SUB [-3, -6] 0 light SLEEPING true light_queue 0...
[01:36:16] [Worker-Main-7/DEBUG]: SUB [5, -6] 0 light SLEEPING true light_queue 0...
[01:36:16] [Worker-Main-7/DEBUG]: SUB [-5, 5] 0 light SLEEPING true light_queue 0...
[01:36:16] [Worker-Main-5/DEBUG]: RES [11, -4] 45 -> 45
[01:36:16] [Worker-Main-5/DEBUG]: RES [5, -10] 45 -> 45
[01:36:16] [Worker-Main-5/DEBUG]: RES [-7, 10] 45 -> 45
[01:36:16] [Worker-Main-5/DEBUG]: RES [7, -4] 45 -> 45
[01:36:16] [Worker-Main-5/DEBUG]: RES [3, -4] 45 -> 45
[01:36:16] [Worker-Main-5/DEBUG]: RES [6, -11] 45 -> 45
[01:36:16] [Worker-Main-5/DEBUG]: RES [-1, -9] 45 -> 45
[01:36:16] [Worker-Main-5/DEBUG]: RES [-3, 2] 45 -> 45
[01:36:16] [Worker-Main-5/DEBUG]: RES [4, 9] 45 -> 45
[01:36:16] [Worker-Main-5/DEBUG]: RES [-1, -8] 45 -> 45
[01:36:16] [Worker-Main-5/DEBUG]: RES [-6, 0] 45 -> 45
[01:36:16] [Worker-Main-5/DEBUG]: RES [1, 1] 45 -> 45
[01:36:16] [Worker-Main-5/DEBUG]: RES [-11, 1] 45 -> 45
[01:36:16] [Worker-Main-5/DEBUG]: RES [-6, 1] 45 -> 45
[01:36:16] [Worker-Main-5/DEBUG]: RES [-10, 11] 45 -> 45
[01:36:16] [Worker-Main-5/DEBUG]: RES [8, 2] 45 -> 45
[01:36:16] [Worker-Main-5/DEBUG]: RES [-11, 9] 45 -> 45
[01:36:16] [Worker-Main-5/DEBUG]: RES [-5, -11] 45 -> 45
[01:36:16] [Worker-Main-5/DEBUG]: RES [-1, 8] 45 -> 45
[01:36:16] [Worker-Main-5/DEBUG]: RES [-8, -7] 45 -> 45
[01:36:16] [Worker-Main-5/DEBUG]: RES [4, 2] 45 -> 45
[01:36:16] [Worker-Main-5/DEBUG]: RES [-6, -11] 45 -> 45
[01:36:16] [Worker-Main-5/DEBUG]: RES [-11, 3] 45 -> 45
[01:36:16] [Worker-Main-5/DEBUG]: RES [-8, -11] 45 -> 45
[01:36:16] [Worker-Main-5/DEBUG]: RES [10, 5] 45 -> 45
[01:36:16] [Worker-Main-5/DEBUG]: RES [2, -8] 45 -> 45
[01:36:16] [Worker-Main-5/DEBUG]: RES [-6, 4] 45 -> 45
[01:36:16] [Worker-Main-5/DEBUG]: RES [-2, 2] 45 -> 45
[01:36:16] [Worker-Main-5/DEBUG]: RES [3, -9] 45 -> 45
[01:36:16] [Worker-Main-5/DEBUG]: RES [-5, 3] 45 -> 45
[01:36:16] [Worker-Main-5/DEBUG]: RES [-10, -4] 45 -> 45
[01:36:16] [Worker-Main-5/DEBUG]: RES [5, -8] 45 -> 45
[01:36:16] [Worker-Main-5/DEBUG]: RES [3, -6] 45 -> 45
[01:36:16] [Worker-Main-5/DEBUG]: RES [6, 2] 45 -> 45
[01:36:16] [Worker-Main-5/DEBUG]: RES [-3, -6] 45 -> 45
[01:36:16] [Worker-Main-5/DEBUG]: RES [-2, -2] 45 -> 45
[01:36:16] [Worker-Main-5/DEBUG]: RES [-11, -7] 45 -> 45
[01:36:16] [Worker-Main-5/DEBUG]: RES [10, -2] 45 -> 45
[01:36:16] [Worker-Main-5/DEBUG]: RES [-4, 2] 45 -> 45
[01:36:16] [Worker-Main-5/DEBUG]: RES [-4, -6] 45 -> 45
[01:36:16] [Worker-Main-5/DEBUG]: RES [-3, -9] 45 -> 45
[01:36:16] [Worker-Main-5/DEBUG]: RES [10, -3] 45 -> 45
[01:36:16] [Worker-Main-5/DEBUG]: RES [-1, 1] 45 -> 45
[01:36:16] [Worker-Main-5/DEBUG]: RES [0, 9] 45 -> 45
[01:36:16] [Worker-Main-5/DEBUG]: RES [-3, 10] 45 -> 45
[01:36:16] [Worker-Main-5/DEBUG]: RES [3, -8] 45 -> 45
[01:36:16] [Worker-Main-5/DEBUG]: RES [-8, 6] 45 -> 45
[01:36:16] [Worker-Main-5/DEBUG]: RES [-10, 6] 45 -> 45
[01:36:16] [Worker-Main-5/DEBUG]: RES [-4, 10] 45 -> 45
[01:36:16] [Worker-Main-5/DEBUG]: RES [-3, -7] 45 -> 45
[01:36:16] [Worker-Main-5/DEBUG]: RES [-5, -3] 45 -> 45
[01:36:16] [Worker-Main-5/DEBUG]: RES [-7, 5] 45 -> 45
[01:36:16] [Worker-Main-7/DEBUG]: SUB [8, 3] 0 light SLEEPING true light_queue 0...
[01:36:16] [Worker-Main-7/DEBUG]: SUB [4, -5] 0 light SLEEPING true light_queue 0...
[01:36:16] [Worker-Main-7/DEBUG]: SUB [11, 5] 0 light SLEEPING true light_queue 0...
[01:36:16] [Worker-Main-7/DEBUG]: SUB [-4, -6] 0 light SLEEPING true light_queue 0...
[01:36:16] [Worker-Main-7/DEBUG]: SUB [-8, -4] 0 light SLEEPING true light_queue 0...
[01:36:16] [Worker-Main-7/DEBUG]: SUB [-11, -6] 0 light SLEEPING true light_queue 0...
[01:36:16] [Worker-Main-7/DEBUG]: SUB [-6, -9] 0 light SLEEPING true light_queue 0...
[01:36:16] [Worker-Main-7/DEBUG]: SUB [0, -1] 0 light SLEEPING true light_queue 0...
[01:36:16] [Worker-Main-7/DEBUG]: SUB [4, 5] 0 light SLEEPING true light_queue 0...
[01:36:16] [Worker-Main-7/DEBUG]: SUB [6, 8] 0 light SLEEPING true light_queue 0...
[01:36:16] [Worker-Main-7/DEBUG]: SUB [0, 1] 0 light SLEEPING true light_queue 0...
[01:36:16] [Worker-Main-7/DEBUG]: SUB [8, 2] 0 light SLEEPING true light_queue 0...
[01:36:16] [Worker-Main-7/DEBUG]: SUB [5, -1] 0 light SLEEPING true light_queue 0...
[01:36:16] [Worker-Main-7/DEBUG]: SUB [-5, 0] 0 light SLEEPING true light_queue 0...
[01:36:16] [Worker-Main-7/DEBUG]: SUB [-6, 1] 0 light SLEEPING true light_queue 0...
[01:36:16] [Worker-Main-7/DEBUG]: SUB [6, -2] 0 light SLEEPING true light_queue 0...
[01:36:16] [Worker-Main-7/DEBUG]: SUB [-7, -5] 0 light SLEEPING true light_queue 0...
[01:36:16] [Worker-Main-7/DEBUG]: SUB [7, 4] 0 light SLEEPING true light_queue 0...
[01:36:16] [Worker-Main-7/DEBUG]: SUB [-8, -3] 0 light SLEEPING true light_queue 0...
[01:36:16] [Worker-Main-7/DEBUG]: SUB [-6, 11] 0 light SLEEPING true light_queue 0...
[01:36:16] [Worker-Main-7/DEBUG]: SUB [9, 8] 0 light SLEEPING true light_queue 0...
[01:36:16] [Worker-Main-7/DEBUG]: SUB [-9, -9] 0 light SLEEPING true light_queue 0...
[01:36:16] [Worker-Main-7/DEBUG]: SUB [4, 0] 0 light SLEEPING true light_queue 0...
[01:36:16] [Worker-Main-7/DEBUG]: SUB [-4, -1] 0 light SLEEPING true light_queue 0...
[01:36:16] [Worker-Main-7/DEBUG]: SUB [-2, -4] 0 light SLEEPING true light_queue 0...
[01:36:16] [Worker-Main-7/DEBUG]: SUB [2, 3] 0 light SLEEPING true light_queue 0...
[01:36:16] [Worker-Main-7/DEBUG]: SUB [-7, 4] 0 light SLEEPING true light_queue 0...
[01:36:16] [Worker-Main-7/DEBUG]: SUB [7, -5] 0 light SLEEPING true light_queue 0...
[01:36:16] [Worker-Main-7/DEBUG]: SUB [-1, 8] 0 light SLEEPING true light_queue 0...
[01:36:16] [Worker-Main-7/DEBUG]: SUB [1, -9] 0 light SLEEPING true light_queue 0...
[01:36:16] [Worker-Main-5/DEBUG]: RES [10, 3] 45 -> 45
[01:36:16] [Worker-Main-7/DEBUG]: SUB [-9, 6] 0 light SLEEPING true light_queue 0...
[01:36:16] [Worker-Main-7/DEBUG]: SUB [9, -7] 0 light SLEEPING true light_queue 0...
[01:36:16] [Worker-Main-7/DEBUG]: SUB [1, -4] 0 light SLEEPING true light_queue 0...
[01:36:16] [Worker-Main-7/DEBUG]: SUB [-1, 3] 0 light SLEEPING true light_queue 0...
[01:36:16] [Worker-Main-7/DEBUG]: SUB [9, 3] 0 light SLEEPING true light_queue 0...
[01:36:16] [Worker-Main-7/DEBUG]: SUB [-9, -4] 0 light SLEEPING true light_queue 0...
[01:36:16] [Worker-Main-7/DEBUG]: SUB [5, 7] 0 light SLEEPING true light_queue 0...
[01:36:16] [Worker-Main-7/DEBUG]: SUB [-5, -8] 0 light SLEEPING true light_queue 0...
[01:36:16] [Worker-Main-7/DEBUG]: SUB [10, 0] 0 light SLEEPING true light_queue 0...
[01:36:16] [Worker-Main-7/DEBUG]: SUB [-10, -1] 0 light SLEEPING true light_queue 0...
[01:36:16] [Worker-Main-7/DEBUG]: SUB [5, -8] 0 light SLEEPING true light_queue 0...
[01:36:16] [Worker-Main-7/DEBUG]: SUB [-5, 7] 0 light SLEEPING true light_queue 0...
[01:36:16] [Worker-Main-7/DEBUG]: SUB [8, 9] 0 light SLEEPING true light_queue 0...
[01:36:16] [Worker-Main-7/DEBUG]: SUB [9, -2] 0 light SLEEPING true light_queue 0...
[01:36:16] [Worker-Main-7/DEBUG]: SUB [-9, 1] 0 light SLEEPING true light_queue 0...
[01:36:16] [Worker-Main-7/DEBUG]: SUB [-8, -10] 0 light SLEEPING true light_queue 0...
[01:36:16] [Worker-Main-7/DEBUG]: SUB [-11, 0] 0 light SLEEPING true light_queue 0...
[01:36:16] [Worker-Main-7/DEBUG]: SUB [11, -1] 0 light SLEEPING true light_queue 0...
[01:36:16] [Worker-Main-7/DEBUG]: SUB [8, -4] 0 light SLEEPING true light_queue 0...
[01:36:16] [Worker-Main-7/DEBUG]: SUB [6, 4] 0 light SLEEPING true light_queue 0...
[01:36:16] [Worker-Main-7/DEBUG]: SUB [-6, -5] 0 light SLEEPING true light_queue 0...
[01:36:16] [Worker-Main-7/DEBUG]: SUB [-7, -11] 0 light SLEEPING true light_queue 0...
[01:36:16] [Worker-Main-7/DEBUG]: SUB [7, 10] 0 light SLEEPING true light_queue 0...
[01:36:16] [Worker-Main-7/DEBUG]: SUB [1, 1] 0 light SLEEPING true light_queue 0...
[01:36:16] [Worker-Main-7/DEBUG]: SUB [3, -5] 0 light SLEEPING true light_queue 0...
[01:36:16] [Worker-Main-7/DEBUG]: SUB [-8, 3] 0 light SLEEPING true light_queue 0...
[01:36:16] [Worker-Main-7/DEBUG]: SUB [-1, -2] 0 light SLEEPING true light_queue 0...
[01:36:16] [Worker-Main-7/DEBUG]: SUB [-3, 4] 0 light SLEEPING true light_queue 0...
[01:36:16] [Worker-Main-7/DEBUG]: SUB [-3, 11] 0 light SLEEPING true light_queue 0...
[01:36:16] [Worker-Main-7/DEBUG]: SUB [-1, -11] 0 light SLEEPING true light_queue 0...
[01:36:16] [Worker-Main-7/DEBUG]: SUB [-4, -11] 0 light SLEEPING true light_queue 0...
[01:36:16] [Worker-Main-7/DEBUG]: SUB [4, 10] 0 light SLEEPING true light_queue 0...
[01:36:16] [Worker-Main-7/DEBUG]: SUB [10, 5] 0 light SLEEPING true light_queue 0...
[01:36:16] [Worker-Main-7/DEBUG]: SUB [10, 4] 0 light SLEEPING true light_queue 0...
[01:36:16] [Worker-Main-7/DEBUG]: SUB [1, 10] 0 light SLEEPING true light_queue 0...
[01:36:16] [Worker-Main-7/DEBUG]: SUB [1, -10] 0 light SLEEPING true light_queue 0...
[01:36:16] [Worker-Main-7/DEBUG]: SUB [-1, -10] 0 light SLEEPING true light_queue 0...
[01:36:16] [Worker-Main-7/DEBUG]: SUB [6, -5] 0 light SLEEPING true light_queue 0...
[01:36:16] [Worker-Main-7/DEBUG]: SUB [-5, -2] 0 light SLEEPING true light_queue 0...
[01:36:16] [Worker-Main-7/DEBUG]: SUB [4, -7] 0 light SLEEPING true light_queue 0...
[01:36:16] [Worker-Main-7/DEBUG]: SUB [-2, 2] 0 light SLEEPING true light_queue 0...
[01:36:16] [Worker-Main-7/DEBUG]: SUB [2, -3] 0 light SLEEPING true light_queue 0...
[01:36:16] [Worker-Main-7/DEBUG]: SUB [-10, -6] 0 light SLEEPING true light_queue 0...
[01:36:16] [Worker-Main-7/DEBUG]: SUB [8, 5] 0 light SLEEPING true light_queue 0...
[01:36:16] [Worker-Main-7/DEBUG]: SUB [-10, -5] 0 light SLEEPING true light_queue 0...
[01:36:16] [Worker-Main-7/DEBUG]: SUB [-4, 6] 0 light SLEEPING true light_queue 0...
[01:36:16] [Worker-Main-7/DEBUG]: SUB [0, 8] 0 light SLEEPING true light_queue 0...
[01:36:16] [Worker-Main-7/DEBUG]: SUB [1, 9] 0 light SLEEPING true light_queue 0...
[01:36:16] [Worker-Main-7/DEBUG]: SUB [9, -1] 0 light SLEEPING true light_queue 0...
[01:36:16] [Worker-Main-7/DEBUG]: SUB [-9, 0] 0 light SLEEPING true light_queue 0...
[01:36:16] [Worker-Main-7/DEBUG]: SUB [-7, -9] 0 light SLEEPING true light_queue 0...
[01:36:16] [Worker-Main-7/DEBUG]: SUB [7, 8] 0 light SLEEPING true light_queue 0...
[01:36:16] [Worker-Main-7/DEBUG]: SUB [-1, 9] 0 light SLEEPING true light_queue 0...
[01:36:16] [Worker-Main-7/DEBUG]: SUB [5, 1] 0 light SLEEPING true light_queue 0...
[01:36:16] [Worker-Main-7/DEBUG]: SUB [-6, 4] 0 light SLEEPING true light_queue 0...
[01:36:16] [Worker-Main-7/DEBUG]: SUB [0, -8] 0 light SLEEPING true light_queue 0...
[01:36:16] [Worker-Main-7/DEBUG]: SUB [-8, -6] 0 light SLEEPING true light_queue 0...
[01:36:16] [Worker-Main-7/DEBUG]: SUB [11, -11] 0 light SLEEPING true light_queue 0...
[01:36:16] [Worker-Main-5/DEBUG]: RES [1, -5] 45 -> 45
[01:36:16] [Worker-Main-7/DEBUG]: SUB [-11, 10] 0 light SLEEPING true light_queue 0...
[01:36:16] [Worker-Main-7/DEBUG]: SUB [-3, 6] 0 light SLEEPING true light_queue 0...
[01:36:16] [Worker-Main-7/DEBUG]: SUB [-2, 3] 0 light SLEEPING true light_queue 0...
[01:36:16] [Worker-Main-7/DEBUG]: SUB [2, -4] 0 light SLEEPING true light_queue 0...
[01:36:16] [Worker-Main-7/DEBUG]: SUB [3, -7] 0 light SLEEPING true light_queue 0...
[01:36:16] [Worker-Main-7/DEBUG]: SUB [6, 10] 0 light SLEEPING true light_queue 0...
[01:36:16] [Worker-Main-7/DEBUG]: SUB [-8, 9] 0 light SLEEPING true light_queue 0...
[01:36:16] [Worker-Main-7/DEBUG]: SUB [8, -5] 0 light SLEEPING true light_queue 0...
[01:36:16] [Worker-Main-7/DEBUG]: SUB [-6, -11] 0 light SLEEPING true light_queue 0...
[01:36:16] [Worker-Main-7/DEBUG]: SUB [2, -9] 0 light SLEEPING true light_queue 0...
[01:36:16] [Worker-Main-7/DEBUG]: SUB [-2, 8] 0 light SLEEPING true light_queue 0...
[01:36:16] [Worker-Main-7/DEBUG]: SUB [-10, 11] 0 light SLEEPING true light_queue 0...
[01:36:16] [Worker-Main-7/DEBUG]: SUB [5, 11] 0 light SLEEPING true light_queue 0...
[01:36:16] [Worker-Main-7/DEBUG]: SUB [-8, 4] 0 light SLEEPING true light_queue 0...
[01:36:16] [Worker-Main-7/DEBUG]: SUB [8, -10] 0 light SLEEPING true light_queue 0...
[01:36:16] [Worker-Main-7/DEBUG]: SUB [-8, -11] 0 light SLEEPING true light_queue 0...
[01:36:16] [Worker-Main-7/DEBUG]: SUB [8, 10] 0 light SLEEPING true light_queue 0...
[01:36:16] [Worker-Main-7/DEBUG]: SUB [0, 2] 0 light SLEEPING true light_queue 0...
[01:36:16] [Worker-Main-7/DEBUG]: SUB [0, -2] 0 light SLEEPING true light_queue 0...
[01:36:16] [Worker-Main-7/DEBUG]: SUB [10, -2] 0 light SLEEPING true light_queue 0...
[01:36:16] [Worker-Main-7/DEBUG]: SUB [-10, 1] 0 light SLEEPING true light_queue 0...
[01:36:16] [Worker-Main-7/DEBUG]: SUB [-6, 2] 0 light SLEEPING true light_queue 0...
[01:36:16] [Worker-Main-7/DEBUG]: SUB [6, -3] 0 light SLEEPING true light_queue 0...
[01:36:16] [Worker-Main-7/DEBUG]: SUB [1, 3] 0 light SLEEPING true light_queue 0...
[01:36:16] [Worker-Main-7/DEBUG]: SUB [-1, -4] 0 light SLEEPING true light_queue 0...
[01:36:16] [Worker-Main-7/DEBUG]: SUB [-9, -6] 0 light SLEEPING true light_queue 0...
[01:36:16] [Worker-Main-7/DEBUG]: SUB [9, 5] 0 light SLEEPING true light_queue 0...
[01:36:16] [Worker-Main-7/DEBUG]: SUB [-7, -4] 0 light SLEEPING true light_queue 0...
[01:36:16] [Worker-Main-7/DEBUG]: SUB [7, 3] 0 light SLEEPING true light_queue 0...
[01:36:16] [Worker-Main-7/DEBUG]: SUB [6, 2] 0 light SLEEPING true light_queue 0...
[01:36:16] [Worker-Main-7/DEBUG]: SUB [-6, -3] 0 light SLEEPING true light_queue 0...
[01:36:16] [Worker-Main-7/DEBUG]: SUB [-5, -6] 0 light SLEEPING true light_queue 0...
[01:36:16] [Worker-Main-7/DEBUG]: SUB [5, 5] 0 light SLEEPING true light_queue 0...
[01:36:16] [Worker-Main-7/DEBUG]: SUB [-5, -11] 0 light SLEEPING true light_queue 0...
[01:36:16] [Worker-Main-7/DEBUG]: SUB [5, 10] 0 light SLEEPING true light_queue 0...
[01:36:16] [Worker-Main-7/DEBUG]: SUB [9, 6] 0 light SLEEPING true light_queue 0...
[01:36:16] [Worker-Main-7/DEBUG]: SUB [-9, -7] 0 light SLEEPING true light_queue 0...
[01:36:16] [Worker-Main-7/DEBUG]: SUB [-10, 5] 0 light SLEEPING true light_queue 0...
[01:36:16] [Worker-Main-5/DEBUG]: RES [0, 4] 45 -> 45
[01:36:16] [Worker-Main-7/DEBUG]: SUB [10, -6] 0 light SLEEPING true light_queue 0...
[01:36:16] [Worker-Main-7/DEBUG]: SUB [5, -5] 0 light SLEEPING true light_queue 0...
[01:36:16] [Worker-Main-5/DEBUG]: RES [-8, 7] 45 -> 45
[01:36:16] [Worker-Main-7/DEBUG]: SUB [8, 0] 0 light SLEEPING true light_queue 0...
[01:36:16] [Worker-Main-5/DEBUG]: RES [-6, -4] 45 -> 45
[01:36:16] [Worker-Main-7/DEBUG]: SUB [-5, 4] 0 light SLEEPING true light_queue 0...
[01:36:16] [Worker-Main-5/DEBUG]: RES [9, -4] 45 -> 45
[01:36:16] [Worker-Main-5/DEBUG]: RES [5, 10] 45 -> 45
[01:36:16] [Worker-Main-7/DEBUG]: SUB [-5, 8] 0 light SLEEPING true light_queue 0...
[01:36:16] [Worker-Main-5/DEBUG]: RES [-11, -5] 45 -> 45
[01:36:16] [Worker-Main-7/DEBUG]: SUB [5, -9] 0 light SLEEPING true light_queue 0...
[01:36:16] [Worker-Main-7/DEBUG]: SUB [-4, -7] 0 light SLEEPING true light_queue 0...
[01:36:16] [Worker-Main-7/DEBUG]: SUB [-8, -1] 0 light SLEEPING true light_queue 0...
[01:36:16] [Worker-Main-7/DEBUG]: SUB [-2, -2] 0 light SLEEPING true light_queue 0...
[01:36:16] [Worker-Main-7/DEBUG]: SUB [4, 6] 0 light SLEEPING true light_queue 0...
[01:36:16] [Worker-Main-7/DEBUG]: SUB [2, 1] 0 light SLEEPING true light_queue 0...
[01:36:16] [Worker-Main-7/DEBUG]: SUB [-7, 3] 0 light SLEEPING true light_queue 0...
[01:36:16] [Worker-Main-7/DEBUG]: SUB [7, -4] 0 light SLEEPING true light_queue 0...
[01:36:16] [Worker-Main-7/DEBUG]: SUB [1, -3] 0 light SLEEPING true light_queue 0...
[01:36:16] [Worker-Main-7/DEBUG]: SUB [-1, 2] 0 light SLEEPING true light_queue 0...
[01:36:16] [Worker-Main-7/DEBUG]: SUB [6, 3] 0 light SLEEPING true light_queue 0...
[01:36:16] [Worker-Main-7/DEBUG]: SUB [-6, -4] 0 light SLEEPING true light_queue 0...
[01:36:16] [Worker-Main-7/DEBUG]: SUB [7, 9] 0 light SLEEPING true light_queue 0...
[01:36:16] [Worker-Main-7/DEBUG]: SUB [-7, -10] 0 light SLEEPING true light_queue 0...
[01:36:16] [Worker-Main-7/DEBUG]: SUB [-1, -3] 0 light SLEEPING true light_queue 0...
[01:36:16] [Worker-Main-7/DEBUG]: SUB [1, 2] 0 light SLEEPING true light_queue 0...
[01:36:16] [Worker-Main-7/DEBUG]: SUB [2, -8] 0 light SLEEPING true light_queue 0...
[01:36:16] [Worker-Main-7/DEBUG]: SUB [-2, 7] 0 light SLEEPING true light_queue 0...
[01:36:16] [Worker-Main-7/DEBUG]: SUB [-3, -1] 0 light SLEEPING true light_queue 0...
[01:36:16] [Worker-Main-7/DEBUG]: SUB [3, 0] 0 light SLEEPING true light_queue 0...
[01:36:16] [Worker-Main-7/DEBUG]: SUB [9, -8] 0 light SLEEPING true light_queue 0...
[01:36:16] [Worker-Main-7/DEBUG]: SUB [-9, 7] 0 light SLEEPING true light_queue 0...
[01:36:16] [Worker-Main-7/DEBUG]: SUB [11, 10] 0 light SLEEPING true light_queue 0...
[01:36:16] [Worker-Main-7/DEBUG]: SUB [-11, -11] 0 light SLEEPING true light_queue 0...
[01:36:16] [Worker-Main-7/DEBUG]: SUB [11, 0] 0 light SLEEPING true light_queue 0...
[01:36:16] [Worker-Main-7/DEBUG]: SUB [-11, -1] 0 light SLEEPING true light_queue 0...
[01:36:16] [Worker-Main-5/DEBUG]: RES [-4, -9] 45 -> 45
[01:36:16] [Worker-Main-5/DEBUG]: RES [3, 6] 45 -> 45
[01:36:16] [Worker-Main-5/DEBUG]: RES [4, 5] 45 -> 45
[01:36:16] [Worker-Main-5/DEBUG]: RES [-4, 11] 45 -> 45
[01:36:16] [Worker-Main-5/DEBUG]: RES [-11, 8] 45 -> 45
[01:36:16] [Worker-Main-7/DEBUG]: SUB [-2, 4] 0 light SLEEPING true light_queue 0...
[01:36:16] [Worker-Main-5/DEBUG]: RES [6, -2] 45 -> 45
[01:36:16] [Worker-Main-5/DEBUG]: RES [2, 9] 45 -> 45
[01:36:16] [Worker-Main-7/DEBUG]: SUB [2, -5] 0 light SLEEPING true light_queue 0...
[01:36:16] [Worker-Main-5/DEBUG]: RES [-11, -1] 45 -> 45
[01:36:16] [Worker-Main-7/DEBUG]: SUB [8, -6] 0 light SLEEPING true light_queue 0...
[01:36:16] [Worker-Main-5/DEBUG]: RES [-9, 6] 45 -> 45
[01:36:16] [Worker-Main-7/DEBUG]: SUB [2, 11] 0 light SLEEPING true light_queue 0...
[01:36:16] [Worker-Main-5/DEBUG]: RES [-2, 0] 45 -> 45
[01:36:16] [Worker-Main-7/DEBUG]: SUB [-8, 5] 0 light SLEEPING true light_queue 0...
[01:36:16] [Worker-Main-5/DEBUG]: RES [9, 4] 45 -> 45
[01:36:16] [Worker-Main-7/DEBUG]: SUB [7, -10] 0 light SLEEPING true light_queue 0...
[01:36:16] [Worker-Main-5/DEBUG]: RES [-6, -2] 45 -> 45
[01:36:16] [Worker-Main-7/DEBUG]: SUB [-7, 9] 0 light SLEEPING true light_queue 0...
[01:36:16] [Worker-Main-5/DEBUG]: RES [-10, 0] 45 -> 45
[01:36:16] [Worker-Main-7/DEBUG]: SUB [4, -1] 0 light SLEEPING true light_queue 0...
[01:36:16] [Worker-Main-5/DEBUG]: RES [11, 8] 45 -> 45
[01:36:16] [Worker-Main-7/DEBUG]: SUB [6, 9] 0 light SLEEPING true light_queue 0...
[01:36:16] [Worker-Main-5/DEBUG]: RES [7, -10] 45 -> 45
[01:36:16] [Worker-Main-7/DEBUG]: SUB [-6, -10] 0 light SLEEPING true light_queue 0...
[01:36:16] [Worker-Main-5/DEBUG]: RES [9, -8] 45 -> 45
[01:36:16] [Worker-Main-7/DEBUG]: SUB [-4, 0] 0 light SLEEPING true light_queue 0...
[01:36:16] [Worker-Main-7/DEBUG]: SUB [1, 4] 0 light SLEEPING true light_queue 0...
[01:36:16] [Worker-Main-7/DEBUG]: SUB [-1, -5] 0 light SLEEPING true light_queue 0...
[01:36:16] [Worker-Main-7/DEBUG]: SUB [3, 6] 0 light SLEEPING true light_queue 0...
[01:36:16] [Worker-Main-7/DEBUG]: SUB [-3, -7] 0 light SLEEPING true light_queue 0...
[01:36:16] [Worker-Main-7/DEBUG]: SUB [6, -10] 0 light SLEEPING true light_queue 0...
[01:36:16] [Worker-Main-7/DEBUG]: SUB [2, 2] 0 light SLEEPING true light_queue 0...
[01:36:16] [Worker-Main-7/DEBUG]: SUB [-2, -3] 0 light SLEEPING true light_queue 0...
[01:36:16] [Worker-Main-7/DEBUG]: SUB [-6, 9] 0 light SLEEPING true light_queue 0...
[01:36:16] [Worker-Main-7/DEBUG]: SUB [8, 1] 0 light SLEEPING true light_queue 0...
[01:36:16] [Worker-Main-7/DEBUG]: SUB [-11, -5] 0 light SLEEPING true light_queue 0...
[01:36:16] [Worker-Main-7/DEBUG]: SUB [11, 4] 0 light SLEEPING true light_queue 0...
[01:36:16] [Worker-Main-5/DEBUG]: RES [-5, 6] 45 -> 45
[01:36:16] [Worker-Main-7/DEBUG]: SUB [-8, -2] 0 light SLEEPING true light_queue 0...
[01:36:16] [Worker-Main-7/DEBUG]: SUB [-9, 5] 0 light SLEEPING true light_queue 0...
[01:36:16] [Worker-Main-5/DEBUG]: RES [7, -2] 45 -> 45
[01:36:16] [Worker-Main-5/DEBUG]: RES [4, -8] 45 -> 45
[01:36:16] [Worker-Main-5/DEBUG]: RES [10, -8] 45 -> 45
[01:36:16] [Worker-Main-5/DEBUG]: RES [9, -11] 45 -> 45
[01:36:16] [Worker-Main-5/DEBUG]: RES [-9, -10] 45 -> 45
[01:36:16] [Worker-Main-5/DEBUG]: RES [-5, 9] 45 -> 45
[01:36:16] [Worker-Main-5/DEBUG]: RES [4, -7] 45 -> 45
[01:36:16] [Worker-Main-5/DEBUG]: RES [-1, 3] 45 -> 45
[01:36:16] [Worker-Main-5/DEBUG]: RES [1, -1] 45 -> 45
[01:36:16] [Worker-Main-5/DEBUG]: RES [-2, -6] 45 -> 45
[01:36:16] [Worker-Main-5/DEBUG]: RES [2, 11] 45 -> 45
[01:36:16] [Worker-Main-5/DEBUG]: RES [-6, -8] 45 -> 45
[01:36:16] [Worker-Main-5/DEBUG]: RES [-10, 10] 45 -> 45
[01:36:16] [Worker-Main-5/DEBUG]: RES [8, 8] 45 -> 45
[01:36:16] [Worker-Main-5/DEBUG]: RES [8, -5] 45 -> 45
[01:36:16] [Worker-Main-7/DEBUG]: SUB [9, -6] 0 light SLEEPING true light_queue 0...
[01:36:16] [Worker-Main-5/DEBUG]: RES [10, -5] 45 -> 45
[01:36:16] [Worker-Main-7/DEBUG]: SUB [-8, -5] 0 light SLEEPING true light_queue 0...
[01:36:16] [Worker-Main-7/DEBUG]: SUB [11, -6] 0 light SLEEPING true light_queue 0...
[01:36:16] [Worker-Main-7/DEBUG]: SUB [-11, 5] 0 light SLEEPING true light_queue 0...
[01:36:16] [Worker-Main-7/DEBUG]: SUB [-10, -10] 0 light SLEEPING true light_queue 0...
[01:36:16] [Worker-Main-7/DEBUG]: SUB [10, 9] 0 light SLEEPING true light_queue 0...
[01:36:16] [Worker-Main-7/DEBUG]: SUB [4, -6] 0 light SLEEPING true light_queue 0...
[01:36:16] [Worker-Main-7/DEBUG]: SUB [-4, 5] 0 light SLEEPING true light_queue 0...
[01:36:16] [Worker-Main-7/DEBUG]: SUB [8, 4] 0 light SLEEPING true light_queue 0...
[01:36:16] [Worker-Main-7/DEBUG]: SUB [-5, 9] 0 light SLEEPING true light_queue 0...
[01:36:16] [Worker-Main-7/DEBUG]: SUB [5, -10] 0 light SLEEPING true light_queue 0...
[01:36:16] [Worker-Main-7/DEBUG]: SUB [-6, 8] 0 light SLEEPING true light_queue 0...
[01:36:16] [Worker-Main-7/DEBUG]: SUB [6, -9] 0 light SLEEPING true light_queue 0...
[01:36:16] [Worker-Main-7/DEBUG]: SUB [-4, 11] 0 light SLEEPING true light_queue 0...
[01:36:16] [Worker-Main-7/DEBUG]: SUB [-5, -10] 0 light SLEEPING true light_queue 0...
[01:36:16] [Worker-Main-7/DEBUG]: SUB [5, 9] 0 light SLEEPING true light_queue 0...
[01:36:16] [Worker-Main-7/DEBUG]: SUB [-3, -8] 0 light SLEEPING true light_queue 0...
[01:36:16] [Worker-Main-7/DEBUG]: SUB [3, 7] 0 light SLEEPING true light_queue 0...
[01:36:16] [Worker-Main-7/DEBUG]: SUB [10, 2] 0 light SLEEPING true light_queue 0...
[01:36:16] [Worker-Main-7/DEBUG]: SUB [-10, -3] 0 light SLEEPING true light_queue 0...
[01:36:16] [Worker-Main-7/DEBUG]: SUB [7, -3] 0 light SLEEPING true light_queue 0...
[01:36:16] [Worker-Main-7/DEBUG]: SUB [-7, 2] 0 light SLEEPING true light_queue 0...
[01:36:16] [Worker-Main-7/DEBUG]: SUB [-6, 3] 0 light SLEEPING true light_queue 0...
[01:36:16] [Worker-Main-5/DEBUG]: RES [5, 0] 45 -> 45
[01:36:16] [Worker-Main-5/DEBUG]: RES [11, 0] 45 -> 45
[01:36:16] [Worker-Main-5/DEBUG]: RES [-3, -11] 45 -> 45
[01:36:16] [Worker-Main-5/DEBUG]: RES [11, -5] 45 -> 45
[01:36:16] [Worker-Main-7/DEBUG]: SUB [6, -4] 0 light SLEEPING true light_queue 0...
[01:36:16] [Worker-Main-7/DEBUG]: SUB [-4, -8] 0 light SLEEPING true light_queue 0...
[01:36:16] [Worker-Main-5/DEBUG]: RES [4, -11] 45 -> 45
[01:36:16] [Worker-Main-5/DEBUG]: RES [-1, -4] 45 -> 45
[01:36:16] [Worker-Main-5/DEBUG]: RES [11, 2] 45 -> 45
[01:36:16] [Worker-Main-7/DEBUG]: SUB [4, 7] 0 light SLEEPING true light_queue 0...
[01:36:16] [Worker-Main-7/DEBUG]: SUB [0, -3] 0 light SLEEPING true light_queue 0...
[01:36:16] [Worker-Main-5/DEBUG]: RES [1, 7] 45 -> 45
[01:36:16] [Worker-Main-7/DEBUG]: SUB [0, 3] 0 light SLEEPING true light_queue 0...
[01:36:16] [Worker-Main-5/DEBUG]: RES [0, -4] 45 -> 45
[01:36:16] [Worker-Main-7/DEBUG]: SUB [-10, 3] 0 light SLEEPING true light_queue 0...
[01:36:16] [Worker-Main-5/DEBUG]: RES [3, 2] 45 -> 45
[01:36:16] [Worker-Main-7/DEBUG]: SUB [11, 8] 0 light SLEEPING true light_queue 0...
[01:36:16] [Worker-Main-7/DEBUG]: SUB [10, -4] 0 light SLEEPING true light_queue 0...
[01:36:16] [Worker-Main-7/DEBUG]: SUB [-11, 11] 0 light SLEEPING true light_queue 0...
[01:36:16] [Worker-Main-7/DEBUG]: SUB [-11, -9] 0 light SLEEPING true light_queue 0...
[01:36:16] [Worker-Main-7/DEBUG]: SUB [-4, 7] 0 light SLEEPING true light_queue 0...
[01:36:16] [Worker-Main-7/DEBUG]: SUB [3, -3] 0 light SLEEPING true light_queue 0...
[01:36:16] [Worker-Main-5/DEBUG]: RES [10, -9] 45 -> 45
[01:36:16] [Worker-Main-5/DEBUG]: RES [-10, -9] 45 -> 45
[01:36:16] [Worker-Main-5/DEBUG]: RES [0, 3] 45 -> 45
[01:36:16] [Worker-Main-5/DEBUG]: RES [-2, -5] 45 -> 45
[01:36:16] [Worker-Main-5/DEBUG]: RES [8, 5] 45 -> 45
[01:36:16] [Worker-Main-5/DEBUG]: RES [-7, 1] 45 -> 45
[01:36:16] [Worker-Main-7/DEBUG]: SUB [-3, 2] 0 light SLEEPING true light_queue 0...
[01:36:16] [Worker-Main-7/DEBUG]: SUB [4, -8] 0 light SLEEPING true light_queue 0...
[01:36:16] [Worker-Main-7/DEBUG]: SUB [-7, -3] 0 light SLEEPING true light_queue 0...
[01:36:16] [Worker-Main-7/DEBUG]: SUB [8, 6] 0 light SLEEPING true light_queue 0...
[01:36:16] [Worker-Main-7/DEBUG]: SUB [-8, -7] 0 light SLEEPING true light_queue 0...
[01:36:16] [Worker-Main-7/DEBUG]: SUB [-4, -9] 0 light SLEEPING true light_queue 0...
[01:36:16] [Worker-Main-7/DEBUG]: SUB [7, 2] 0 light SLEEPING true light_queue 0...
[01:36:16] [Worker-Main-7/DEBUG]: SUB [-7, 7] 0 light SLEEPING true light_queue 0...
[01:36:16] [Worker-Main-7/DEBUG]: SUB [2, 7] 0 light SLEEPING true light_queue 0...
[01:36:16] [Worker-Main-7/DEBUG]: SUB [-2, -8] 0 light SLEEPING true light_queue 0...
[01:36:16] [Worker-Main-7/DEBUG]: SUB [4, 8] 0 light SLEEPING true light_queue 0...
[01:36:16] [Worker-Main-7/DEBUG]: SUB [7, -8] 0 light SLEEPING true light_queue 0...
[01:36:16] [Worker-Main-7/DEBUG]: SUB [9, -9] 0 light SLEEPING true light_queue 0...
[01:36:16] [Worker-Main-7/DEBUG]: SUB [-9, 8] 0 light SLEEPING true light_queue 0...
[01:36:16] [Worker-Main-7/DEBUG]: SUB [5, -4] 0 light SLEEPING true light_queue 0...
[01:36:16] [Worker-Main-7/DEBUG]: SUB [-5, 3] 0 light SLEEPING true light_queue 0...
[01:36:16] [Worker-Main-7/DEBUG]: SUB [-11, 4] 0 light SLEEPING true light_queue 0...
[01:36:16] [Worker-Main-7/DEBUG]: SUB [11, -5] 0 light SLEEPING true light_queue 0...
[01:36:16] [Worker-Main-7/DEBUG]: SUB [1, 8] 0 light SLEEPING true light_queue 0...
[01:36:16] [Worker-Main-7/DEBUG]: SUB [-1, -9] 0 light SLEEPING true light_queue 0...
[01:36:16] [Worker-Main-7/DEBUG]: SUB [-7, -8] 0 light SLEEPING true light_queue 0...
[01:36:16] [Worker-Main-7/DEBUG]: SUB [7, 7] 0 light SLEEPING true light_queue 0...
[01:36:16] [Worker-Main-7/DEBUG]: SUB [1, -8] 0 light SLEEPING true light_queue 0...
[01:36:16] [Worker-Main-7/DEBUG]: SUB [-1, 7] 0 light SLEEPING true light_queue 0...
[01:36:16] [Worker-Main-7/DEBUG]: SUB [-9, -11] 0 light SLEEPING true light_queue 0...
[01:36:16] [Worker-Main-7/DEBUG]: SUB [9, 10] 0 light SLEEPING true light_queue 0...
[01:36:16] [Worker-Main-7/DEBUG]: SUB [8, 11] 0 light SLEEPING true light_queue 0...
[01:36:16] [Worker-Main-7/DEBUG]: SUB [11, 3] 0 light SLEEPING true light_queue 0...
[01:36:16] [Worker-Main-7/DEBUG]: SUB [-11, -4] 0 light SLEEPING true light_queue 0...
[01:36:16] [Worker-Main-7/DEBUG]: SUB [10, 8] 0 light SLEEPING true light_queue 0...
[01:36:16] [Worker-Main-7/DEBUG]: SUB [-2, -1] 0 light SLEEPING true light_queue 0...
[01:36:16] [Worker-Main-7/DEBUG]: SUB [2, 0] 0 light SLEEPING true light_queue 0...
[01:36:16] [Worker-Main-7/DEBUG]: SUB [-10, -9] 0 light SLEEPING true light_queue 0...
[01:36:16] [Worker-Main-7/DEBUG]: SUB [10, -11] 0 light SLEEPING true light_queue 0...
[01:36:16] [Worker-Main-7/DEBUG]: SUB [-10, 10] 0 light SLEEPING true light_queue 0...
[01:36:16] [Worker-Main-7/DEBUG]: SUB [11, -10] 0 light SLEEPING true light_queue 0...
[01:36:16] [Worker-Main-7/DEBUG]: SUB [4, -2] 0 light SLEEPING true light_queue 0...
[01:36:16] [Worker-Main-7/DEBUG]: SUB [3, 2] 0 light SLEEPING true light_queue 0...
[01:36:16] [Worker-Main-7/DEBUG]: SUB [-3, -3] 0 light SLEEPING true light_queue 0...
[01:36:16] [Worker-Main-7/DEBUG]: SUB [1, -11] 0 light SLEEPING true light_queue 0...
[01:36:16] [Worker-Main-7/DEBUG]: SUB [-11, 9] 0 light SLEEPING true light_queue 0...
[01:36:16] [Worker-Main-7/DEBUG]: SUB [-4, 1] 0 light SLEEPING true light_queue 0...
[01:36:16] [Worker-Main-7/DEBUG]: SUB [-1, 10] 0 light SLEEPING true light_queue 0...
[01:36:16] [Worker-Main-7/DEBUG]: SUB [-2, -6] 0 light SLEEPING true light_queue 0...
[01:36:16] [Worker-Main-7/DEBUG]: SUB [2, 5] 0 light SLEEPING true light_queue 0...
[01:36:16] [Worker-Main-7/DEBUG]: SUB [-9, -2] 0 light SLEEPING true light_queue 0...
[01:36:16] [Worker-Main-7/DEBUG]: SUB [9, 1] 0 light SLEEPING true light_queue 0...
[01:36:16] [Worker-Main-7/DEBUG]: SUB [6, 11] 0 light SLEEPING true light_queue 0...
[01:36:16] [Worker-Main-7/DEBUG]: SUB [0, 4] 0 light SLEEPING true light_queue 0...
[01:36:16] [Worker-Main-7/DEBUG]: SUB [5, 2] 0 light SLEEPING true light_queue 0...
[01:36:16] [Worker-Main-7/DEBUG]: SUB [-5, -3] 0 light SLEEPING true light_queue 0...
[01:36:16] [Worker-Main-7/DEBUG]: SUB [-8, 6] 0 light SLEEPING true light_queue 0...
[01:36:16] [Worker-Main-7/DEBUG]: SUB [-6, -8] 0 light SLEEPING true light_queue 0...
[01:36:16] [Worker-Main-7/DEBUG]: SUB [6, 7] 0 light SLEEPING true light_queue 0...
[01:36:16] [Worker-Main-7/DEBUG]: SUB [0, -4] 0 light SLEEPING true light_queue 0...
[01:36:16] [Worker-Main-7/DEBUG]: SUB [-7, -2] 0 light SLEEPING true light_queue 0...
[01:36:16] [Worker-Main-7/DEBUG]: SUB [-1, 1] 0 light SLEEPING true light_queue 0...
[01:36:16] [Worker-Main-7/DEBUG]: SUB [7, 1] 0 light SLEEPING true light_queue 0...
[01:36:16] [Worker-Main-7/DEBUG]: SUB [1, -2] 0 light SLEEPING true light_queue 0...
[01:36:16] [Worker-Main-7/DEBUG]: SUB [8, -7] 0 light SLEEPING true light_queue 0...
[01:36:16] [Worker-Main-7/DEBUG]: SUB [9, 11] 0 light SLEEPING true light_queue 0...
[01:36:16] [Worker-Main-7/DEBUG]: SUB [2, 6] 0 light SLEEPING true light_queue 0...
[01:36:16] [Worker-Main-7/DEBUG]: SUB [11, 9] 0 light SLEEPING true light_queue 0...
[01:36:16] [Worker-Main-7/DEBUG]: SUB [-11, -10] 0 light SLEEPING true light_queue 0...
[01:36:16] [Worker-Main-7/DEBUG]: SUB [-2, -7] 0 light SLEEPING true light_queue 0...
[01:36:16] [Worker-Main-7/DEBUG]: SUB [-1, 11] 0 light SLEEPING true light_queue 0...
[01:36:16] [Worker-Main-7/DEBUG]: SUB [-10, 4] 0 light SLEEPING true light_queue 0...
[01:36:16] [Worker-Main-7/DEBUG]: SUB [10, -5] 0 light SLEEPING true light_queue 0...
[01:36:16] [Worker-Main-7/DEBUG]: SUB [1, -7] 0 light SLEEPING true light_queue 0...
[01:36:16] [Worker-Main-7/DEBUG]: SUB [-1, 6] 0 light SLEEPING true light_queue 0...
[01:36:16] [Worker-Main-7/DEBUG]: SUB [9, 0] 0 light SLEEPING true light_queue 0...
[01:36:16] [Worker-Main-7/DEBUG]: SUB [-9, -1] 0 light SLEEPING true light_queue 0...
[01:36:16] [Worker-Main-7/DEBUG]: SUB [3, 1] 0 light SLEEPING true light_queue 0...
[01:36:16] [Worker-Main-7/DEBUG]: SUB [-3, -2] 0 light SLEEPING true light_queue 0...
[01:36:16] [Worker-Main-7/DEBUG]: SUB [-10, -4] 0 light SLEEPING true light_queue 0...
[01:36:16] [Worker-Main-7/DEBUG]: SUB [10, 3] 0 light SLEEPING true light_queue 0...
[01:36:16] [Worker-Main-7/DEBUG]: SUB [11, -4] 0 light SLEEPING true light_queue 0...
[01:36:16] [Worker-Main-7/DEBUG]: SUB [-11, 3] 0 light SLEEPING true light_queue 0...
[01:36:16] [Worker-Main-7/DEBUG]: SUB [-5, 2] 0 light SLEEPING true light_queue 0...
[01:36:16] [Worker-Main-7/DEBUG]: SUB [5, -3] 0 light SLEEPING true light_queue 0...
[01:36:16] [Worker-Main-7/DEBUG]: SUB [5, -11] 0 light SLEEPING true light_queue 0...
[01:36:16] [Worker-Main-7/DEBUG]: SUB [-5, 10] 0 light SLEEPING true light_queue 0...
[01:36:16] [Worker-Main-7/DEBUG]: SUB [9, -5] 0 light SLEEPING true light_queue 0...
[01:36:16] [Worker-Main-7/DEBUG]: SUB [-9, 4] 0 light SLEEPING true light_queue 0...
[01:36:16] [Worker-Main-7/DEBUG]: SUB [-10, -11] 0 light SLEEPING true light_queue 0...
[01:36:16] [Worker-Main-7/DEBUG]: SUB [8, -1] 0 light SLEEPING true light_queue 0...
[01:36:16] [Worker-Main-7/DEBUG]: SUB [10, 10] 0 light SLEEPING true light_queue 0...
[01:36:16] [Worker-Main-7/DEBUG]: SUB [6, 1] 0 light SLEEPING true light_queue 0...
[01:36:16] [Worker-Main-7/DEBUG]: SUB [-6, -2] 0 light SLEEPING true light_queue 0...
[01:36:16] [Worker-Main-7/DEBUG]: SUB [-3, 7] 0 light SLEEPING true light_queue 0...
[01:36:16] [Worker-Main-7/DEBUG]: SUB [3, -8] 0 light SLEEPING true light_queue 0...
[01:36:16] [Worker-Main-7/DEBUG]: SUB [-8, 0] 0 light SLEEPING true light_queue 0...
[01:36:16] [Worker-Main-7/DEBUG]: SUB [3, 11] 0 light SLEEPING true light_queue 0...
[01:36:16] [Worker-Main-7/DEBUG]: SUB [-7, 8] 0 light SLEEPING true light_queue 0...
[01:36:16] [Worker-Main-7/DEBUG]: SUB [7, -9] 0 light SLEEPING true light_queue 0...
[01:36:16] [Worker-Main-7/DEBUG]: SUB [4, -3] 0 light SLEEPING true light_queue 0...
[01:36:16] [Worker-Main-7/DEBUG]: SUB [-4, 2] 0 light SLEEPING true light_queue 0...
[01:36:16] [Worker-Main-7/DEBUG]: SUB [0, 9] 0 light SLEEPING true light_queue 0...
[01:36:16] [Worker-Main-7/DEBUG]: SUB [0, -9] 0 light SLEEPING true light_queue 0...
[01:36:16] [Worker-Main-7/DEBUG]: SUB [10, -10] 0 light SLEEPING true light_queue 0...
[01:36:16] [Worker-Main-7/DEBUG]: SUB [-10, 9] 0 light SLEEPING true light_queue 0...
[01:36:16] [Worker-Main-7/DEBUG]: SUB [-2, 6] 0 light SLEEPING true light_queue 0...
[01:36:16] [Worker-Main-7/DEBUG]: SUB [-4, -3] 0 light SLEEPING true light_queue 0...
[01:36:16] [Worker-Main-7/DEBUG]: SUB [2, -7] 0 light SLEEPING true light_queue 0...
[01:36:16] [Worker-Main-7/DEBUG]: SUB [11, 2] 0 light SLEEPING true light_queue 0...
[01:36:16] [Worker-Main-7/DEBUG]: SUB [-11, -3] 0 light SLEEPING true light_queue 0...
[01:36:16] [Worker-Main-7/DEBUG]: SUB [4, 2] 0 light SLEEPING true light_queue 0...
[01:36:16] [Worker-Main-7/DEBUG]: SUB [2, -6] 0 light SLEEPING true light_queue 0...
[01:36:16] [Worker-Main-7/DEBUG]: SUB [-2, 5] 0 light SLEEPING true light_queue 0...
[01:36:16] [Worker-Main-7/DEBUG]: SUB [3, -2] 0 light SLEEPING true light_queue 0...
[01:36:16] [Worker-Main-7/DEBUG]: SUB [-3, 1] 0 light SLEEPING true light_queue 0...
[01:36:16] [Worker-Main-7/DEBUG]: SUB [-9, -10] 0 light SLEEPING true light_queue 0...
[01:36:16] [Worker-Main-7/DEBUG]: SUB [9, 9] 0 light SLEEPING true light_queue 0...
[01:36:16] [Worker-Main-7/DEBUG]: SUB [11, -3] 0 light SLEEPING true light_queue 0...
[01:36:16] [Worker-Main-7/DEBUG]: SUB [-11, 2] 0 light SLEEPING true light_queue 0...
[01:36:16] [Worker-Main-7/DEBUG]: SUB [-5, 1] 0 light SLEEPING true light_queue 0...
[01:36:16] [Worker-Main-7/DEBUG]: SUB [5, -2] 0 light SLEEPING true light_queue 0...
[01:36:16] [Worker-Main-7/DEBUG]: SUB [-4, -4] 0 light SLEEPING true light_queue 0...
[01:36:16] [Worker-Main-7/DEBUG]: SUB [4, 3] 0 light SLEEPING true light_queue 0...
[01:36:16] [Worker-Main-7/DEBUG]: SUB [-2, -5] 0 light SLEEPING true light_queue 0...
[01:36:16] [Worker-Main-7/DEBUG]: SUB [2, 4] 0 light SLEEPING true light_queue 0...
[01:36:16] [Worker-Main-7/DEBUG]: SUB [10, 7] 0 light SLEEPING true light_queue 0...
[01:36:16] [Worker-Main-7/DEBUG]: SUB [-10, -8] 0 light SLEEPING true light_queue 0...
[01:36:16] [Worker-Main-7/DEBUG]: SUB [9, -4] 0 light SLEEPING true light_queue 0...
[01:36:16] [Worker-Main-7/DEBUG]: SUB [-9, 3] 0 light SLEEPING true light_queue 0...
[01:36:16] [Worker-Main-7/DEBUG]: SUB [7, 11] 0 light SLEEPING true light_queue 0...
[01:36:16] [Worker-Main-7/DEBUG]: SUB [-6, -1] 0 light SLEEPING true light_queue 0...
[01:36:16] [Worker-Main-7/DEBUG]: SUB [0, 11] 0 light SLEEPING true light_queue 0...
[01:36:16] [Worker-Main-7/DEBUG]: SUB [0, -11] 0 light SLEEPING true light_queue 0...
[01:36:16] [Worker-Main-7/DEBUG]: SUB [6, 0] 0 light SLEEPING true light_queue 0...
[01:36:16] [Worker-Main-7/DEBUG]: SUB [-1, -1] 0 light SLEEPING true light_queue 0...
[01:36:16] [Worker-Main-7/DEBUG]: SUB [5, 4] 0 light SLEEPING true light_queue 0...
[01:36:16] [Worker-Main-7/DEBUG]: SUB [1, 0] 0 light SLEEPING true light_queue 0...
[01:36:16] [Worker-Main-7/DEBUG]: SUB [-5, -5] 0 light SLEEPING true light_queue 0...
[01:36:16] [Worker-Main-7/DEBUG]: SUB [-3, -9] 0 light SLEEPING true light_queue 0...
[01:36:16] [Worker-Main-7/DEBUG]: SUB [3, 8] 0 light SLEEPING true light_queue 0...
[01:36:16] [Worker-Main-7/DEBUG]: SUB [2, -1] 0 light SLEEPING true light_queue 0...
[01:36:16] [Worker-Main-7/DEBUG]: SUB [-2, 0] 0 light SLEEPING true light_queue 0...
[01:36:16] [Worker-Main-7/DEBUG]: SUB [-6, -6] 0 light SLEEPING true light_queue 0...
[01:36:16] [Worker-Main-7/DEBUG]: SUB [6, 5] 0 light SLEEPING true light_queue 0...
[01:36:16] [Worker-Main-7/DEBUG]: SUB [8, -8] 0 light SLEEPING true light_queue 0...
[01:36:16] [Worker-Main-7/DEBUG]: SUB [-8, 7] 0 light SLEEPING true light_queue 0...
[01:36:16] [Worker-Main-7/DEBUG]: SUB [8, -3] 0 light SLEEPING true light_queue 0...
[01:36:16] [Worker-Main-7/DEBUG]: SUB [4, -10] 0 light SLEEPING true light_queue 0...
[01:36:16] [Worker-Main-7/DEBUG]: SUB [-2, -10] 0 light SLEEPING true light_queue 0...
[01:36:16] [Worker-Main-7/DEBUG]: SUB [-4, -10] 0 light SLEEPING true light_queue 0...
[01:36:16] [Worker-Main-7/DEBUG]: SUB [-7, 1] 0 light SLEEPING true light_queue 0...
[01:36:16] [Worker-Main-7/DEBUG]: SUB [-8, 2] 0 light SLEEPING true light_queue 0...
[01:36:16] [Worker-Main-7/DEBUG]: SUB [4, 9] 0 light SLEEPING true light_queue 0...
[01:36:16] [Worker-Main-7/DEBUG]: SUB [-7, 6] 0 light SLEEPING true light_queue 0...
[01:36:16] [Worker-Main-7/DEBUG]: SUB [-1, -7] 0 light SLEEPING true light_queue 0...
[01:36:16] [Worker-Main-7/DEBUG]: SUB [1, 6] 0 light SLEEPING true light_queue 0...
[01:36:16] [Worker-Main-7/DEBUG]: SUB [7, -7] 0 light SLEEPING true light_queue 0...
[01:36:16] [Worker-Main-7/DEBUG]: SUB [7, -2] 0 light SLEEPING true light_queue 0...
[01:36:16] [Worker-Main-7/DEBUG]: SUB [-4, 9] 0 light SLEEPING true light_queue 0...
[01:36:16] [Worker-Main-7/DEBUG]: SUB [2, 9] 0 light SLEEPING true light_queue 0...
[01:36:16] [Worker-Main-7/DEBUG]: SUB [-9, 9] 0 light SLEEPING true light_queue 0...
[01:36:16] [Worker-Main-7/DEBUG]: SUB [9, -10] 0 light SLEEPING true light_queue 0...
[01:36:16] [Worker-Main-7/DEBUG]: SUB [-7, 11] 0 light SLEEPING true light_queue 0...
[01:36:16] [Worker-Main-7/DEBUG]: SUB [11, -8] 0 light SLEEPING true light_queue 0...
[01:36:16] [Worker-Main-7/DEBUG]: SUB [10, -3] 0 light SLEEPING true light_queue 0...
[01:36:16] [Worker-Main-7/DEBUG]: SUB [-10, 2] 0 light SLEEPING true light_queue 0...
[01:36:16] [Worker-Main-7/DEBUG]: SUB [-11, 7] 0 light SLEEPING true light_queue 0...
[01:36:16] [Worker-Main-7/DEBUG]: SUB [-6, 7] 0 light SLEEPING true light_queue 0...
[01:36:16] [Worker-Main-7/DEBUG]: SUB [8, 8] 0 light SLEEPING true light_queue 0...
[01:36:16] [Worker-Main-7/DEBUG]: SUB [6, -8] 0 light SLEEPING true light_queue 0...
[01:36:16] [Worker-Main-7/DEBUG]: SUB [-8, -9] 0 light SLEEPING true light_queue 0...
[01:36:16] [Worker-Main-7/DEBUG]: SUB [3, -9] 0 light SLEEPING true light_queue 0...
[01:36:16] [Worker-Main-7/DEBUG]: SUB [-3, 8] 0 light SLEEPING true light_queue 0...
[01:36:16] [Worker-Main-7/DEBUG]: SUB [8, -2] 0 light SLEEPING true light_queue 0...
[01:36:16] [Worker-Main-7/DEBUG]: SUB [-9, 2] 0 light SLEEPING true light_queue 0...
[01:36:16] [Worker-Main-7/DEBUG]: SUB [9, -3] 0 light SLEEPING true light_queue 0...
[01:36:16] [Worker-Main-7/DEBUG]: SUB [11, 1] 0 light SLEEPING true light_queue 0...
[01:36:16] [Worker-Main-7/DEBUG]: SUB [-11, -2] 0 light SLEEPING true light_queue 0...
[01:36:16] [Worker-Main-7/DEBUG]: SUB [-8, 1] 0 light SLEEPING true light_queue 0...
[01:36:16] [Worker-Main-7/DEBUG]: SUB [10, 6] 0 light SLEEPING true light_queue 0...
[01:36:16] [Worker-Main-7/DEBUG]: SUB [-8, -8] 0 light SLEEPING true light_queue 0...
[01:36:16] [Worker-Main-7/DEBUG]: SUB [-4, 8] 0 light SLEEPING true light_queue 0...
[01:36:16] [Worker-Main-7/DEBUG]: SUB [-10, -7] 0 light SLEEPING true light_queue 0...
[01:36:16] [Worker-Main-7/DEBUG]: SUB [4, -9] 0 light SLEEPING true light_queue 0...
[01:36:16] [Worker-Main-7/DEBUG]: SUB [2, 8] 0 light SLEEPING true light_queue 0...
[01:36:16] [Worker-Main-7/DEBUG]: SUB [-2, -9] 0 light SLEEPING true light_queue 0...
[01:36:16] [Worker-Main-7/DEBUG]: SUB [-7, 0] 0 light SLEEPING true light_queue 0...
[01:36:16] [Worker-Main-7/DEBUG]: SUB [8, 7] 0 light SLEEPING true light_queue 0...
[01:36:16] [Worker-Main-7/DEBUG]: SUB [4, -4] 0 light SLEEPING true light_queue 0...
[01:36:16] [Worker-Main-7/DEBUG]: SUB [7, -1] 0 light SLEEPING true light_queue 0...
[01:36:16] [Worker-Main-7/DEBUG]: SUB [-4, 3] 0 light SLEEPING true light_queue 0...
[01:36:16] [Worker-Main-7/DEBUG]: SUB [1, 7] 0 light SLEEPING true light_queue 0...
[01:36:16] [Worker-Main-7/DEBUG]: SUB [-1, -8] 0 light SLEEPING true light_queue 0...
[01:36:16] [Worker-Main-7/DEBUG]: SUB [3, 9] 0 light SLEEPING true light_queue 0...
[01:36:16] [Worker-Main-7/DEBUG]: SUB [-3, -10] 0 light SLEEPING true light_queue 0...
[01:36:16] [Worker-Main-7/DEBUG]: SUB [3, -4] 0 light SLEEPING true light_queue 0...
[01:36:16] [Worker-Main-7/DEBUG]: SUB [7, 6] 0 light SLEEPING true light_queue 0...
[01:36:16] [Worker-Main-7/DEBUG]: SUB [-7, -7] 0 light SLEEPING true light_queue 0...
[01:36:16] [Worker-Main-7/DEBUG]: SUB [-6, 6] 0 light SLEEPING true light_queue 0...
[01:36:16] [Worker-Main-7/DEBUG]: SUB [6, -7] 0 light SLEEPING true light_queue 0...
[01:36:16] [Worker-Main-7/DEBUG]: SUB [-3, 3] 0 light SLEEPING true light_queue 0...
[01:36:16] [Worker-Main-7/DEBUG]: SUB [-4, -5] 0 light SLEEPING true light_queue 0...
[01:36:16] [Worker-Main-7/DEBUG]: SUB [4, 4] 0 light SLEEPING true light_queue 0...
[01:36:16] [Worker-Main-7/DEBUG]: SUB [10, 11] 0 light SLEEPING true light_queue 0...
[01:36:16] [Worker-Main-7/DEBUG]: SUB [11, 7] 0 light SLEEPING true light_queue 0...
[01:36:16] [Worker-Main-7/DEBUG]: SUB [-2, 11] 0 light SLEEPING true light_queue 0...
[01:36:16] [Worker-Main-7/DEBUG]: SUB [0, 10] 0 light SLEEPING true light_queue 0...
[01:36:16] [Worker-Main-7/DEBUG]: SUB [0, -10] 0 light SLEEPING true light_queue 0...
[01:36:16] [Worker-Main-7/DEBUG]: SUB [10, -9] 0 light SLEEPING true light_queue 0...
[01:36:16] [Worker-Main-7/DEBUG]: SUB [5, 3] 0 light SLEEPING true light_queue 0...
[01:36:16] [Worker-Main-7/DEBUG]: SUB [-5, -4] 0 light SLEEPING true light_queue 0...
[01:36:16] [Worker-Main-7/DEBUG]: SUB [-11, -8] 0 light SLEEPING true light_queue 0...
[01:36:16] [Worker-Main-7/DEBUG]: SUB [-10, 8] 0 light SLEEPING true light_queue 0...
[01:36:16] [Worker-Main-7/DEBUG]: SUB [5, 8] 0 light SLEEPING true light_queue 0...
[01:36:16] [Worker-Main-7/DEBUG]: SUB [-5, -9] 0 light SLEEPING true light_queue 0...
[01:36:16] [Worker-Main-7/DEBUG]: SUB [11, -9] 0 light SLEEPING true light_queue 0...
[01:36:16] [Worker-Main-7/DEBUG]: SUB [2, -2] 0 light SLEEPING true light_queue 0...
[01:36:16] [Worker-Main-7/DEBUG]: SUB [-4, 10] 0 light SLEEPING true light_queue 0...
[01:36:16] [Worker-Main-7/DEBUG]: SUB [-11, 8] 0 light SLEEPING true light_queue 0...
[01:36:16] [Worker-Main-7/DEBUG]: SUB [-2, 1] 0 light SLEEPING true light_queue 0...
[01:36:16] [Worker-Main-7/DEBUG]: SUB [4, -11] 0 light SLEEPING true light_queue 0...
[01:36:16] [Worker-Main-7/DEBUG]: SUB [-5, 11] 0 light SLEEPING true light_queue 0...
[01:36:16] [Worker-Main-7/DEBUG]: SUB [10, 1] 0 light SLEEPING true light_queue 0...
[01:36:16] [Worker-Main-7/DEBUG]: SUB [1, -6] 0 light SLEEPING true light_queue 0...
[01:36:16] [Worker-Main-7/DEBUG]: SUB [6, 6] 0 light SLEEPING true light_queue 0...
[01:36:16] [Worker-Main-7/DEBUG]: SUB [-6, -7] 0 light SLEEPING true light_queue 0...
[01:36:16] [Worker-Main-7/DEBUG]: SUB [-10, -2] 0 light SLEEPING true light_queue 0...
[01:36:16] [Worker-Main-7/DEBUG]: SUB [0, 5] 0 light SLEEPING true light_queue 0...
[01:36:16] [Worker-Main-7/DEBUG]: SUB [-1, 5] 0 light SLEEPING true light_queue 0...
[01:36:16] [Worker-Main-7/DEBUG]: SUB [0, -5] 0 light SLEEPING true light_queue 0...
[01:36:16] [Worker-Main-7/DEBUG]: SUB [-5, 6] 0 light SLEEPING true light_queue 0...
[01:36:16] [Worker-Main-7/DEBUG]: SUB [5, -7] 0 light SLEEPING true light_queue 0...
[01:36:16] [Worker-Main-7/DEBUG]: SUB [7, 5] 0 light SLEEPING true light_queue 0...
[01:36:16] [Worker-Main-7/DEBUG]: SUB [-7, -6] 0 light SLEEPING true light_queue 0...
[01:36:16] [Worker-Main-7/DEBUG]: SUB [1, -1] 0 light SLEEPING true light_queue 0...
[01:36:16] [Worker-Main-7/DEBUG]: SUB [-1, 0] 0 light SLEEPING true light_queue 0...
[01:36:16] [Worker-Main-7/DEBUG]: SUB [2, -11] 0 light SLEEPING true light_queue 0...
[01:36:16] [Worker-Main-7/DEBUG]: SUB [-2, 10] 0 light SLEEPING true light_queue 0...
[01:36:16] [Worker-Main-7/DEBUG]: SUB [-3, -4] 0 light SLEEPING true light_queue 0...
[01:36:16] [Worker-Main-7/DEBUG]: SUB [3, 3] 0 light SLEEPING true light_queue 0...
[01:36:16] [Worker-Main-7/DEBUG]: SUB [-7, -1] 0 light SLEEPING true light_queue 0...
[01:36:16] [Worker-Main-7/DEBUG]: SUB [7, 0] 0 light SLEEPING true light_queue 0...
[01:36:16] [Worker-Main-7/DEBUG]: SUB [-8, 11] 0 light SLEEPING true light_queue 0...
[01:36:16] [Worker-Main-7/DEBUG]: SUB [3, -10] 0 light SLEEPING true light_queue 0...
[01:36:16] [Worker-Main-7/DEBUG]: SUB [-3, 9] 0 light SLEEPING true light_queue 0...
[01:36:16] [Worker-Main-7/DEBUG]: SUB [-9, -3] 0 light SLEEPING true light_queue 0...
[01:36:16] [Worker-Main-7/DEBUG]: SUB [9, 2] 0 light SLEEPING true light_queue 0...
[01:36:16] [Worker-Main-7/DEBUG]: SUB [-9, 10] 0 light SLEEPING true light_queue 0...
[01:36:16] [Worker-Main-7/DEBUG]: SUB [9, -11] 0 light SLEEPING true light_queue 0...
[01:37:17] [Worker-Main-7/DEBUG]: Worker-Main-7 shutdown
[01:37:17] [Worker-Main-2/DEBUG]: Worker-Main-2 shutdown
[01:37:17] [Worker-Main-6/DEBUG]: Worker-Main-6 shutdown
[01:37:17] [Worker-Main-5/DEBUG]: Worker-Main-5 shutdown
[01:37:17] [Worker-Main-3/DEBUG]: Worker-Main-3 shutdown
[01:37:17] [Worker-Main-4/DEBUG]: Worker-Main-4 shutdown
[01:37:17] [Worker-Main-1/DEBUG]: Worker-Main-1 shutdown
[01:41:16] [Server thread/DEBUG]: Autosave started
[01:41:16] [Server thread/DEBUG]: Autosave finished
